patient,stage,run,trial,onset_sample_0based,label,hand,channel,column_1based,baseline_mu_power_original_units_squared,early_mu_power_original_units_squared,full_task_mu_power_original_units_squared,early_change_db,full_task_change_db
P1,pre,training,1,65838,-1,right,C3,5,0.4789850640202738,3.393226530456606,2.5259471986458157,8.502908827275563,7.221022967895349
P1,pre,training,1,65838,-1,right,C4,9,2.626649550770376,10.55451625477733,5.24503182378624,6.040362002684104,3.00345994773389
P1,pre,training,2,68312,-1,right,C3,5,3.056986421195469,1.4521203228472395,3.2893062012290133,-3.2329090609818802,0.3181079415912227
P1,pre,training,2,68312,-1,right,C4,9,7.642052611978483,6.8758502460299535,8.406437622874144,-0.45883613964653486,0.4140197150994715
P1,pre,training,3,70768,-1,right,C3,5,3.885450101727571,5.858009564935584,3.317965329840759,1.7830874048605065,-0.6856949230226088
P1,pre,training,3,70768,-1,right,C4,9,10.041507116308468,5.747198347780406,8.427817417369633,-2.4234271457713024,-0.7608378201726334
P1,pre,training,4,73224,-1,right,C3,5,10.439651795187782,3.6351767904412693,3.4945489778289236,-4.581604765636013,-4.752948817179059
P1,pre,training,4,73224,-1,right,C4,9,10.957723893523237,8.472847232404304,8.667119988161787,-1.116909770946639,-1.0184554412593063
P1,pre,training,5,75688,-1,right,C3,5,5.910207447273505,1.804071840144772,5.199552660329388,-5.153488971720562,-0.5563674377383411
P1,pre,training,5,75688,-1,right,C4,9,7.505106915073006,5.290780009065574,7.205903355717456,-1.5183717950930384,-0.17668450281496076
P1,pre,training,6,78019,1,left,C3,5,8.709839129000954,17.504954478209278,7.688477703730291,3.0315085206665433,-0.5416977438296882
P1,pre,training,6,78019,1,left,C4,9,13.375191770061026,15.708331577444616,8.883086817725328,0.6983004240790063,-1.7773611088865091
P1,pre,training,7,80608,-1,right,C3,5,6.235278825488265,6.910547930286631,9.35144163400958,0.44656604734270056,1.7602268883230687
P1,pre,training,7,80608,-1,right,C4,9,10.485487966088721,8.764318524653874,9.568728738859987,-0.7787049326575533,-0.3973440308835707
P1,pre,training,8,83032,1,left,C3,5,5.467602210603849,87.53948630058264,28.912249874459107,12.044070833297999,7.232849782013538
P1,pre,training,8,83032,1,left,C4,9,5.943183536748777,107.51185937521952,30.069529871969102,12.574372305758228,7.0410749579000385
P1,pre,training,9,85534,-1,right,C3,5,8.821052112046964,3.126686916773706,4.223488179352978,-4.504359913695798,-3.1984910474057786
P1,pre,training,9,85534,-1,right,C4,9,3.657042185618235,8.267862589238424,9.927381846851814,3.5426327995134517,4.3370475675718865
P1,pre,training,10,88008,1,left,C3,5,7.3040664896282985,9.060114980799064,4.438091708086205,0.9356899132017832,-2.1636844578200938
P1,pre,training,10,88008,1,left,C4,9,5.154698889062356,23.178122767890606,9.152554939107809,6.52874957752733,2.4933904334102723
P1,pre,training,11,90464,-1,right,C3,5,1.7618733778036357,10.886639152262537,6.314415251313378,7.909191347147702,5.543584454061593
P1,pre,training,11,90464,-1,right,C4,9,13.752392841183928,15.388075997136191,10.055853004995367,0.4880605288452663,-1.3595935333659677
P1,pre,training,12,92912,-1,right,C3,5,17.56935641651433,2.7653729531644613,5.796023891871176,-8.030021422406293,-4.816256861216502
P1,pre,training,12,92912,-1,right,C4,9,79.91667992123911,9.167944040610434,12.360195448667302,-9.403654793725563,-8.10612094956214
P1,pre,training,13,95366,-1,right,C3,5,7.493964592408695,5.06595969236985,3.561692795370962,-1.7004990682519598,-3.2305517901004563
P1,pre,training,13,95366,-1,right,C4,9,12.654592337485465,18.484306029704456,7.000475737466048,1.6455499106808449,-2.5712060435263533
P1,pre,training,14,97832,1,left,C3,5,15.539370660772708,16.887525026689755,6.534760066903835,0.361325795967526,-3.762037795782478
P1,pre,training,14,97832,1,left,C4,9,4.875076436424137,45.54507826283114,16.439296354959623,9.704600232858525,5.279017952578247
P1,pre,training,15,100288,-1,right,C3,5,2.06437283789219,7.691978370554773,4.197219952464548,5.712499181743906,3.0817359253542254
P1,pre,training,15,100288,-1,right,C4,9,9.280609038852665,13.796925623899856,8.52292046579496,1.7220584543960586,-0.36988041965793583
P1,pre,training,16,102768,-1,right,C3,5,5.334701178334765,2.1326243383952788,5.447118324060141,-3.981957363197839,0.09056711691952296
P1,pre,training,16,102768,-1,right,C4,9,9.17154812462146,6.659476714791197,13.304841807872739,-1.3900254449297733,1.6156706601866384
P1,pre,training,17,105198,-1,right,C3,5,2.6302182738555535,1.9140039324531675,3.365132946185081,-1.3804896504045843,1.0701043578506646
P1,pre,training,17,105198,-1,right,C4,9,10.382240540790326,8.850816448662949,7.571807005884391,-0.6930775231442426,-1.370915506933754
P1,pre,training,18,107669,-1,right,C3,5,1.6338500546420514,6.4531738762830075,4.351172534725256,5.9656117005131515,4.2539410750545645
P1,pre,training,18,107669,-1,right,C4,9,3.348452957268254,15.199914848444045,10.430416947851324,6.569969531163652,4.934574674887118
P1,pre,training,19,110120,1,left,C3,5,1.6560765711710936,5.179879787690279,2.7125492779441993,4.952392677856497,2.1429722343941617
P1,pre,training,19,110120,1,left,C4,9,3.838185291821783,22.3396035438575,10.211796174037985,7.649495246577488,4.249762009048087
P1,pre,training,20,112592,-1,right,C3,5,3.0775820042976765,2.0449591095569506,2.013861433568844,-1.7752500543739205,-1.8418004880135825
P1,pre,training,20,112592,-1,right,C4,9,13.691009053797796,7.2092384455094285,5.977178190779689,-2.785460676073452,-3.5993925450377513
P1,pre,training,21,115040,1,left,C3,5,0.42820932305957893,3.34387576989118,3.177920619970033,8.925940157529572,8.704869263274581
P1,pre,training,21,115040,1,left,C4,9,5.193294587686086,4.592586829956065,7.647033093715415,-0.5338558242101153,1.6805001118410643
P1,pre,training,22,117488,1,left,C3,5,1.0753086556133007,5.127892469955489,3.000024345945361,6.784057679714262,4.455916375048265
P1,pre,training,22,117488,1,left,C4,9,5.240124286564308,6.6563819319366235,7.2057171979815315,1.0389664527054834,1.3833562560169852
P1,pre,training,23,119936,1,left,C3,5,2.2102400210806317,16.5448442024725,6.780980337318523,8.74223243434107,4.86853046595045
P1,pre,training,23,119936,1,left,C4,9,10.38070129768126,9.16181252817782,8.59938450071213,-0.5424529363360074,-0.8175932668536473
P1,pre,training,24,122408,-1,right,C3,5,1.925746899519547,4.726569909751657,3.2543418658099874,3.8994687852675565,2.2786396594517133
P1,pre,training,24,122408,-1,right,C4,9,2.346805081670142,20.221165232602765,14.496188354238555,9.353291579891312,7.907768033675006
P1,pre,training,25,124848,1,left,C3,5,1.7665775158271315,34.762110807599456,10.541431802102247,12.939734409518884,7.757669047917371
P1,pre,training,25,124848,1,left,C4,9,7.575724934275445,46.06088822720188,19.27201994405292,7.839081109842862,4.055030388731841
P1,pre,training,26,127296,1,left,C3,5,10.621266684430235,1.1059332921986094,3.574320554246234,-9.824473815355393,-4.729828149130438
P1,pre,training,26,127296,1,left,C4,9,7.623567448433949,5.2641111674944945,9.10436584778278,-1.6083319487700316,0.770914539829114
P1,pre,training,27,129748,-1,right,C3,5,1.9174351553679183,2.3119133993509475,3.616338135073591,0.8125087634808197,2.7554834541647555
P1,pre,training,27,129748,-1,right,C4,9,5.581983579940015,11.581647416523088,12.605695089169645,3.1698178481848176,3.53778243428053
P1,pre,training,28,132212,-1,right,C3,5,4.054956766631573,1.5824590291858993,3.2974164261257055,-4.086537534961412,-0.898124311346367
P1,pre,training,28,132212,-1,right,C4,9,12.547298830150655,4.522559334254325,6.281330634975705,-4.431659680535836,-3.004985871201302
P1,pre,training,29,134696,1,left,C3,5,5.470956356995952,6.3659028444266195,2.997045075812252,0.6579675586007896,-2.6136997550949865
P1,pre,training,29,134696,1,left,C4,9,13.691033915445487,21.146588815590086,10.291311023535826,1.8880407444502239,-1.239655426672393
P1,pre,training,30,137160,-1,right,C3,5,2.685567162538991,5.345548217045584,3.777431481005814,2.989562332656845,1.4816057740897
P1,pre,training,30,137160,-1,right,C4,9,6.918076811273117,8.558835574292711,8.810238860873838,0.9242930345996212,1.0500230338083822
P1,pre,training,31,139624,-1,right,C3,5,2.0963050754312147,11.59192001709711,5.904824202193474,7.4270089007306295,4.497524865533916
P1,pre,training,31,139624,-1,right,C4,9,2.6504068664934635,17.121658694647934,10.1953729985279,8.102332875027061,5.85090571086892
P1,pre,training,32,142416,-1,right,C3,5,6.091450280963209,1.826092662891136,6.0754271786371685,-5.231978922922367,-0.0114388411804605
P1,pre,training,32,142416,-1,right,C4,9,9.644038094648614,14.945287143798613,16.469403527396732,1.9024534635179682,2.3241895340218726
P1,pre,training,33,144851,1,left,C3,5,0.9155300287443051,5.509089381193717,2.9211486179310437,7.794072251339092,5.038810595092659
P1,pre,training,33,144851,1,left,C4,9,4.6130695925995076,9.63826454465252,6.392004565347291,3.2000883594547718,1.4164707008284334
P1,pre,training,34,147336,-1,right,C3,5,0.9019797827104907,3.173930630215685,5.1390471937425755,5.464006273105726,7.5568580276491755
P1,pre,training,34,147336,-1,right,C4,9,5.041376389391297,10.016946782431136,9.256152589128119,2.9818624338618855,2.638813823209452
P1,pre,training,35,149784,1,left,C3,5,1.5346453761811458,5.699500059621281,4.618858528768239,5.698287273239673,4.785266252110315
P1,pre,training,35,149784,1,left,C4,9,3.7450126659008403,12.352863562225787,10.57458398930648,5.183143537967059,4.508100001158507
P1,pre,training,36,152264,1,left,C3,5,7.25750028044171,4.558823041333282,2.521196013366843,-2.0193432665412816,-4.591804495582069
P1,pre,training,36,152264,1,left,C4,9,10.535224859409373,6.370749856219462,6.246244847624759,-2.1845325634478248,-2.2702480522999333
P1,pre,training,37,154728,-1,right,C3,5,2.6408163312252255,10.179249130559404,5.354794119260621,5.859775464960668,3.0700458068962195
P1,pre,training,37,154728,-1,right,C4,9,12.873689054583942,9.997453078082556,8.765321390253094,-1.098136406637536,-1.6693517055023708
P1,pre,training,38,157184,1,left,C3,5,4.412713194515397,5.354998775867739,7.8120391379484575,0.8405367461238169,2.4805870913873935
P1,pre,training,38,157184,1,left,C4,9,10.106521307635568,11.24100951695374,20.3350357248325,0.46203619540055607,3.036432437555432
P1,pre,training,39,159664,1,left,C3,5,3.167747788904245,3.0281263665234817,2.582262551669584,-0.19576601732469545,-0.8875019936264877
P1,pre,training,39,159664,1,left,C4,9,11.667178202017627,13.053292027323767,6.874727515942131,0.4875422288637775,-2.2971034192580415
P1,pre,training,40,162089,1,left,C3,5,1.7363525588717161,2.1039642057448678,2.1632292396981754,0.8340043558429157,0.9546463311597447
P1,pre,training,40,162089,1,left,C4,9,6.380023616881861,4.673555029336188,4.4550497361455275,-1.3517492564001992,-1.559697294878556
P1,pre,training,41,172680,-1,right,C3,5,1.6782086465703587,2.75624165317136,3.0262531770684538,2.154713372640282,2.5605930402803683
P1,pre,training,41,172680,-1,right,C4,9,15.619847676094068,4.868341845473252,9.037930098672485,-5.062957284051661,-2.376078162660481
P1,pre,training,42,175128,-1,right,C3,5,3.4032091116827727,3.332108820712376,4.978163568467648,-0.09169459084304518,1.6518052687203086
P1,pre,training,42,175128,-1,right,C4,9,9.934089392999377,4.808186852937968,11.031988950591646,-3.1514672710348113,0.45525754464185597
P1,pre,training,43,177576,1,left,C3,5,0.9133120828745909,4.794859777919271,5.007945903010069,7.201567077899858,7.390404255925112
P1,pre,training,43,177576,1,left,C4,9,5.117138181099239,8.859237585418414,11.317104815468783,2.383692040307468,3.4470819356485665
P1,pre,training,44,180035,1,left,C3,5,9.843330962681131,4.76674579637434,3.0250124081338567,-3.149200953996088,-5.124149272495812
P1,pre,training,44,180035,1,left,C4,9,6.97027966214707,6.75414329090611,6.656081747382466,-0.1367993317983512,-0.20031556097602127
P1,pre,training,45,182509,1,left,C3,5,2.7238987732677065,4.318116184591718,3.373438227563227,2.0010335932249643,0.9288179791962345
P1,pre,training,45,182509,1,left,C4,9,17.447066168504353,9.58592103833064,6.654193800945283,-2.6008856086972125,-4.186269627621942
P1,pre,training,46,185120,-1,right,C3,5,3.1350567693265043,9.615998947366215,3.9388433213032084,4.867489977143637,0.9912329645096634
P1,pre,training,46,185120,-1,right,C4,9,10.055034682422647,16.852379645192375,8.501254755161053,2.242776612870181,-0.729005421535418
P1,pre,training,47,187576,1,left,C3,5,1.9313676665667154,3.226436556760821,5.216016535859469,2.2285817323547232,4.314740030154287
P1,pre,training,47,187576,1,left,C4,9,4.745374980737032,8.57049780922188,12.815166973596783,2.5673551205852805,4.314537329625033
P1,pre,training,48,190032,-1,right,C3,5,4.739238022282337,1.9829283754707527,7.457530787594417,-3.7840149362384263,1.968865338322239
P1,pre,training,48,190032,-1,right,C4,9,7.990577211370621,2.6099212020220013,12.568992138775927,-4.859507569184842,1.9672230224320826
P1,pre,training,49,192488,-1,right,C3,5,4.240446884144925,6.843286565390228,4.613264545718172,2.0785309902921547,0.36596732152248646
P1,pre,training,49,192488,-1,right,C4,9,24.58913810709761,5.215522715265004,7.699461688867197,-6.734454649795877,-5.042829438628394
P1,pre,training,50,194928,1,left,C3,5,1.6970391643719434,16.26687529474306,9.222680445500648,9.816122721821731,7.35165296022943
P1,pre,training,50,194928,1,left,C4,9,6.479379452787951,36.83618910835868,25.5085474610594,7.547412795321274,5.951523148483309
P1,pre,training,51,197392,-1,right,C3,5,3.5835299712183337,3.875945052848539,3.66693854568431,0.3406657058028123,0.09992590582467568
P1,pre,training,51,197392,-1,right,C4,9,4.500760088835978,20.094921205093208,12.293972001846946,6.498004439370751,4.36406356061762
P1,pre,training,52,199840,1,left,C3,5,11.851007602375326,3.2511787401868504,3.130510202572566,-5.617144303434998,-5.7814015319907615
P1,pre,training,52,199840,1,left,C4,9,25.544551692173115,3.131983027276936,6.581584798107895,-9.114788853207681,-5.88967804018384
P1,pre,training,53,202312,1,left,C3,5,3.839406994570818,3.1447971044584206,4.502318623399479,-0.8667152080449558,0.6917207447948642
P1,pre,training,53,202312,1,left,C4,9,6.672267773609658,9.45865090095652,8.891736642062272,1.5155572963523984,1.2471312393612501
P1,pre,training,54,204751,-1,right,C3,5,1.3646751992491617,1.5983834456874848,2.9484240149899454,0.6865167393069442,3.3456064085600405
P1,pre,training,54,204751,-1,right,C4,9,3.0359657010440926,8.787772738956118,7.938717844181745,4.615819562915433,4.174535058484514
P1,pre,training,55,207544,-1,right,C3,5,7.237903512185041,4.638320858548036,2.7079359925636934,-1.932520013566773,-4.2697439454838415
P1,pre,training,55,207544,-1,right,C4,9,7.130503795676863,9.29106252042603,6.1216526420549595,1.1494516709508364,-0.6625153239842625
P1,pre,training,56,210000,1,left,C3,5,1.4214562013445478,1.7068152793305507,2.4897829758908494,0.7945303946574536,2.4342801056459478
P1,pre,training,56,210000,1,left,C4,9,6.401748231339481,5.6928773589340285,6.134112919370123,-0.5096676221129851,-0.1854682376434616
P1,pre,training,57,212443,-1,right,C3,5,2.2715598093531706,1.4753549409917575,1.9698388973579002,-1.8742766063844591,-0.6189346713965126
P1,pre,training,57,212443,-1,right,C4,9,5.816095668583255,9.547712929250297,7.077980043527166,2.1526781102235573,0.8527779221158647
P1,pre,training,58,214920,1,left,C3,5,3.950354891313874,5.2386081118910095,4.041631901587594,1.2257979764804967,0.09920643427911303
P1,pre,training,58,214920,1,left,C4,9,12.235849384842002,8.754534784294458,9.476252891268011,-1.4540104983226483,-1.1099748031587091
P1,pre,training,59,217392,1,left,C3,5,0.697363254842991,5.397660169526311,4.123320382984421,8.887464784107589,7.717880209084459
P1,pre,training,59,217392,1,left,C4,9,1.450111696829322,13.401255460401831,10.626570981107484,9.657440303279653,8.649916918269277
P1,pre,training,60,219840,1,left,C3,5,5.162657321294737,6.087036347331517,4.0749661443169005,0.7153259595851836,-1.0274929421110766
P1,pre,training,60,219840,1,left,C4,9,19.178368657126004,14.129647621036286,10.85582255636654,-1.3268033149549563,-2.4714892666099773
P1,pre,training,61,222312,-1,right,C3,5,2.84320529040985,6.722194093309579,4.921854602137332,3.737028293561547,2.383205613808084
P1,pre,training,61,222312,-1,right,C4,9,6.809516025548341,14.236271683777513,10.10665696348132,3.2028002116094854,1.714912789954284
P1,pre,training,62,224736,1,left,C3,5,0.9674919762506689,3.6456662434390363,3.2803799505414277,5.761295350275052,5.302767769041989
P1,pre,training,62,224736,1,left,C4,9,3.666595322323311,11.985092265739453,10.396482419609587,5.143784016939563,4.526234434634491
P1,pre,training,63,227208,1,left,C3,5,1.801878253180261,3.7133797705445546,3.4702729867419695,3.140439233429672,2.8463819579949274
P1,pre,training,63,227208,1,left,C4,9,18.46583020529882,9.617274567753922,8.373511365622281,-2.83316822787331,-3.4346122373491044
P1,pre,training,64,229936,-1,right,C3,5,17.206159713523135,3.378559111340135,4.153790411900237,-7.06952428102222,-6.172393703307516
P1,pre,training,64,229936,-1,right,C4,9,3.5849344130367875,8.518594675349291,12.372966560678197,3.7588673991122623,5.3799262461059625
P1,pre,training,65,232392,1,left,C3,5,3.560138581414682,2.088341934133493,4.185669417756766,-2.316652943345641,0.7029802139583896
P1,pre,training,65,232392,1,left,C4,9,3.1226913425583556,3.7913023787943203,10.167676351704298,0.8425936415532878,5.126926544893331
P1,pre,training,66,234848,1,left,C3,5,2.9765069661641386,6.590898560900711,2.6945809185553746,3.4523772425476866,-0.4321567326610031
P1,pre,training,66,234848,1,left,C4,9,6.56007823756664,9.748837932474904,5.994488341796409,1.7204383167240354,-0.391568990308063
P1,pre,training,67,237274,1,left,C3,5,1.9368496235630204,6.672297538173587,2.883844153097254,5.371795010502547,1.7287588327893992
P1,pre,training,67,237274,1,left,C4,9,9.785099164547296,13.21055073740579,9.390483351790323,1.3035569212419287,-0.17877284190552525
P1,pre,training,68,239752,1,left,C3,5,1.0246806705603762,5.0092318846401565,3.123845798731943,6.891825924684327,4.8410104400268175
P1,pre,training,68,239752,1,left,C4,9,6.823646233890562,10.002334889060036,10.21809335442997,1.6608488799036512,1.7535336304403846
P1,pre,training,69,242216,1,left,C3,5,1.7485694263316371,6.823721949252047,5.828910999317095,5.913384415365369,5.229045437024412
P1,pre,training,69,242216,1,left,C4,9,3.4838893811217515,17.399390979292896,13.07801124952449,6.984696901600815,5.744773495682319
P1,pre,training,70,244656,1,left,C3,5,1.1577753602150078,3.9048217217299994,4.48465107252005,5.279769078768597,5.881043558192523
P1,pre,training,70,244656,1,left,C4,9,1.5029745327800192,13.337978815348992,11.358219613814255,9.481384015684807,8.78358639886544
P1,pre,training,71,247106,1,left,C3,5,4.44098516637347,4.212927003889552,3.4895793923909357,-0.22895388257484717,-1.0470623903171248
P1,pre,training,71,247106,1,left,C4,9,13.91022952737735,12.734760527191758,8.340917892903393,-0.38343513560821085,-2.221204501103879
P1,pre,training,72,249592,-1,right,C3,5,4.267794712278259,4.117220742487703,4.623981830836718,-0.1559936892120508,0.34812597929601885
P1,pre,training,72,249592,-1,right,C4,9,9.785270716722152,9.626857357011575,12.586600637474394,-0.07088308398605891,1.0933560737048282
P1,pre,training,73,252064,1,left,C3,5,2.4694628290936533,2.1687220197131247,1.886683111600735,-0.5639860443241727,-1.169035315143125
P1,pre,training,73,252064,1,left,C4,9,3.9860711246912315,10.334557317588226,7.907112399974263,4.137468346048746,2.974728686744235
P1,pre,training,74,254512,1,left,C3,5,2.0507518178054296,2.1331740525029224,1.9934616260188205,0.17113187187024892,-0.12305225241939424
P1,pre,training,74,254512,1,left,C4,9,4.226390311161939,5.077188963739057,7.894269012538854,0.7965372527960052,2.7134231966252633
P1,pre,training,75,256976,1,left,C3,5,7.259060113137998,1.815449388747514,3.0693905126473484,-6.0189624674315425,-3.7382824646418094
P1,pre,training,75,256976,1,left,C4,9,13.043739299813627,3.577410604524582,7.292866941116749,-5.618333201085656,-2.525038202432186
P1,pre,training,76,259896,-1,right,C3,5,3.72532249299404,3.071789774052135,2.7940854543009297,-0.8377238433157919,-1.2492419018968466
P1,pre,training,76,259896,-1,right,C4,9,10.455783001387978,4.715009329031947,11.623233910817323,-3.4587400498638114,0.45970416467590913
P1,pre,training,77,262356,-1,right,C3,5,3.3681081323726687,5.311349901519006,5.32329924983941,1.9781888686650297,1.9879485478947183
P1,pre,training,77,262356,-1,right,C4,9,8.169215099651584,13.426737953102371,14.601959525439382,2.157901815549458,2.522308088956104
P1,pre,training,78,264840,-1,right,C3,5,5.218969340785143,2.123737207508048,3.8851579353037624,-3.90483969689174,-1.2817606759579072
P1,pre,training,78,264840,-1,right,C4,9,9.99250768730036,8.11491529003031,9.418784000270144,-0.9039050036470069,-0.2567965364420267
P1,pre,training,79,267288,-1,right,C3,5,2.6981442339729504,2.418685435870592,2.8452992545417795,-0.4748577241268667,0.2306278816472289
P1,pre,training,79,267288,-1,right,C4,9,5.521421077875267,7.166626291528127,9.7070661850195,1.1326388966133658,2.450371219289065
P1,pre,training,80,269752,-1,right,C3,5,6.333073502252891,3.129840261728872,2.86501578471059,-3.060923555801712,-3.4448750947837854
P1,pre,training,80,269752,-1,right,C4,9,12.822173550700974,8.599718485455732,8.197535286421957,-1.734774161437325,-1.9427835607777968
P1,post,training,1,351,-1,right,C3,5,29.767602918829667,12.509513178611659,8.34682754535371,-3.7650345485838477,-5.52222423244043
P1,post,training,1,351,-1,right,C4,9,14.978662090368331,8.040091619545537,7.505317948367518,-2.7021202575408996,-3.0010392844239937
P1,post,training,2,2655,1,left,C3,5,17.88335191513736,8.320741060665508,5.800493157132559,-3.3228691575175824,-4.889840040489
P1,post,training,2,2655,1,left,C4,9,7.0782680474430295,7.088315471310336,5.039190683414025,0.006160330003034968,-1.4756621253425939
P1,post,training,3,4975,1,left,C3,5,11.818635492227038,5.83893018295784,7.135489211630686,-3.0623405608774235,-2.191435845873319
P1,post,training,3,4975,1,left,C4,9,6.07709215595887,2.5722560825346994,5.426383770008156,-3.733816193898893,-0.49185317138525475
P1,post,training,4,7295,-1,right,C3,5,44.44676228335693,14.864687721937159,8.339599140551956,-4.756843403949148,-7.266949544427947
P1,post,training,4,7295,-1,right,C4,9,39.02690675105548,18.01069440770749,9.57590399069617,-3.35833673232312,-6.1018434760305205
P1,post,training,5,9607,1,left,C3,5,5.443243328830648,7.970674968124449,8.282990089966646,1.6563735065021068,1.8232939277619677
P1,post,training,5,9607,1,left,C4,9,4.250547476084759,10.999481528232902,7.988201673327893,4.129273433764386,2.740041493575032
P1,post,training,6,11911,1,left,C3,5,6.9272507645404975,34.01493274879909,12.976619769391782,6.911087073900777,2.72600670208545
P1,post,training,6,11911,1,left,C4,9,4.635890392461272,17.800224221281375,9.953541136596636,5.842923136745004,3.3184445639109934
P1,post,training,7,14223,-1,right,C3,5,12.601778798426928,16.321107939843618,13.96751798924421,1.1231778491824915,0.4468738728818327
P1,post,training,7,14223,-1,right,C4,9,5.461515288800652,10.493081875682904,11.818388753474036,2.8358990785749345,3.3524511779688244
P1,post,training,8,16535,-1,right,C3,5,7.5166954706847235,4.812662989104926,3.929012724440872,-1.936415048215423,-2.8174352040274018
P1,post,training,8,16535,-1,right,C4,9,3.6513394211950407,6.043079932232894,3.773362225957177,2.1880613275842435,0.1427629156600199
P1,post,training,9,18847,1,left,C3,5,3.545255267539016,11.358931752990342,9.789368749013256,5.0568997924368535,4.4110717698677115
P1,post,training,9,18847,1,left,C4,9,1.9953049621772532,3.3545458560952714,5.737674941975858,2.2562445037355676,4.5872665779243125
P1,post,training,10,21151,1,left,C3,5,2.8644191755377864,34.57614374332212,14.54967827804487,10.817399826338098,7.058168179238102
P1,post,training,10,21151,1,left,C4,9,6.10432117966381,32.36952601623006,14.453170748932505,7.244989641085424,3.743257574295753
P1,post,training,11,23471,-1,right,C3,5,48.61300862514093,10.773710061045543,6.962282116509187,-6.543872163280793,-8.440008828693824
P1,post,training,11,23471,-1,right,C4,9,32.66730356994141,18.835865717101168,10.330250781018439,-2.3912770269678303,-5.000024236044318
P1,post,training,12,25783,-1,right,C3,5,8.288866320477302,25.192114849976267,12.826981325863285,4.827694920016036,1.8962932690740242
P1,post,training,12,25783,-1,right,C4,9,9.16430883195179,13.390941333623994,12.17131807202053,1.6471139114118885,1.2323789571412918
P1,post,training,13,28095,1,left,C3,5,6.126084061221392,4.401885525352237,5.175779496496444,-1.435442076566732,-0.732071860099555
P1,post,training,13,28095,1,left,C4,9,10.059189044258602,3.063437453063986,4.9224175561354615,-5.163539523401567,-3.10384518980815
P1,post,training,14,30407,-1,right,C3,5,14.495909334791914,8.111562089117704,4.740465910635635,-2.5214096723480237,-4.854244361800234
P1,post,training,14,30407,-1,right,C4,9,3.2304271183233015,7.116354764416193,5.721022443611425,3.4299764302638196,2.482137041418294
P1,post,training,15,32719,1,left,C3,5,3.4002402041942767,13.483973045955278,11.931590975458828,5.983082775865313,5.451887588588004
P1,post,training,15,32719,1,left,C4,9,3.042679234391747,9.284605430881259,7.764300017559561,4.8450728165849615,4.068461379206154
P1,post,training,16,35039,-1,right,C3,5,2.707591754434018,3.966793354811532,11.969454764017087,1.6585639418178342,6.454911849038152
P1,post,training,16,35039,-1,right,C4,9,2.145356368463383,2.8003145538841805,7.826504339784224,1.1570737369524806,5.6206838655316655
P1,post,training,17,37359,-1,right,C3,5,2.803954555890262,5.41626450367213,7.429566679507263,2.8592889432146578,4.23192514122492
P1,post,training,17,37359,-1,right,C4,9,3.480104631101934,10.095186523779537,8.323491556596625,4.62522046172979,3.7871324189332203
P1,post,training,18,39671,1,left,C3,5,3.8770988917067246,8.68956249439325,9.672555931931461,3.504910324300069,3.970343711904163
P1,post,training,18,39671,1,left,C4,9,1.6177814223486167,5.797431908921562,5.8301859185110665,5.543158126070374,5.56762560248917
P1,post,training,19,41991,-1,right,C3,5,3.4778138484612446,8.233369553353976,7.107789994734363,3.742712765981776,3.104282552667822
P1,post,training,19,41991,-1,right,C4,9,2.882880506636168,24.789679371797064,11.380919097725627,9.344442681044933,5.963506945709305
P1,post,training,20,44519,-1,right,C3,5,21.52061009187386,6.348985434919076,9.939754300532698,-5.301502482966639,-3.3547892980350866
P1,post,training,20,44519,-1,right,C4,9,11.66576631657578,5.384147628247162,8.991053775589155,-3.357963132638572,-1.1310267739486664
P1,post,training,21,46839,1,left,C3,5,9.237308142447159,18.97924980372512,13.305943511008838,3.1273361073015633,1.585002440991167
P1,post,training,21,46839,1,left,C4,9,1.1302593063525612,11.663361145089738,7.738719920498818,10.136456317332545,8.354910373482928
P1,post,training,22,49359,1,left,C3,5,9.351759647306737,13.86256038589742,10.512074585600867,1.7095011461649332,0.5079509729653419
P1,post,training,22,49359,1,left,C4,9,11.149952580261958,11.895870810375134,7.051112214871349,0.2812321871132739,-1.9901539406477964
P1,post,training,23,51671,1,left,C3,5,25.169562463156932,14.243837037048245,8.710992697964414,-2.4724866973409907,-4.60808016335726
P1,post,training,23,51671,1,left,C4,9,27.833655911895345,19.896009427378836,7.8459229066035086,-1.4580427601051933,-5.499262175829132
P1,post,training,24,53991,-1,right,C3,5,25.39572377996441,13.585122321724015,9.205182909375981,-2.716970415651088,-4.4072817229518355
P1,post,training,24,53991,-1,right,C4,9,22.198300940534267,9.088128201749342,6.815821609341662,-3.8784529000492936,-5.1280151968572
P1,post,training,25,56303,1,left,C3,5,12.840469074739584,13.811317757804556,9.501207855329467,0.31654228000631063,-1.3080207008231741
P1,post,training,25,56303,1,left,C4,9,10.70427578702069,8.646090403973716,5.874751855770025,-0.9273751758727055,-2.6056776269125574
P1,post,training,26,58615,1,left,C3,5,5.382794140691776,8.003865872237135,7.645154809782927,1.7229203117667946,1.5237851304224594
P1,post,training,26,58615,1,left,C4,9,6.414531528437127,2.9616326407391247,7.719872339999172,-3.356337562217922,0.8044517456336255
P1,post,training,27,60927,-1,right,C3,5,4.811667693609451,22.58268245977856,10.692158689336267,6.714799016709868,3.46769769593912
P1,post,training,27,60927,-1,right,C4,9,4.34696153888575,20.231611848654225,8.911842376124985,6.678446866573175,3.117816988749564
P1,post,training,28,63255,1,left,C3,5,2.79397794557728,12.43965435520128,10.611719252827323,6.485853396722993,5.795627779594026
P1,post,training,28,63255,1,left,C4,9,3.384801308028393,6.9677995749507895,7.928573300204419,3.1356246977668984,3.6966186547598117
P1,post,training,29,65567,1,left,C3,5,2.1965773303558143,13.702897321559927,7.472904149286599,7.9506590630888905,5.317429146640638
P1,post,training,29,65567,1,left,C4,9,3.6868580332210343,11.71881664471002,6.697588953994607,5.022273443288258,2.592620754872594
P1,post,training,30,67895,-1,right,C3,5,3.2034783187198794,14.480061769769906,11.339029667827534,6.5514862548620005,5.489541025853937
P1,post,training,30,67895,-1,right,C4,9,4.9153237961194804,20.843652264945888,10.702789150991256,6.274216870262421,3.3794483755904112
P1,post,training,31,70215,-1,right,C3,5,7.436134856922574,25.98444619637473,11.297680657359473,5.43366207932751,1.8164203745920624
P1,post,training,31,70215,-1,right,C4,9,4.837336925899463,34.223195737629496,12.913956601345065,8.497142236720292,4.264529850459649
P1,post,training,32,72535,-1,right,C3,5,1.432840170149825,7.493134333386432,13.348262728539446,7.184657698933833,9.692269975105901
P1,post,training,32,72535,-1,right,C4,9,6.296549082820205,11.424078195239579,9.79869082088483,2.5871857397142235,1.9206546142623728
P1,post,training,33,74855,1,left,C3,5,3.1399316452400403,9.637831561913854,9.727836000898684,4.8705913817041,4.910960465307766
P1,post,training,33,74855,1,left,C4,9,14.927709195285669,3.533667980746869,6.061088242969395,-6.257674247587436,-3.9144255913217045
P1,post,training,34,77167,-1,right,C3,5,2.5478054014245934,16.464426529687618,10.531489259089863,8.103803544614156,6.163235351650829
P1,post,training,34,77167,-1,right,C4,9,6.647245547073869,19.717368698280428,9.30893990373291,4.7220723569148255,1.4625850484621752
P1,post,training,35,79479,-1,right,C3,5,7.703307094964509,8.047791533781208,5.878767822607307,0.18999506592960858,-1.1739090310115727
P1,post,training,35,79479,-1,right,C4,9,6.42135935893658,4.864940146068859,5.216717750402743,-1.2054947358480823,-0.9022963511454687
P1,post,training,36,81783,1,left,C3,5,4.27308216532907,6.280555413670994,6.95695434807596,1.6725680800049034,2.1167790973588967
P1,post,training,36,81783,1,left,C4,9,3.821137498708845,5.069946895994011,6.082347657081501,1.22810744941487,2.018785745856551
P1,post,training,37,84095,-1,right,C3,5,3.8290212067505625,10.772361205712231,8.69955707084859,4.492231355557087,3.5640936985490774
P1,post,training,37,84095,-1,right,C4,9,2.842426093855293,5.313955485503834,7.4626506659236505,2.7172873066466643,4.192039309593901
P1,post,training,38,86415,1,left,C3,5,3.081411798028327,23.381549869392185,11.81202791277585,8.801235543735405,5.835747235171439
P1,post,training,38,86415,1,left,C4,9,6.306479072029596,10.901283803340254,9.736425570578861,2.3769068731679357,1.8861258939659862
P1,post,training,39,88727,1,left,C3,5,6.483311085587167,11.613733193507219,11.435587261429063,2.531749839623023,2.464616115635756
P1,post,training,39,88727,1,left,C4,9,7.099026673636495,2.3172918664161317,7.862893995251537,-4.86218070698213,0.4438361272129374
P1,post,training,40,91271,-1,right,C3,5,5.070056404979276,10.825832961878367,11.611757237939441,3.294485308847735,3.5988515670700534
P1,post,training,40,91271,-1,right,C4,9,2.686290168634513,10.437417352362527,10.413809775195322,5.894401269478254,5.88456717692062
P1,post,training,41,103799,1,left,C3,5,13.813514481990598,4.001324505273763,4.904709883607424,-5.381004134798955,-4.496908636281001
P1,post,training,41,103799,1,left,C4,9,16.046053560045234,4.3800308538505766,4.834092465823929,-5.638910677226081,-5.210532842250296
P1,post,training,42,106119,1,left,C3,5,11.94351987914911,6.47557579374101,8.824071635425062,-2.658539457782817,-1.3146331161579994
P1,post,training,42,106119,1,left,C4,9,11.959930220877197,3.7072249478454697,7.542373225416416,-5.086797067589544,-2.0022062665821045
P1,post,training,43,108439,-1,right,C3,5,2.7232869013738776,8.736699702403406,12.391430151567342,5.062540112425038,6.580280360110756
P1,post,training,43,108439,-1,right,C4,9,3.1077538788411845,11.407585993941078,11.815623095756546,5.647471341270331,5.800100118730935
P1,post,training,44,110751,-1,right,C3,5,40.47515258281177,11.96133630431322,6.337033546911912,-5.294087934724256,-8.053024884331197
P1,post,training,44,110751,-1,right,C4,9,66.88763754760546,6.174181649214942,4.1487322534990705,-10.347664544508575,-12.07430449370825
P1,post,training,45,113071,1,left,C3,5,11.56921522012243,10.181357471356796,13.135092584128293,-0.5549821429515984,0.5512923805047891
P1,post,training,45,113071,1,left,C4,9,6.700724542614729,6.386839707412818,7.637886407903615,-0.20835748400682477,0.5685143010935947
P1,post,training,46,115391,-1,right,C3,5,5.812939386532153,8.250121618344664,7.585055158160691,1.5206455626005337,1.1556294885723586
P1,post,training,46,115391,-1,right,C4,9,1.9966420894450652,9.507182791575724,7.774191795517137,6.777516221806828,5.903550289677045
P1,post,training,47,117703,1,left,C3,5,6.627293139438794,20.743097550736366,10.19337326927201,4.9553742895969775,1.8698174705784028
P1,post,training,47,117703,1,left,C4,9,1.0116312763710158,30.629198359426535,11.584128920087188,14.81113382550722,10.588411342927852
P1,post,training,48,120023,-1,right,C3,5,10.391144785849702,33.06545292410687,12.353895216529036,5.027110798202399,0.7514051726986715
P1,post,training,48,120023,-1,right,C4,9,4.0576535720351306,30.457248343142716,10.773991660988608,8.754156987147821,4.241016692996543
P1,post,training,49,122335,-1,right,C3,5,12.102403741500261,17.118065397569286,14.344490629639658,1.5058304412262835,0.7381349404191874
P1,post,training,49,122335,-1,right,C4,9,11.692051197629088,7.18846402495903,10.758299739947379,-2.112546047649229,-0.3614706828352151
P1,post,training,50,124655,1,left,C3,5,16.518135844538996,5.339944425388849,6.966495442760383,-4.904242962112005,-3.7494667606675764
P1,post,training,50,124655,1,left,C4,9,8.50392939938098,4.890387561431289,5.332801630324037,-2.4027636779965347,-2.0266421687914518
P1,post,training,51,126967,-1,right,C3,5,3.9837594850594984,16.26751070909755,9.757783911315641,6.110279907987105,3.890580858089656
P1,post,training,51,126967,-1,right,C4,9,3.3985860216818247,15.160902865498487,9.594125813781243,6.494267984347629,4.507071425086841
P1,post,training,52,129279,-1,right,C3,5,26.054886854084334,27.1096090152007,12.066397262528854,0.17234062529888067,-3.3431157202812756
P1,post,training,52,129279,-1,right,C4,9,26.76803698100169,21.178990767338096,9.231124131203009,-1.0171126258186551,-4.623619326348053
P1,post,training,53,131599,1,left,C3,5,27.878125594752174,6.32520047740757,12.061602450180228,-6.441892752728609,-3.6385856026851715
P1,post,training,53,131599,1,left,C4,9,19.286540197145403,2.0513365206766645,10.213634937851118,-9.73217414765723,-2.760739957888047
P1,post,training,54,133911,1,left,C3,5,7.859969967751949,22.915297927470046,8.007081527878825,4.647046213458647,0.08053363861992041
P1,post,training,54,133911,1,left,C4,9,6.844026398438446,12.15760270282351,9.090547083359828,2.4953627099964306,1.2327834451913748
P1,post,training,55,136223,-1,right,C3,5,1.9565577367955889,7.319195637969161,6.100898353499448,5.729706875753183,4.939011211282182
P1,post,training,55,136223,-1,right,C4,9,4.827021716460441,14.494230625677348,7.31383777194545,4.775159146496148,1.8046607034766171
P1,post,training,56,138543,-1,right,C3,5,43.36464304550576,15.346392505222932,8.663728828408708,-4.511294741726317,-6.994309252925387
P1,post,training,56,138543,-1,right,C4,9,35.030618595987015,7.484833886976892,8.148981976775568,-6.70265640104854,-6.333444492017777
P1,post,training,57,140863,1,left,C3,5,6.744024785609017,25.436086755375165,9.54957140576816,5.76531139834358,1.510647227175292
P1,post,training,57,140863,1,left,C4,9,4.869329734583431,12.536473546222211,7.811722216550975,4.107062040849929,2.0527760695711796
P1,post,training,58,143183,1,left,C3,5,27.104534381863914,15.353017344486979,11.354888504219236,-2.4684821055830493,-3.7785907694890937
P1,post,training,58,143183,1,left,C4,9,12.376148769307614,11.453695311831375,5.644023230992312,-0.33639895278861326,-3.4099672856616596
P1,post,training,59,145503,-1,right,C3,5,24.18524845601777,25.384775218391777,16.819601124655296,0.2102276881802425,-1.57734860942846
P1,post,training,59,145503,-1,right,C4,9,20.140702527142185,20.77559222725567,11.987317949674974,0.1347879750149485,-2.2535259045510747
P1,post,training,60,148215,-1,right,C3,5,7.150915781574857,7.365345023532955,11.482725349034478,0.12831432565216105,2.056833139656403
P1,post,training,60,148215,-1,right,C4,9,4.058159950600386,4.280905282050999,9.345870274306879,0.23206458317180723,3.6229058792791617
P1,post,training,61,150527,-1,right,C3,5,5.535590627463332,30.47163687597616,12.690289163937692,7.407318189540138,3.6030755280986053
P1,post,training,61,150527,-1,right,C4,9,6.097578556604851,35.217595125466325,14.722223603615197,7.6160229219436975,3.828160054390751
P1,post,training,62,152847,1,left,C3,5,4.894239447565882,8.127811042408183,9.58191192246104,2.2028838534128705,2.917669613601184
P1,post,training,62,152847,1,left,C4,9,6.383034396573959,6.047573917028655,7.082825401412766,-0.2344599946969703,0.4517935140543837
P1,post,training,63,155543,1,left,C3,5,3.8098362083680737,13.01785858312343,7.744679805732703,5.336332443760606,3.080971621097683
P1,post,training,63,155543,1,left,C4,9,11.96479358593308,9.122644867753028,6.516930047832433,-1.1778444196323505,-2.638621513173749
P1,post,training,64,157855,1,left,C3,5,10.692683916564341,72.88989113889173,18.555862254812325,8.335805726542318,2.3939441101750774
P1,post,training,64,157855,1,left,C4,9,15.405405177180944,17.19760538011349,9.244030335212244,0.47794854142735366,-2.218117631813204
P1,post,training,65,160175,-1,right,C3,5,4.508675068609981,9.948622741990185,7.526115476027466,3.4371402477807966,2.225219398981385
P1,post,training,65,160175,-1,right,C4,9,5.700046635224558,22.468443652698397,9.87494699343551,5.956945818003194,2.3865636421691856
P1,post,training,66,162479,1,left,C3,5,14.023452091239507,25.60231693567344,18.457818661736336,2.6142433434043615,1.1932543981419161
P1,post,training,66,162479,1,left,C4,9,49.288381947817754,14.892176043863381,11.689860237994072,-5.197863997809641,-6.24935242412371
P1,post,training,67,164807,-1,right,C3,5,8.602145441559509,8.469010110972405,11.396122178119445,-0.06774129791850765,1.2215031552096989
P1,post,training,67,164807,-1,right,C4,9,7.629347743121222,9.569882599116417,11.796076273983163,0.9841919965147471,1.8925016171345468
P1,post,training,68,167119,-1,right,C3,5,7.950498788465023,24.851668259927784,11.272443647624783,4.949611719313739,1.516236971547803
P1,post,training,68,167119,-1,right,C4,9,6.826030638517,19.68664122163484,11.425250126004231,4.600033933130369,2.2369748331904975
P1,post,training,69,169439,1,left,C3,5,12.769472123259671,10.62408400291783,8.177950230492556,-0.7988144841690656,-1.9352848116113517
P1,post,training,69,169439,1,left,C4,9,14.713126402498833,5.29039252421574,6.109748585411079,-4.442170700706824,-3.816816265676279
P1,post,training,70,171751,1,left,C3,5,4.540530447205308,6.793917238669188,8.010984932162739,1.7501365988094995,2.465793226255428
P1,post,training,70,171751,1,left,C4,9,5.3236499471840535,6.10227639601311,8.063309310169931,0.5928238363431062,1.8030382872604758
P1,post,training,71,174063,-1,right,C3,5,29.262961329699774,5.524122669226675,7.4200142115706935,-7.240549593971535,-5.959135363129464
P1,post,training,71,174063,-1,right,C4,9,19.009777610497803,2.122879407912337,7.394519968980067,-9.520517118432299,-4.100670501221908
P1,post,training,72,176383,1,left,C3,5,15.00273382830737,12.19764968031593,10.242845543511395,-0.8989424813027955,-1.657497804361241
P1,post,training,72,176383,1,left,C4,9,13.131797738838074,11.236160164072382,8.057912520630012,-0.6770626377695921,-2.1210163669973467
P1,post,training,73,178695,-1,right,C3,5,17.98209602130911,7.616753239997807,9.187871535328258,-3.7307042641328607,-2.9162539812654664
P1,post,training,73,178695,-1,right,C4,9,21.11197786746167,7.055245704204603,9.48215450636776,-4.760167789401498,-3.476218942992009
P1,post,training,74,181007,-1,right,C3,5,19.84042760087378,15.02648723794464,8.785591749517858,-1.206935609842104,-3.537800093103583
P1,post,training,74,181007,-1,right,C4,9,23.557650191872433,10.561676893022353,5.484950180235581,-3.4839909139693157,-6.329592814099785
P1,post,training,75,183319,-1,right,C3,5,24.65458387068448,7.391010424937536,6.752437293849097,-5.2319386189735155,-5.624371169182937
P1,post,training,75,183319,-1,right,C4,9,38.03578380039605,7.1532023907196445,5.402819390216983,-7.256918571297839,-8.475719203180438
P1,post,training,76,185631,1,left,C3,5,16.198182123517253,6.429673548808142,12.364385381980966,-4.012773544000777,-1.1729374462516586
P1,post,training,76,185631,1,left,C4,9,19.207315622285485,4.539919268483776,9.39717572810711,-6.264185428903933,-3.1046932465543806
P1,post,training,77,187943,1,left,C3,5,5.656430786187933,10.745117446640018,9.417845430893964,2.7866868945930006,2.2140908103204113
P1,post,training,77,187943,1,left,C4,9,6.817975182981026,8.023795278708727,7.607934947338643,0.7072442335639559,0.4761137436241044
P1,post,training,78,190255,1,left,C3,5,4.826848978190513,4.411284932861877,6.241431863293971,-0.39098600333759537,1.1162052286840776
P1,post,training,78,190255,1,left,C4,9,11.585973506983585,4.293127570925679,5.877483862364546,-4.311587372901227,-2.9474108571760405
P1,post,training,79,192575,-1,right,C3,5,19.590934359873177,13.687107651578312,11.29048315499346,-1.55743466430769,-2.393426223664607
P1,post,training,79,192575,-1,right,C4,9,6.251884905609088,29.766233340406608,11.636800948633457,6.777129076554347,2.698226313765564
P1,post,training,80,195295,1,left,C3,5,5.399226937497113,7.226131883746639,10.62504369591061,1.2657430169515274,2.9399914288463025
P1,post,training,80,195295,1,left,C4,9,5.694869061801592,6.521506100911688,8.08169419649991,0.5886416180437606,1.52018670037656
P2,pre,training,1,12952,-1,right,C3,5,2.0470316485528417,20.63703804709377,17.75673620108494,10.035228076356326,9.382385855288277
P2,pre,training,1,12952,-1,right,C4,9,5.084104724121934,11.483493483303814,22.2421925412081,3.5385954056145756,6.409631082123729
P2,pre,training,2,15424,-1,right,C3,5,15.560651293409098,25.18902287309613,25.942937014300934,2.0918355027591247,2.219913707555537
P2,pre,training,2,15424,-1,right,C4,9,21.965814912910208,10.604014531492968,31.80506926011973,-3.162770056448949,1.6074902579903683
P2,pre,training,3,17872,-1,right,C3,5,14.864452484098388,7.499443873063994,24.164338196572007,-2.971198579220305,2.1102598827884163
P2,pre,training,3,17872,-1,right,C4,9,25.789477460249817,6.271096910392348,32.18741420829324,-6.14099030467421,0.9624354616261337
P2,pre,training,4,20320,1,left,C3,5,106.26980918145,15.28825740679037,10.252625549881785,-8.420519144790719,-10.155748045557523
P2,pre,training,4,20320,1,left,C4,9,48.866259967402385,22.8773308744389,17.630730029330216,-3.2960374767757146,-4.427388057495668
P2,pre,training,5,22768,1,left,C3,5,5.7040920002034765,9.349281383080942,13.657120691218726,2.145917092818765,3.7917262583668254
P2,pre,training,5,22768,1,left,C4,9,15.804770463877318,17.059029614567326,25.027412020860115,0.33166130269117844,1.9962775050087453
P2,pre,training,6,25226,1,left,C3,5,5.884382108020466,23.379638452877767,13.668500260462837,5.991369245645744,3.660199990827558
P2,pre,training,6,25226,1,left,C4,9,17.673318022037446,55.84119398781507,20.460344357869133,4.996366033060125,0.6359484640571422
P2,pre,training,7,27704,1,left,C3,5,12.23587918082021,4.444580457994663,18.046690930782702,-4.39804407614755,1.6876240059708163
P2,pre,training,7,27704,1,left,C4,9,6.596809231260977,11.471255902773553,23.437893315602754,2.402770429989789,5.5058464791985795
P2,pre,training,8,30152,1,left,C3,5,184.28915716816965,23.7054959140261,15.031398085752622,-8.906507387325187,-10.885004071916672
P2,pre,training,8,30152,1,left,C4,9,34.5377438135792,19.211970174650272,22.634485872730874,-2.547220600134155,-1.8352332953313064
P2,pre,training,9,32600,1,left,C3,5,4.175311369957654,11.384178565717894,10.104456707253888,4.356128310907553,3.8382409935771737
P2,pre,training,9,32600,1,left,C4,9,17.81393629876324,11.980840611725469,12.066025745406805,-1.7227260445325252,-1.6919564733940995
P2,pre,training,10,35040,1,left,C3,5,9.091720903280628,23.246181157719633,24.135653596668547,4.077055226121707,4.24012968735623
P2,pre,training,10,35040,1,left,C4,9,19.201328246198862,13.77778609074272,23.481429472705685,-1.441518341760295,0.8739325987450974
P2,pre,training,11,37480,-1,right,C3,5,12.40640843963618,9.067850661591145,23.779478632873616,-1.361417156435405,2.825562536807377
P2,pre,training,11,37480,-1,right,C4,9,15.471878209846743,4.633493744224503,30.11068863897618,-5.236344571041613,2.891776499379555
P2,pre,training,12,39952,-1,right,C3,5,7.6371880712023,9.62565706330657,30.22895373649859,1.0049689930803882,5.9748963039409295
P2,pre,training,12,39952,-1,right,C4,9,18.027509841176425,6.426043914259212,15.715498724197325,-4.479920522088031,-0.596075736034382
P2,pre,training,13,42400,-1,right,C3,5,23.310511498553684,40.63081310698058,21.45108686361399,2.4130371027378152,-0.3610250176943567
P2,pre,training,13,42400,-1,right,C4,9,54.133311303419944,73.17116324711185,35.2865959730753,1.3087536588902882,-1.8585482858082112
P2,pre,training,14,44864,1,left,C3,5,26.129640143772463,16.092601800813394,11.141640980301133,-2.1050716355447023,-3.701842687080672
P2,pre,training,14,44864,1,left,C4,9,48.553509952667085,23.758580619710806,21.119791349954028,-3.104001391492133,-3.615310073698432
P2,pre,training,15,47312,1,left,C3,5,7.932819081581892,14.812146490170942,13.17199883562999,2.711904487738919,2.202241339096094
P2,pre,training,15,47312,1,left,C4,9,20.58742790380537,28.444438962486338,23.758326555088374,1.4039528087124675,0.6221375605591282
P2,pre,training,16,49760,-1,right,C3,5,23.173573078175593,15.744863014972584,18.76276923148113,-1.6785411529042857,-0.9169606469542092
P2,pre,training,16,49760,-1,right,C4,9,31.263144659448912,17.696663381817288,26.97170968671486,-2.471412701614497,-0.6412418372117722
P2,pre,training,17,52217,1,left,C3,5,11.424664228156082,21.543381207446547,14.55239480128536,2.754704213235267,1.0509102349174284
P2,pre,training,17,52217,1,left,C4,9,14.559743598712025,33.903548192786616,23.708036416821543,3.670914248945887,2.117418586740623
P2,pre,training,18,54696,1,left,C3,5,16.785825867717964,8.432809377480593,23.63988447845042,-2.9897043025993963,1.4870263640812376
P2,pre,training,18,54696,1,left,C4,9,20.278015590557146,41.17522747862003,48.00664880347539,3.0761055455043564,3.74275937643088
P2,pre,training,19,57176,1,left,C3,5,6.743240547211386,4.955831551038802,9.611940063955405,-1.3375211599225645,1.5394240180517815
P2,pre,training,19,57176,1,left,C4,9,7.695023896222772,12.827274960333233,13.024175762542397,2.219244313680392,2.2854027559866825
P2,pre,training,20,59624,1,left,C3,5,6.086474277475599,9.722411181947397,13.54875184335698,2.034081934355709,3.475334974320587
P2,pre,training,20,59624,1,left,C4,9,1.7940534149908411,21.02260764438131,21.167649289567752,10.688512156189667,10.718372621084438
P2,pre,training,21,62080,-1,right,C3,5,15.879181596836023,15.016363749549944,18.840001409753633,-0.24263335507561123,0.7425281555429106
P2,pre,training,21,62080,-1,right,C4,9,23.435826429839317,26.24526692265836,33.00063982809739,0.49170721158381325,1.4864208733444424
P2,pre,training,22,64536,-1,right,C3,5,7.515131931948792,11.25209192565062,11.187533796758846,1.7529666229195895,1.72797751049744
P2,pre,training,22,64536,-1,right,C4,9,33.50360727802931,12.444102140807802,19.48397635209926,-4.3012800219642235,-2.3541397553106176
P2,pre,training,23,66984,1,left,C3,5,27.276481043854165,11.941722917738273,10.669774103859313,-3.587213509076625,-4.076331161765616
P2,pre,training,23,66984,1,left,C4,9,69.49666431382707,11.574717700756416,22.449874968795502,-7.784535522343537,-4.907500333075757
P2,pre,training,24,69440,-1,right,C3,5,13.28035545188192,22.1663915941273,22.186680312525638,2.2248530208194466,2.2288262649178088
P2,pre,training,24,69440,-1,right,C4,9,22.789855800005522,59.92065280857143,35.71863263394227,4.198349589158631,1.951532478068965
P2,pre,training,25,71904,1,left,C3,5,15.343530141330458,3.6494741337991643,14.306415716475872,-6.236950009378405,-0.3039445016681688
P2,pre,training,25,71904,1,left,C4,9,14.145467415708962,4.5171190473742255,16.411378789981118,-4.957557662200157,0.645277668805354
P2,pre,training,26,74352,-1,right,C3,5,19.634597000981294,20.007721969749984,16.24239137562504,0.08175651916654159,-0.8237202081534174
P2,pre,training,26,74352,-1,right,C4,9,17.370404692908373,46.240353900623234,30.307991295770776,4.252112126104153,2.4174721716297483
P2,pre,training,27,76824,1,left,C3,5,5.705495481069908,17.45692504155483,18.62056207122963,4.856743813654659,5.136994205144888
P2,pre,training,27,76824,1,left,C4,9,19.446996416527664,30.268757400617687,27.416096952185896,1.9214205840140206,1.4915309305739133
P2,pre,training,28,79280,-1,right,C3,5,7.141198970488025,15.15911155039627,14.116877719398392,3.2690261508271505,2.9596751916223503
P2,pre,training,28,79280,-1,right,C4,9,6.325200332628881,17.997044278101793,22.45457243132967,4.541269000513031,5.50230504759245
P2,pre,training,29,81720,1,left,C3,5,15.915470916208474,10.685832289350596,15.257872966264639,-1.7301113951455536,-0.18325498571907575
P2,pre,training,29,81720,1,left,C4,9,16.714086000829017,6.371437763155243,23.77766182499433,-4.1884518722881054,1.530865135992678
P2,pre,training,30,84200,-1,right,C3,5,10.396626258608967,18.24327045112772,12.533528872685107,2.4421026437854536,0.8118093372993753
P2,pre,training,30,84200,-1,right,C4,9,12.520548394089696,18.27888839422033,15.202756283704913,1.643264299879833,0.8429898217461325
P2,pre,training,31,86640,-1,right,C3,5,10.181978099141416,12.43403685824434,14.440826941320363,0.8677999185471169,1.517599048797749
P2,pre,training,31,86640,-1,right,C4,9,6.8722980970945,11.1288665084554,19.716616111990334,2.0934894359020118,4.577303912261689
P2,pre,training,32,89112,-1,right,C3,5,5.3769432948685,9.268896147884185,15.335329752869193,2.3649255975037278,4.5515766253519
P2,pre,training,32,89112,-1,right,C4,9,2.8012702424103626,24.63271212280259,23.541462024530126,9.44157223539807,9.244784230389863
P2,pre,training,33,91576,-1,right,C3,5,14.981333678523125,15.709551539075227,14.276792384058751,0.20613310257925194,-0.20919833176554267
P2,pre,training,33,91576,-1,right,C4,9,10.981174349629867,30.382896576557897,19.54940384396122,4.419803883422647,2.5048473123786636
P2,pre,training,34,94024,-1,right,C3,5,21.954385594005643,39.21005005895241,21.02136944019501,2.5187610912672556,-0.18860282840330975
P2,pre,training,34,94024,-1,right,C4,9,8.55428332662497,14.838315495481872,31.311881650267342,2.392009704695168,5.635255363741642
P2,pre,training,35,96480,-1,right,C3,5,7.339221775024866,9.654252279602273,11.423583290943036,1.1906863205996745,1.9215234122753144
P2,pre,training,35,96480,-1,right,C4,9,21.838165792605817,12.790312948829323,19.83828151790808,-2.3233498800458308,-0.4171210989019264
P2,pre,training,36,98936,1,left,C3,5,18.377272682476164,23.027004833602035,6.645817860710519,0.9795639267409905,-4.417326248833399
P2,pre,training,36,98936,1,left,C4,9,18.216021073028468,21.21531029500215,9.930374744477232,0.6619586812083162,-2.634878821570632
P2,pre,training,37,101384,1,left,C3,5,3.9300038713052685,6.807749587471445,8.755656745036646,2.386105943367142,3.4789574905473413
P2,pre,training,37,101384,1,left,C4,9,20.45281800063656,12.251726322735829,13.762512186600391,-2.2255586676464976,-1.720554372566929
P2,pre,training,38,103840,1,left,C3,5,9.820659215616818,14.065364962396327,11.06839543967845,1.5601036459131044,0.5194402579677934
P2,pre,training,38,103840,1,left,C4,9,8.103484214930482,19.872634507779683,18.595486208594238,3.895836547054098,3.6073574768485757
P2,pre,training,39,106608,-1,right,C3,5,3.4195274881845537,21.640193269620912,16.53317575823979,8.01295035958034,6.843901833989655
P2,pre,training,39,106608,-1,right,C4,9,32.53371772909773,15.877970165305754,19.46993996645986,-3.115387127285396,-2.2296908187854845
P2,pre,training,40,109056,-1,right,C3,5,26.29520552724282,21.917787859653053,12.393372653657472,-0.7907985055540547,-3.2668706107312118
P2,pre,training,40,109056,-1,right,C4,9,22.592575617719266,32.04276757821492,21.801787804219906,1.5176427510224926,-0.15473636185675188
P2,pre,training,41,124644,1,left,C3,5,7.96483201725523,22.95953199587922,13.716228924596091,4.597864104926462,2.3605810418042883
P2,pre,training,41,124644,1,left,C4,9,11.171317390097082,24.938416981761453,16.199334197124998,3.487644914676956,1.61392774333611
P2,pre,training,42,127120,1,left,C3,5,2.2360221031669436,23.550525535851023,19.216843070009322,10.225245107089918,9.342059513345077
P2,pre,training,42,127120,1,left,C4,9,13.181427323731524,40.44428003865527,33.413863922591915,4.86894669319995,4.039642601314092
P2,pre,training,43,129576,1,left,C3,5,18.297544360243343,15.455091673685256,16.019954416237837,-0.7332122325185078,-0.5773153273473777
P2,pre,training,43,129576,1,left,C4,9,17.612700753716407,11.22552258197081,31.881098859792907,-1.9561938847111424,2.5770732566356784
P2,pre,training,44,132032,1,left,C3,5,24.732775819268106,36.935064603421836,17.070203379313774,1.741660019685397,-1.6103416556218781
P2,pre,training,44,132032,1,left,C4,9,55.816248218919625,63.64726428602525,37.88062830922256,0.5701910004484061,-1.6834346747315554
P2,pre,training,45,134488,1,left,C3,5,3.5846814246185965,14.171417452922636,16.069721225041715,5.969627260109899,6.515577773638449
P2,pre,training,45,134488,1,left,C4,9,6.371298198118577,25.279438487492488,28.87712077217143,5.985394910762357,6.5632595721031475
P2,pre,training,46,136928,1,left,C3,5,10.032711220936482,24.934759076797697,26.968539435236487,3.9538686455736944,4.294391147252919
P2,pre,training,46,136928,1,left,C4,9,14.83084434593488,65.51434977037397,41.73519973821497,6.4517055813007875,4.493366194310352
P2,pre,training,47,139376,-1,right,C3,5,7.013598783277338,15.675189318372333,18.25203622381435,3.4927187655665204,4.153704038172349
P2,pre,training,47,139376,-1,right,C4,9,24.672386101331377,39.10233633153004,36.56771202083074,1.999915541451147,1.7088663537145852
P2,pre,training,48,141832,-1,right,C3,5,24.46347186090301,31.704297178853775,18.017736918393716,1.1260003795015552,-1.328178508519364
P2,pre,training,48,141832,-1,right,C4,9,14.67283849155475,22.20279715927607,19.54344948154665,1.798935541572999,1.244870833637448
P2,pre,training,49,144280,-1,right,C3,5,13.112976418915176,11.238453487372528,18.37666487598169,-0.6699472771323154,1.4656541522286106
P2,pre,training,49,144280,-1,right,C4,9,32.213154354652914,25.265468546692947,38.154821213177094,-1.055058969760022,0.7351616927553928
P2,pre,training,50,146728,-1,right,C3,5,4.572092374960382,22.282677944799868,18.107185297647803,6.878523870578323,5.9773594957675265
P2,pre,training,50,146728,-1,right,C4,9,20.216342870148907,32.39799144463913,30.97225306569616,2.0481549176371554,1.8527020447618894
P2,pre,training,51,149176,-1,right,C3,5,2.7091655991242676,4.60879405137266,6.164578399447459,2.307517493541013,3.5706782787749303
P2,pre,training,51,149176,-1,right,C4,9,3.2046340571167122,7.362335171332496,8.245726190939262,3.612371410533294,4.104504656203613
P2,pre,training,52,151648,1,left,C3,5,4.5179318498363745,16.93083677455908,15.290576329616018,5.737387472477218,5.294841794949434
P2,pre,training,52,151648,1,left,C4,9,14.046069835781308,47.639963741138985,32.37201593467367,5.304165989102766,3.6261492213768545
P2,pre,training,53,154104,1,left,C3,5,4.650787327068052,44.40719962883999,32.09958818886877,9.799269065212854,8.389729804160496
P2,pre,training,53,154104,1,left,C4,9,6.369898146801665,43.00820435792454,44.819773213729185,8.294188225151633,8.473371665692543
P2,pre,training,54,156563,1,left,C3,5,14.349439302934513,11.280297304652464,10.983618831342278,-1.0451438545756204,-1.160894785594899
P2,pre,training,54,156563,1,left,C4,9,16.25822283624611,15.558710806571897,18.587471383885088,-0.19099463184515686,0.5814724119187239
P2,pre,training,55,159024,-1,right,C3,5,6.44601280601787,20.0646510339499,12.86659140466346,4.931404468789886,3.00172345620423
P2,pre,training,55,159024,-1,right,C4,9,10.542027316252103,58.97259301562009,27.691437048636324,7.477260868435621,4.194213568522274
P2,pre,training,56,161472,-1,right,C3,5,17.665769141211314,4.473070287908443,6.976587468726569,-5.965268281722526,-4.034895071622585
P2,pre,training,56,161472,-1,right,C4,9,28.90355102299004,5.743413475058452,9.799390967536091,-7.017811196687217,-4.697521173282339
P2,pre,training,57,163920,-1,right,C3,5,24.4383656683173,19.735761473334023,12.613710935278988,-0.9281827118947179,-2.87229284642367
P2,pre,training,57,163920,-1,right,C4,9,7.720800417514294,13.050906260787992,16.791168021204136,2.2797834422643537,3.3741858132700537
P2,pre,training,58,166352,1,left,C3,5,1.8915749355363287,17.48460263932116,8.509135744589582,9.658322161138956,6.530619011995058
P2,pre,training,58,166352,1,left,C4,9,10.050907019860839,18.92274388188338,14.551917654435023,2.747788558772541,1.6071497311845109
P2,pre,training,59,169088,-1,right,C3,5,13.119083485286204,54.283785666075374,24.054986638909128,6.16766631287462,2.6330162424191457
P2,pre,training,59,169088,-1,right,C4,9,31.639980883628283,56.47101224158388,32.920317959529164,2.515893600932394,0.17227808743856388
P2,pre,training,60,171568,1,left,C3,5,22.272080520976907,46.494999286235476,27.261363094073335,3.196454573284158,0.8778677912629218
P2,pre,training,60,171568,1,left,C4,9,15.94900643076305,14.137198868137636,26.372751255521834,-0.5237026588946438,2.1842180542599903
P2,pre,training,61,174023,-1,right,C3,5,23.9809464130388,7.535445231829853,9.098217757545907,-5.027574009221198,-4.209099915623718
P2,pre,training,61,174023,-1,right,C4,9,20.38869485827871,16.01144099469134,19.504103350674473,-1.0495900693873275,-0.19263436599102693
P2,pre,training,62,176656,-1,right,C3,5,21.323929525715926,18.54293922261211,11.457652399530893,-0.6068866369294541,-2.697715959832909
P2,pre,training,62,176656,-1,right,C4,9,12.302179149319114,39.98765645277688,19.174723605793567,5.11943905178227,1.9274706541880848
P2,pre,training,63,179104,1,left,C3,5,7.86654157286204,20.22236565941433,12.11515274656292,4.100481168552533,1.8754505189572073
P2,pre,training,63,179104,1,left,C4,9,19.23892203540561,40.234853850228525,24.472081112235465,3.2042169343938296,1.0449016875184651
P2,pre,training,64,181552,-1,right,C3,5,23.41414943270143,26.127704087994967,17.275002282623035,0.4762286301220775,-1.3206027232982562
P2,pre,training,64,181552,-1,right,C4,9,27.724324582753738,11.945324081383111,18.07458073674826,-3.6566303788358407,-1.857927426491609
P2,pre,training,65,184008,1,left,C3,5,28.269537983843275,33.345038908395935,15.377356123926663,0.7171251774429594,-2.644370384643091
P2,pre,training,65,184008,1,left,C4,9,22.462601300974328,36.726871683744186,22.260840877759644,2.135238889610413,-0.03918483400962274
P2,pre,training,66,186464,-1,right,C3,5,15.1644154272264,12.093927688203571,17.970860544871726,-0.982583058074251,0.7374320068572908
P2,pre,training,66,186464,-1,right,C4,9,11.52627143339708,22.662634277771154,26.1346303021376,2.9362154772496285,3.5552751837808216
P2,pre,training,67,188912,1,left,C3,5,35.63953687702107,17.3814692337731,21.15968011942649,-3.118455678691194,-2.264229539164988
P2,pre,training,67,188912,1,left,C4,9,12.69998346971794,14.555177062580377,23.675904811077157,0.5921433728587667,2.705034295441349
P2,pre,training,68,191360,1,left,C3,5,7.494237100403998,5.715445129268092,12.326901358828994,-1.1767736935933562,2.161264916725277
P2,pre,training,68,191360,1,left,C4,9,20.288627979758044,8.103246439847007,19.533680511108987,-3.9859363174238025,-0.16468598615063268
P2,pre,training,69,193824,1,left,C3,5,18.1626150904904,10.650708075662747,13.937530990328325,-2.317998979872527,-1.1499253324122647
P2,pre,training,69,193824,1,left,C4,9,13.018158462123877,15.726758899982189,23.613612634772903,0.8208967522001482,2.586128810164877
P2,pre,training,70,196272,-1,right,C3,5,4.1259311383362824,10.290441342254784,11.745531081299536,3.9691202609258407,4.543506831094586
P2,pre,training,70,196272,-1,right,C4,9,9.426234079388664,14.692477492452463,16.806341785243703,1.92756813799807,2.5113497111894088
P2,pre,training,71,198712,1,left,C3,5,8.773084737904668,6.573643662533083,7.605803718428538,-1.253461655788519,-0.6200721070112104
P2,pre,training,71,198712,1,left,C4,9,16.729333129284527,7.204364880118851,14.582148795181464,-3.6588292884766287,-0.5965710387292779
P2,pre,training,72,201176,-1,right,C3,5,4.1867062870639575,4.327027579856189,6.829661264522887,0.14317168743417677,2.1252666961394002
P2,pre,training,72,201176,-1,right,C4,9,20.105200476732687,7.4776706525744,13.451716251352526,-4.295420748577958,-1.7453071018752
P2,pre,training,73,203624,-1,right,C3,5,13.35438873044754,35.81721210618481,17.625483602736207,4.284677648968268,1.205170279890084
P2,pre,training,73,203624,-1,right,C4,9,12.050940790771518,23.820596489103483,19.453011087562125,2.959316797450736,2.0796588166370524
P2,pre,training,74,206072,-1,right,C3,5,51.295751994083616,10.099548096971445,31.67793486497892,-7.057794591772971,-2.093245394504934
P2,pre,training,74,206072,-1,right,C4,9,31.04290558455459,13.809275718520247,41.33574793335327,-3.5179146310962794,1.243634361919861
P2,pre,training,75,208512,-1,right,C3,5,26.856449366420083,10.660074941364808,15.717711738516808,-4.012883371519265,-2.3265927539882054
P2,pre,training,75,208512,-1,right,C4,9,23.699753298375818,19.638696974676527,19.302450269075447,-0.8163115624570044,-0.8913138305321434
P2,pre,training,76,210960,1,left,C3,5,4.537735033064317,21.219954366889148,6.750600424010554,6.699053126116205,1.7250326933509366
P2,pre,training,76,210960,1,left,C4,9,7.1954230799252485,27.333115576432487,13.346764091828682,5.796328028716219,2.6831964936874457
P2,pre,training,77,213424,-1,right,C3,5,3.465585302859118,17.31239058785804,17.549854186982564,6.985804485732599,7.044969193226345
P2,pre,training,77,213424,-1,right,C4,9,4.246168128145028,16.09510194115571,16.953791261753594,5.786965455359532,6.012696455645959
P2,pre,training,78,215880,-1,right,C3,5,5.988422464427479,11.406857779890691,14.982327416834082,2.7985359595432184,3.9826685284317014
P2,pre,training,78,215880,-1,right,C4,9,40.922428688540414,8.759638601282665,20.578414622654787,-6.694752118353469,-2.9854948724653383
P2,pre,training,79,218584,1,left,C3,5,25.95771022129749,18.66905202244674,11.368766964989481,-1.4314411398670837,-3.5855301539850704
P2,pre,training,79,218584,1,left,C4,9,11.439918545921193,17.787413821681376,18.936349630888493,1.9168987676147413,2.1887333136124014
P2,pre,training,80,221040,1,left,C3,5,2.4072512887670428,19.37095268244089,15.700390934370223,9.056295523871134,8.143890384425166
P2,pre,training,80,221040,1,left,C4,9,11.937388320533335,18.397111767955145,19.32085841998681,1.8784032523359517,2.091170964858674
P2,post,training,1,8592,1,left,C3,5,26.438132139072128,18.181203802244678,12.584478926972018,-1.626081338124834,-3.223955310229536
P2,post,training,1,8592,1,left,C4,9,38.93720478365781,35.064188400751114,20.503789225301713,-0.45500980129647817,-2.78530642514822
P2,post,training,2,11044,-1,right,C3,5,6.003525932027935,10.845219223352728,11.383661279900938,2.5683194429697283,2.778755739702956
P2,post,training,2,11044,-1,right,C4,9,15.912226521447794,18.964871131222875,30.649739582120223,0.7621894332117058,2.8469583621357963
P2,post,training,3,13512,1,left,C3,5,28.549384298796383,28.624542010331368,14.54504018398071,0.011418001281545222,-2.9288182118724766
P2,post,training,3,13512,1,left,C4,9,22.080699767922248,13.677042848696813,15.078838345060367,-2.0802062514677164,-1.656449473521244
P2,post,training,4,15976,-1,right,C3,5,3.5694057897571767,9.356677113295474,16.213524544576007,4.185257190432892,6.572815095910788
P2,post,training,4,15976,-1,right,C4,9,14.991179696122156,25.21928197447528,21.33535007641937,2.2589690749817444,1.5326396328950997
P2,post,training,5,18432,-1,right,C3,5,17.87240148556312,19.39644900765658,16.740076881231005,0.3553931715540671,-0.2842546364858644
P2,post,training,5,18432,-1,right,C4,9,40.8137116468635,32.37440695557413,23.06061029855015,-1.0060427019823572,-2.4793529511462293
P2,post,training,6,20888,1,left,C3,5,20.87412809798772,71.36979543463296,27.802592414777667,5.339061076832118,1.2447694873362993
P2,post,training,6,20888,1,left,C4,9,26.58042770953619,62.87449358359165,41.15060916771087,3.7391253513725085,1.8981430365922305
P2,post,training,7,23352,-1,right,C3,5,49.369602457991064,26.641583446544104,108.06183917706628,-2.6789959651273176,3.402127246793784
P2,post,training,7,23352,-1,right,C4,9,32.623192077010735,16.422472669197784,37.690622261557216,-2.980879053624161,0.6270685445226145
P2,post,training,8,25821,-1,right,C3,5,15.44689665086307,47.83036723490129,17.986431560234198,4.908624744750436,0.6610376865214038
P2,post,training,8,25821,-1,right,C4,9,14.021666216909466,55.609277013822755,26.893267456015163,5.9834762417161516,2.8284394637995396
P2,post,training,9,28280,-1,right,C3,5,15.260332124513049,21.085370636292023,13.573085378600087,1.4041725372966334,-0.5088540472984163
P2,post,training,9,28280,-1,right,C4,9,28.71665215989197,16.49738924744551,21.458809071328837,-2.4071858619396247,-1.265281920041065
P2,post,training,10,30737,1,left,C3,5,2.8095688835656496,12.446528057365779,10.62501771182665,6.46408538080421,5.776899783183598
P2,post,training,10,30737,1,left,C4,9,1.3837834042008836,20.854596562467993,22.01290334392919,11.781336749463208,12.016092088772597
P2,post,training,11,33178,-1,right,C3,5,10.325719713510939,14.66141527828712,16.63314479280534,1.522555629615714,2.070540359385831
P2,post,training,11,33178,-1,right,C4,9,14.792363722689206,49.95943159811506,36.49482764442566,5.2857991169365555,3.9219373998004734
P2,post,training,12,35654,-1,right,C3,5,12.27805406892841,17.974435492217097,16.2820278925558,1.6552571819900253,1.2257895283895224
P2,post,training,12,35654,-1,right,C4,9,11.66861018406174,49.42032535907251,28.980699461969646,6.268864687471832,3.9508973164143066
P2,post,training,13,38112,1,left,C3,5,5.916835758534345,7.314763144653449,12.665187029818128,0.9211075388100441,3.3052209334765
P2,post,training,13,38112,1,left,C4,9,11.971869746129716,23.056851601137968,24.250066616272896,2.8463802129107285,3.065509528983321
P2,post,training,14,40583,-1,right,C3,5,13.82275822211661,6.414691887339829,9.26179527486948,-3.33418910683898,-1.7389953470986104
P2,post,training,14,40583,-1,right,C4,9,18.31160009338171,19.918687642347656,19.417885404620318,0.3653442599034737,0.25475638531165984
P2,post,training,15,43042,1,left,C3,5,21.625946925233283,11.169608904921986,15.194911885205418,-2.8693716590090985,-1.5327694683890853
P2,post,training,15,43042,1,left,C4,9,31.502004472225206,13.965658776128901,26.515985286341643,-3.5327676213367565,-0.7483041946573401
P2,post,training,16,45512,1,left,C3,5,31.666439195595785,15.9902166111953,10.824781996170277,-2.9674488394290255,-4.661800721770692
P2,post,training,16,45512,1,left,C4,9,39.17959888579393,29.49950585745119,20.971998442248314,-1.232452442206132,-2.7142016866363083
P2,post,training,17,47968,1,left,C3,5,4.582785200092727,47.50555240187349,67.5506296289868,10.156148706121222,11.684998994808144
P2,post,training,17,47968,1,left,C4,9,10.692972770557839,21.105507020206893,29.1234735671889,2.9529732882312465,4.351447112869349
P2,post,training,18,50424,1,left,C3,5,15.561579977457331,11.923315638839759,13.391936267030518,-1.1565664817077128,-0.6521031527435688
P2,post,training,18,50424,1,left,C4,9,8.476065629852894,25.387959048063824,26.632989217632776,4.764334783282863,4.9722560248345085
P2,post,training,19,52880,1,left,C3,5,2.574619205563223,12.653590476177918,12.525097944122368,6.915007701599647,6.870681260807362
P2,post,training,19,52880,1,left,C4,9,12.038302560439108,16.41348466163711,21.952926375513208,1.3463553933330323,2.609271665757231
P2,post,training,20,55320,1,left,C3,5,19.580967246809774,7.7987372876266265,12.080306891334576,-3.9980985025455222,-2.097561736115332
P2,post,training,20,55320,1,left,C4,9,28.691381321338614,15.552966843178325,21.883720411973385,-2.659382113332529,-1.1763029991295522
P2,post,training,21,57800,1,left,C3,5,3.9852948288602628,44.06078022792898,20.51397388474704,10.435917276938104,7.11589342631206
P2,post,training,21,57800,1,left,C4,9,8.495933374626484,41.452538124987484,33.34087186329917,6.883400294057687,5.937658544347412
P2,post,training,22,60264,-1,right,C3,5,11.839907875903304,14.173013169245458,12.593822634746129,0.7811386742484316,0.26809249381156536
P2,post,training,22,60264,-1,right,C4,9,32.79743995867963,18.314163069375464,23.35960329592587,-2.530528688593487,-1.4737448258281791
P2,post,training,23,62720,-1,right,C3,5,8.64843076343616,14.230115196571624,19.07915943237837,2.16271102884094,3.436219241998024
P2,post,training,23,62720,-1,right,C4,9,7.679453640731884,30.30225461523498,32.00950047889865,5.961446200481692,6.199485738643342
P2,post,training,24,65192,-1,right,C3,5,29.943590022128582,13.729383269362916,15.833640547524462,-3.3865283897506537,-2.7672308648867054
P2,post,training,24,65192,-1,right,C4,9,35.38640371392891,22.329101860030814,28.665540840440258,-1.9996517308716526,-0.9147628781258367
P2,post,training,25,67640,-1,right,C3,5,11.640962470225443,11.023169787067085,22.64142167206907,-0.23682392304250802,2.8891480395658693
P2,post,training,25,67640,-1,right,C4,9,26.125433829516705,9.659666489928732,46.71797948379799,-4.321013787123715,2.524205406963665
P2,post,training,26,70104,-1,right,C3,5,5.7286284845413,23.228709693297784,19.776012499531646,6.079744281996417,5.380880697950774
P2,post,training,26,70104,-1,right,C4,9,8.94324759166461,53.7358488089522,32.10906823205823,7.78768859105206,5.551324487695951
P2,post,training,27,72568,1,left,C3,5,31.50268821979996,12.973251764727555,16.19701508443175,-3.8529876875180658,-2.889126283808036
P2,post,training,27,72568,1,left,C4,9,64.26902559213401,23.380508775162966,26.74841645032571,-4.391477579909723,-3.8070363927162907
P2,post,training,28,75016,-1,right,C3,5,2.96723680743749,24.393439504707544,19.48161036246162,9.149208330718228,8.172726454771452
P2,post,training,28,75016,-1,right,C4,9,7.048282165325268,28.193069049748587,26.946281932344156,6.0205907305472,5.8241556743479626
P2,post,training,29,77488,1,left,C3,5,11.144482123703861,20.47151388995947,17.269862017547215,2.640900684592202,1.9022897573850623
P2,post,training,29,77488,1,left,C4,9,32.93739060403432,28.50728241486052,29.61480854016257,-0.6273337191898483,-0.46180260852690586
P2,post,training,30,79936,1,left,C3,5,16.013759505781522,35.7864198781092,24.019653051454373,3.492249511581928,1.760734280087739
P2,post,training,30,79936,1,left,C4,9,13.13392791459175,22.27846108214084,35.96587222662506,2.2949055966203935,4.374959687224832
P2,post,training,31,82376,1,left,C3,5,18.345028500419065,24.93917178112013,56.38243784164878,1.3336363585155633,4.876254589928493
P2,post,training,31,82376,1,left,C4,9,15.590224505716431,25.83045581619942,30.146579049188936,2.1927970074769907,2.863856674747625
P2,post,training,32,84848,1,left,C3,5,24.183199557807665,50.664450887754654,18.2026292053898,3.2118958038545937,-1.2337963721880245
P2,post,training,32,84848,1,left,C4,9,23.450296228180164,59.1629315974475,25.261759258749784,4.01901352525763,0.323152588847033
P2,post,training,33,87304,-1,right,C3,5,2.545992606881896,8.620035644472386,12.714454469349327,5.296519234634948,6.98440592722574
P2,post,training,33,87304,-1,right,C4,9,16.342319724553732,16.96573440672588,21.573850764572406,0.1625896110057612,1.2061396733510015
P2,post,training,34,89752,1,left,C3,5,18.69414666110873,13.734351046979688,20.979229821889316,-1.338975018646042,0.5008389503093006
P2,post,training,34,89752,1,left,C4,9,25.455144205714692,22.601883633140858,42.804485161038485,-0.5163092709105995,2.257137161615655
P2,post,training,35,92200,-1,right,C3,5,12.191579096549514,22.939321147223787,15.53008546654532,2.745206008772776,1.0511388516038036
P2,post,training,35,92200,-1,right,C4,9,21.969845373819744,12.403592574236832,21.39746048440677,-2.482795079639575,-0.11464767299521637
P2,post,training,36,94637,-1,right,C3,5,21.530994808186325,33.40356938060578,20.139504696545394,1.9072878014704742,-0.2901531075695945
P2,post,training,36,94637,-1,right,C4,9,35.63597165323968,76.15966192119608,27.374427464311538,3.298364027105844,-1.1454356012092264
P2,post,training,37,97097,-1,right,C3,5,19.927731375105076,49.103817423027316,30.216929813536137,3.9165739600601848,1.8079247552272637
P2,post,training,37,97097,-1,right,C4,9,12.841598019310927,26.768938890271247,39.671512105753656,3.1901208520533415,4.898596831410655
P2,post,training,38,99576,1,left,C3,5,9.392424178525532,35.6232545097033,19.756144629129835,5.789558958526721,3.229244989927323
P2,post,training,38,99576,1,left,C4,9,35.26547044029525,47.57446029020795,33.037177445859214,1.300241884267914,-0.28346745710986865
P2,post,training,39,102032,1,left,C3,5,16.12367332615154,25.67222551708641,12.91603293228984,2.019995286119389,-0.9633484686573918
P2,post,training,39,102032,1,left,C4,9,9.141635260216285,25.086203619748915,20.69804249345514,4.384110535369668,3.549053847317809
P2,post,training,40,104669,1,left,C3,5,8.831827932342819,38.65666373370807,22.057281306567894,6.411737702435918,3.9750138273104216
P2,post,training,40,104669,1,left,C4,9,17.48744503556196,81.89290752993105,39.20924051264369,6.705199281207946,3.5066206756944185
P2,post,training,41,117896,-1,right,C3,5,11.941239077281852,38.653457582083874,20.928474153561524,5.101389544714169,2.4368817258857236
P2,post,training,41,117896,-1,right,C4,9,52.95175949239686,27.548826927563827,19.577286815685127,-2.837772848747258,-4.321278920411997
P2,post,training,42,120510,-1,right,C3,5,35.66408245927967,5.347738647136674,12.759429988076954,-8.240608808574695,-4.4639978203001425
P2,post,training,42,120510,-1,right,C4,9,61.45859764856835,20.099016046268854,17.029543072825103,-4.854078494623676,-5.573796510062995
P2,post,training,43,122960,-1,right,C3,5,12.963922186260303,14.716876758401693,13.98007403314703,0.5507923744823289,0.3277305568472772
P2,post,training,43,122960,-1,right,C4,9,22.478895115153666,22.258311699022208,21.68267279849517,-0.04282741082164177,-0.15662144782200166
P2,post,training,44,125408,1,left,C3,5,11.640422208792389,15.026190935743857,11.761846554138577,1.108801702002873,0.04506776408380782
P2,post,training,44,125408,1,left,C4,9,13.607551618340512,26.71184977426244,26.91087751930884,2.9292397318124195,2.961478691935515
P2,post,training,45,127871,1,left,C3,5,15.969560895746394,18.756231448000968,21.934286984150333,0.6985260840362575,1.3783054659966947
P2,post,training,45,127871,1,left,C4,9,23.179875759582615,45.881162668506164,35.184988873258476,2.965233108829697,1.8124631413908836
P2,post,training,46,130316,1,left,C3,5,11.001003016357279,10.742152944808941,15.442286603986947,-0.10340952270276502,1.4727932480316448
P2,post,training,46,130316,1,left,C4,9,28.537934490010493,25.11177665669053,29.5761775610656,-0.5554509657304132,0.15519508185427183
P2,post,training,47,132800,1,left,C3,5,7.4411660360620475,14.312913037628773,14.023054038433434,2.840870374652415,2.7520161247476276
P2,post,training,47,132800,1,left,C4,9,17.587374246011613,30.431664265781762,23.931348341124057,2.3812469883127068,1.3376616319926553
P2,post,training,48,135248,-1,right,C3,5,3.827681951043333,31.258150579863724,22.353356612871696,9.120274346736934,7.6640690236554025
P2,post,training,48,135248,-1,right,C4,9,28.357378338981174,32.41766768382875,31.79296195245993,0.5811568844285004,0.4966491280002016
P2,post,training,49,137712,-1,right,C3,5,16.763074557797058,9.686490325973772,13.027074833166491,-2.3818722757983517,-1.0950676871863982
P2,post,training,49,137712,-1,right,C4,9,22.610301894183515,17.881095963905064,23.67612489094762,-1.0191222716115036,0.20004261086526806
P2,post,training,50,140160,-1,right,C3,5,27.409710404927296,150.62906980233592,43.47136492854357,7.400043470911619,2.0029882946858937
P2,post,training,50,140160,-1,right,C4,9,24.802613403638034,35.387356418825846,27.397196603479095,1.5435067625305057,0.4320868224275488
P2,post,training,51,142600,1,left,C3,5,10.97908205461694,27.156675685622993,17.206022211780567,3.9331057493373494,1.9511444831903548
P2,post,training,51,142600,1,left,C4,9,13.21076189651178,36.37174792360694,31.772301216104204,4.398363073765697,3.8112080606194736
P2,post,training,52,145056,-1,right,C3,5,11.80771199116245,8.850299606765164,13.236791527022655,-1.252077784777348,0.4961697751157981
P2,post,training,52,145056,-1,right,C4,9,18.88955528315078,14.589672404073974,28.673608847100613,-1.12176193074228,1.812606230423626
P2,post,training,53,147488,-1,right,C3,5,9.125446569823545,17.641702405828674,12.398824086758157,2.8628636516619714,1.331263717045625
P2,post,training,53,147488,-1,right,C4,9,11.53764335048733,48.77050630092795,25.791214246157217,6.260401541550088,3.493546791342527
P2,post,training,54,149960,1,left,C3,5,9.143270179832268,14.525124845102887,11.429257931027767,2.0101832071008205,0.9691648063531312
P2,post,training,54,149960,1,left,C4,9,14.872550157393515,29.570720349315692,22.964905363210647,2.9847646191563886,1.886792178106753
P2,post,training,55,152416,-1,right,C3,5,4.72781933774791,19.001862204050376,15.630737419569211,6.0413529171983065,5.193185947725371
P2,post,training,55,152416,-1,right,C4,9,12.341815343932595,34.83714102618696,28.741234513235145,4.506634623361455,3.671263740241313
P2,post,training,56,154862,-1,right,C3,5,12.527156980908345,12.457892118618428,18.630570779680486,-0.024079540068187296,1.7237364075162895
P2,post,training,56,154862,-1,right,C4,9,16.556024468790795,16.897263839516505,27.775089008684972,0.08860325757271957,2.246993997752983
P2,post,training,57,157336,1,left,C3,5,17.544065446439774,9.688502936276114,14.219537051940435,-2.5787356354640862,-0.912447815467533
P2,post,training,57,157336,1,left,C4,9,36.091709446345654,17.293668382407873,31.673401465687412,-3.195203256199495,-0.5671274688260907
P2,post,training,58,159784,-1,right,C3,5,13.494650863374204,33.223343281911745,19.876876093407255,3.9128168071489706,1.6818647758977365
P2,post,training,58,159784,-1,right,C4,9,21.42067291398084,45.81064240519762,31.75384940333082,3.301332722169772,1.7096327101763458
P2,post,training,59,162520,-1,right,C3,5,20.947947395356785,14.116641630120245,13.987376534293247,-1.7141008492175884,-1.7540520856442545
P2,post,training,59,162520,-1,right,C4,9,31.995767056120744,14.694675500841246,26.501393016571704,-3.3793252617588694,-0.8182382351617252
P2,post,training,60,164960,-1,right,C3,5,22.587283565565805,24.537490994966888,31.29223533408428,0.35966149106097434,1.4157258358949674
P2,post,training,60,164960,-1,right,C4,9,33.82685865523186,16.49012622768906,35.20518305701259,-3.120376886594803,0.173449381391872
P2,post,training,61,167400,-1,right,C3,5,6.265624222797779,5.817884082948126,15.136939328024392,-0.32199280765610483,3.8307372542335827
P2,post,training,61,167400,-1,right,C4,9,13.201597455571365,16.19980293280943,27.78324668976047,0.8888324540714136,3.231565090086774
P2,post,training,62,169838,1,left,C3,5,18.796581121893713,10.003885472267811,12.533291623229694,-2.739101522210495,-1.7601371846129044
P2,post,training,62,169838,1,left,C4,9,26.023492637076238,6.763396261687152,22.747150741794208,-5.852007500839333,-0.5843857757679051
P2,post,training,63,172304,1,left,C3,5,16.39996901468183,13.976468306148838,12.89638590422964,-0.6944558349420731,-1.0437500727290043
P2,post,training,63,172304,1,left,C4,9,95.58026398574245,17.132420325918197,21.880280437837236,-7.465495048625296,-6.403153416608697
P2,post,training,64,175040,-1,right,C3,5,10.918736638901198,14.959764589372455,15.456819006638899,1.3675236852723658,1.5094773064769997
P2,post,training,64,175040,-1,right,C4,9,21.079178500149936,15.069046838305429,30.302738460482303,-1.457678987269586,1.57628195994522
P2,post,training,65,177496,1,left,C3,5,20.41813658845303,16.218839836434913,13.610506046389236,-0.9999631963048525,-1.7614183190992554
P2,post,training,65,177496,1,left,C4,9,62.417131021261596,14.953730827782872,14.368233248402015,-6.2055424368067635,-6.379004330630648
P2,post,training,66,179944,-1,right,C3,5,10.951087704091556,24.884881056996118,12.446996359737334,3.5647831216032957,0.5560730541993716
P2,post,training,66,179944,-1,right,C4,9,17.618108541045654,31.044796339776326,18.362076345505038,2.46029533885423,0.17962507516020887
P2,post,training,67,182384,-1,right,C3,5,4.3089976907711875,18.88013535449334,19.483443964140505,6.416288421485348,6.552894654479516
P2,post,training,67,182384,-1,right,C4,9,31.56958631379031,34.85834946210983,38.24894916905864,0.43037928521540525,0.8335061712453661
P2,post,training,68,184847,-1,right,C3,5,10.800543108122895,25.03253027040187,19.85827337088259,3.6505915535794644,2.6449589029282903
P2,post,training,68,184847,-1,right,C4,9,16.507758852557107,41.38294784010384,36.91197058463614,3.9913330759785053,3.4947911506272415
P2,post,training,69,187312,1,left,C3,5,8.259143008665713,15.12892299066031,12.948265632261183,2.62873026164475,1.9527661425456457
P2,post,training,69,187312,1,left,C4,9,10.950100115711573,19.021636873320915,23.58244163482918,2.398297967461344,3.3317067835157523
P2,post,training,70,189752,1,left,C3,5,2.7292130249889865,15.994634878807087,14.048689131675978,7.679368953219169,7.115983673182612
P2,post,training,70,189752,1,left,C4,9,4.953882418208487,17.878087230877416,21.543306636340795,5.5737535768867295,6.3836666874443875
P2,post,training,71,192215,1,left,C3,5,15.370619994350209,16.89376116638989,12.474370097422781,0.41034964404440216,-0.9067276087030376
P2,post,training,71,192215,1,left,C4,9,15.690758676965046,32.02526126319471,25.954882968663433,3.0984873839116878,2.18575131943104
P2,post,training,72,194689,-1,right,C3,5,11.651668083612499,15.767013636090079,12.29772106927468,1.3136133866262092,0.23436533811872604
P2,post,training,72,194689,-1,right,C4,9,37.08098294657218,36.35120226418516,24.845609083937383,-0.0863245884521145,-1.7390159011513262
P2,post,training,73,197131,1,left,C3,5,22.65133944158086,86.76826273680437,27.515934999848316,5.832670139072444,0.8449038661427035
P2,post,training,73,197131,1,left,C4,9,29.863308071536462,56.98181745678326,33.55214352359622,2.8059838261694092,0.5058235638014001
P2,post,training,74,199616,1,left,C3,5,12.510295784089704,17.552994538911378,12.213652918521534,1.470836397635109,-0.10422003677286687
P2,post,training,74,199616,1,left,C4,9,23.706226498077484,19.52245026886574,21.18910170211573,-0.8432810430692405,-0.4874988402028323
P2,post,training,75,202088,1,left,C3,5,13.780449562357441,24.177818666503413,12.398096737686723,2.4415373017356377,-0.45908365213002095
P2,post,training,75,202088,1,left,C4,9,17.732304136157737,38.90967364257007,30.14155955445711,3.4129241663938577,2.304005478848109
P2,post,training,76,204528,1,left,C3,5,2.7513961980630084,8.648515845823935,13.086391634606242,4.973884526417696,6.772667804005236
P2,post,training,76,204528,1,left,C4,9,10.569282823268443,17.403194859781998,25.31480245199311,2.16583463579772,3.793290233159732
P2,post,training,77,206984,1,left,C3,5,7.5727170268574255,7.097279252790995,10.258238974994326,-0.2815983513535074,1.3182108348254098
P2,post,training,77,206984,1,left,C4,9,28.787287062831723,9.00486438970822,17.228610470891255,-5.0472356167105925,-2.2295048658402985
P2,post,training,78,209437,-1,right,C3,5,7.389853708200444,23.778475851925492,18.968014304236686,5.075481727985918,4.093860274283868
P2,post,training,78,209437,-1,right,C4,9,39.010820838958736,42.37389414543029,33.2554100843403,0.3591328880484549,-0.6932278089123424
P2,post,training,79,211920,1,left,C3,5,10.444505168073125,20.449311254636704,14.168307900288502,2.9179081615907188,1.3243011708166628
P2,post,training,79,211920,1,left,C4,9,50.612308998445805,51.5345032385243,32.53220135861653,0.07841943233791482,-1.9194269912243833
P2,post,training,80,214664,-1,right,C3,5,14.159625379176989,49.454164316320394,19.318084127492344,5.431511041008941,1.3491228963737631
P2,post,training,80,214664,-1,right,C4,9,44.76850326674254,25.288043260556748,22.436430019412615,-2.480573491913409,-3.0001881981685523
P3,pre,training,1,1976,-1,right,C3,5,36.5496006565392,13.434687109102981,17.34931892193409,-4.346550799239437,-3.2360020572144
P3,pre,training,1,1976,-1,right,C4,9,21.761647588842273,18.1751151202501,19.67027800824399,-0.7821460265674636,-0.43881274967802364
P3,pre,training,2,4416,1,left,C3,5,10.560290574936671,13.482174175626973,13.893758384514229,1.060840651445606,1.1914387380218803
P3,pre,training,2,4416,1,left,C4,9,16.10287696165206,10.846706104539562,15.107305843936906,-1.7160560165140104,-0.27716453109307
P3,pre,training,3,6864,1,left,C3,5,30.39028440612049,17.488008017256295,10.86634907385649,-2.3999442071951598,-4.4665111209651105
P3,pre,training,3,6864,1,left,C4,9,29.760911535814014,36.27297532518291,16.153955880122144,0.8593695153746947,-2.6536733652396065
P3,pre,training,4,9304,-1,right,C3,5,12.651551624158177,7.828929113674923,8.695104454325616,-2.084414311507024,-1.6286898840194812
P3,pre,training,4,9304,-1,right,C4,9,4.627384576196483,7.425492125124873,8.602326452778728,2.0538964717105883,2.6928032505229726
P3,pre,training,5,11784,-1,right,C3,5,15.218918924741859,14.289063519208648,12.680288269278895,-0.27380036634324456,-0.7925467668200082
P3,pre,training,5,11784,-1,right,C4,9,11.812964068569517,35.55598635626908,16.6989387805329,4.785538479036719,1.50329989586321
P3,pre,training,6,14248,1,left,C3,5,7.8128840366288745,17.49746177231216,13.835803866181696,3.5016367505293244,2.4819301860102736
P3,pre,training,6,14248,1,left,C4,9,10.655841439865313,22.22548682217688,16.213707494577232,3.1926353291434877,1.8229458428494825
P3,pre,training,7,16720,-1,right,C3,5,4.393212714724436,8.570984187522425,11.855391092824018,2.9024846202488845,4.311336534649987
P3,pre,training,7,16720,-1,right,C4,9,5.260207807434037,21.8939006367193,17.180042548402817,6.193202412130304,5.140213335404749
P3,pre,training,8,19168,1,left,C3,5,8.130290724238236,23.121893482561305,11.7560387504696,4.539173207132432,1.6015493348894636
P3,pre,training,8,19168,1,left,C4,9,5.758527667100714,30.145305987042114,16.73018148792388,7.189082387231672,4.6318919442119135
P3,pre,training,9,21648,-1,right,C3,5,17.298659991432345,14.34525116374893,18.534672367355277,-0.8130430612523154,0.2997245090508267
P3,pre,training,9,21648,-1,right,C4,9,22.541929025358847,12.991396309562637,17.000756336544555,-2.3933524668485977,-1.225228351693049
P3,pre,training,10,24080,-1,right,C3,5,22.673997232787798,9.43088667949894,10.538261283154394,-3.8097556284785687,-3.327591271330912
P3,pre,training,10,24080,-1,right,C4,9,11.09221354733804,13.292069852867204,11.90146962837169,0.7857439290415268,0.3058237063474859
P3,pre,training,11,26520,1,left,C3,5,13.31131203502348,7.992766800846525,16.74197193195837,-2.2152372194124275,0.9958574549422762
P3,pre,training,11,26520,1,left,C4,9,22.491884094998138,10.772222617231877,14.823410342380406,-3.197205169395257,-1.810777059033192
P3,pre,training,12,28965,1,left,C3,5,4.361489068100937,35.17177239174816,15.26669273740366,9.065594657595875,5.441101766526546
P3,pre,training,12,28965,1,left,C4,9,9.594124953830795,16.48727218389135,13.01553960435219,2.3514343723125712,1.3245680758738327
P3,pre,training,13,31426,1,left,C3,5,6.728494647045148,31.07265261145449,19.376657933854634,6.64460418470323,4.593609612698016
P3,pre,training,13,31426,1,left,C4,9,9.461976568617764,11.179240224246136,12.039579341140687,0.7243042031787644,1.0462944484472814
P3,pre,training,14,33888,-1,right,C3,5,5.701935859852063,11.86713681161586,8.87207149427124,3.1832362151349898,1.9200270515980882
P3,pre,training,14,33888,-1,right,C4,9,17.453148634213456,11.844983372340877,14.083028447568246,-1.6833933182413099,-0.9317773067659199
P3,pre,training,15,36328,-1,right,C3,5,6.948392670779123,16.953068515164084,11.931862378864707,3.8736396368615535,2.348238820823622
P3,pre,training,15,36328,-1,right,C4,9,6.184326783531201,21.478235870958734,13.540635723704945,5.40706177532099,3.403466247633587
P3,pre,training,16,38768,1,left,C3,5,5.845754217910688,14.842417525923087,11.732800438053005,4.0466409269319845,3.025611321758382
P3,pre,training,16,38768,1,left,C4,9,22.683376368155894,20.19180182041129,11.810672060311584,-0.5053262371446393,-2.8343308787370187
P3,pre,training,17,41226,-1,right,C3,5,24.302008047988952,12.837153764190242,12.872013383996151,-2.7717341711279753,-2.7599567769294686
P3,pre,training,17,41226,-1,right,C4,9,14.943895210429408,16.54202303637643,13.372613915121994,0.44124807749895695,-0.48247507400329986
P3,pre,training,18,43664,1,left,C3,5,11.360178267705816,7.6026160613544835,10.417953139044485,-1.7442208772639045,-0.3760274691960388
P3,pre,training,18,43664,1,left,C4,9,24.812927301400403,12.973717730062113,12.109649533698297,-2.8161355839502185,-3.1154642874668275
P3,pre,training,19,46128,-1,right,C3,5,7.07803546600606,10.313314137196787,12.620772182511654,1.634855118615348,2.5117319292807894
P3,pre,training,19,46128,-1,right,C4,9,15.869296576945512,18.70323727263894,18.06465137233569,0.7135910680544775,0.562719079573478
P3,pre,training,20,48568,1,left,C3,5,14.558064600643629,19.187055601431542,15.232802461380878,1.1990469187377586,0.19676167993611157
P3,pre,training,20,48568,1,left,C4,9,15.259228388259253,17.225174803958257,17.570968931101728,0.526310646428485,0.6126313757869525
P3,pre,training,21,51032,-1,right,C3,5,18.396638956298084,6.8645012617382895,15.325366182718916,-4.281294959950259,-0.7932762487786644
P3,pre,training,21,51032,-1,right,C4,9,5.188624228689444,15.83074800110286,21.789923513961313,4.844492164190307,6.232034865127286
P3,pre,training,22,53512,-1,right,C3,5,9.757627459316444,27.68100615709196,10.96356921920557,4.528376389553777,0.5060772991899207
P3,pre,training,22,53512,-1,right,C4,9,7.232904291945747,33.900926131905635,13.598923573476366,6.708988443455034,2.741918146173439
P3,pre,training,23,55963,-1,right,C3,5,5.318651488419665,8.964266311706197,11.915170730294514,2.267132165971188,3.5029873611281643
P3,pre,training,23,55963,-1,right,C4,9,7.339223181969855,24.548657055207514,16.88301270803274,5.243776442729326,3.6179985279793714
P3,pre,training,24,58408,-1,right,C3,5,13.32566857551926,6.014022059294047,9.646584334326468,-3.455239909208922,-1.4031544223807793
P3,pre,training,24,58408,-1,right,C4,9,28.519276448067142,9.233688314286095,9.54672092255684,-4.897632922645023,-4.752842758921553
P3,pre,training,25,60859,1,left,C3,5,1.4544119503585218,8.385324341909307,11.490194264904014,7.608324313236454,8.976399370466002
P3,pre,training,25,60859,1,left,C4,9,5.395852855695177,6.142578693922749,10.391869234921085,0.5629063103028902,2.8463357519753076
P3,pre,training,26,63352,-1,right,C3,5,35.804312941304765,16.071970049164094,15.227852578214602,-3.478662299337769,-3.712966806166462
P3,pre,training,26,63352,-1,right,C4,9,32.64566949627182,17.227808668375996,12.072892739508287,-2.775955396747754,-4.320142373276469
P3,pre,training,27,65792,1,left,C3,5,15.986172509348524,21.175169831197003,13.970625098188066,1.2208240698791202,-0.5852865668685008
P3,pre,training,27,65792,1,left,C4,9,34.41470471566951,12.834180464715967,10.257369164997693,-4.283759058566616,-5.257080614287636
P3,pre,training,28,68256,-1,right,C3,5,18.989290892482106,13.223876420167498,12.465887591545071,-1.5714996538838255,-1.8278554098315292
P3,pre,training,28,68256,-1,right,C4,9,20.849967647775365,15.454963018526406,11.51730462224874,-1.3003741523233066,-2.5775453174585783
P3,pre,training,29,70712,1,left,C3,5,18.455380121760058,29.6702784508331,14.69564829724797,2.061986274203722,-0.9893424500549055
P3,pre,training,29,70712,1,left,C4,9,14.158744391314533,12.625098279134745,13.09922114832932,-0.4978997394533379,-0.3377926727970538
P3,pre,training,30,73144,-1,right,C3,5,14.4412252004289,34.851966079264805,25.324440003832766,3.8262324212438967,2.4393581009151015
P3,pre,training,30,73144,-1,right,C4,9,20.485518764582302,24.595779939124096,16.332581680079983,0.7941363243916484,-0.983921274788478
P3,pre,training,31,75592,-1,right,C3,5,15.13571291913531,9.452853101565267,10.415667615922839,-2.044399728613852,-1.6231576955155915
P3,pre,training,31,75592,-1,right,C4,9,4.825364851375171,24.867172828062795,16.360568587179113,7.120962563085422,5.302682364294792
P3,pre,training,32,78040,-1,right,C3,5,9.321885533336905,11.776714954171226,8.057525853088428,1.0152039765900078,-0.6330205812855026
P3,pre,training,32,78040,-1,right,C4,9,11.15952210373375,17.57228035705791,11.59090109349972,1.9718252686443032,0.16471603222183548
P3,pre,training,33,80474,1,left,C3,5,22.414254211080713,13.261276225278467,12.361073916394353,-2.2793897190001515,-2.5846808975788758
P3,pre,training,33,80474,1,left,C4,9,15.965969326751212,17.946979212885406,12.47727848527183,0.5079606920543109,-1.0707542220318718
P3,pre,training,34,82920,1,left,C3,5,45.573889103229284,7.862957726380131,6.251807020871665,-7.631301504363313,-8.627105273447796
P3,pre,training,34,82920,1,left,C4,9,19.55186629978367,13.76747804095345,9.36158676481001,-1.5233382630905217,-3.198387519939703
P3,pre,training,35,85376,1,left,C3,5,54.600247252991274,13.478375979725444,13.724733466944002,-6.075570425151152,-5.996906901328138
P3,pre,training,35,85376,1,left,C4,9,32.72264981349966,12.025899130658132,13.840373202621432,-4.347309079019429,-3.7370066377154876
P3,pre,training,36,87816,1,left,C3,5,1.4241100271003926,13.752551977541325,12.434945434780397,9.84839750735219,9.411003396037806
P3,pre,training,36,87816,1,left,C4,9,6.371309872720197,24.38455277520103,12.709797447890473,5.828860670394194,2.9990990160748403
P3,pre,training,37,90262,1,left,C3,5,2.9876056009423273,9.831798722082562,10.669610237171675,5.173097140831735,5.52825289906102
P3,pre,training,37,90262,1,left,C4,9,3.967953780715874,17.425268710066568,9.582856715853303,6.426128791638678,3.8292838977965262
P3,pre,training,38,92744,1,left,C3,5,3.25507699675086,8.369592960983235,10.227171431663455,4.1014307144994415,4.971942698336161
P3,pre,training,38,92744,1,left,C4,9,15.6155940961756,12.183958385746687,11.899997576781912,-1.077701046393425,-1.180116386827079
P3,pre,training,39,95192,-1,right,C3,5,3.7336536170374717,12.766184389667046,10.420561454542597,5.339270883183738,4.457570945626444
P3,pre,training,39,95192,-1,right,C4,9,8.627061071086741,15.883977858576628,16.976394852351145,2.6509640058326274,2.9398259546322194
P3,pre,training,40,97760,1,left,C3,5,3.613832741850425,10.42752927979512,16.20255352554712,4.60213369645795,6.516154164871692
P3,pre,training,40,97760,1,left,C4,9,5.96848622753179,12.200549406606289,14.263417100736232,3.1051519190524863,3.7835938627798553
P3,pre,training,41,107384,-1,right,C3,5,6.108467427349371,17.797682814010283,17.406912157847895,4.644312002150654,4.547894753055535
P3,pre,training,41,107384,-1,right,C4,9,5.320871455615992,11.408332588554686,14.341986725156008,3.312394065948387,4.306265490467498
P3,pre,training,42,109808,-1,right,C3,5,19.911408364774946,12.07836824065221,12.615395975983347,-2.17093713358157,-1.9820109259748795
P3,pre,training,42,109808,-1,right,C4,9,16.707584526085828,29.51495452525963,14.853471580585222,2.471284514649052,-0.5108569734110787
P3,pre,training,43,112280,-1,right,C3,5,25.867845359335792,11.072180037671908,11.289983289422045,-3.6852711706912507,-3.6006695690970125
P3,pre,training,43,112280,-1,right,C4,9,14.229961960956643,6.5563631988028375,12.752477508167766,-3.3654073523676358,-0.4760917291588482
P3,pre,training,44,114728,1,left,C3,5,5.729044032359502,8.267721967321437,10.981895833825275,1.5930370327679524,2.8259515982684285
P3,pre,training,44,114728,1,left,C4,9,14.92013744429056,13.21641264896357,9.257346338759564,-0.5265923394371925,-2.072863118800959
P3,pre,training,45,117184,-1,right,C3,5,8.149590140108156,22.995640510290524,17.165952118593484,4.50509743009314,3.235321290889063
P3,pre,training,45,117184,-1,right,C4,9,16.513812795934506,11.2964479886988,12.995048328446067,-1.6490544995847256,-1.0406945805735721
P3,pre,training,46,119616,1,left,C3,5,11.619911227807298,24.971562475103056,14.149715160652907,3.3224290688046105,0.8554488722509532
P3,pre,training,46,119616,1,left,C4,9,33.21798650447598,12.28247281262274,10.331853318049497,-4.320874928268425,-5.0719507247970705
P3,pre,training,47,122064,1,left,C3,5,8.33770219565827,9.135312850352545,12.591550406266524,0.39677045881700135,1.7903282935293836
P3,pre,training,47,122064,1,left,C4,9,7.75792405542216,10.067432025972606,13.20860041944273,1.131731821382815,2.311112784495747
P3,pre,training,48,124496,-1,right,C3,5,12.149623692550197,11.77894764647927,11.776147784969407,-0.1345633534972105,-0.1355957962763898
P3,pre,training,48,124496,-1,right,C4,9,5.150588466898576,3.532567588378037,12.542550808253083,-1.6376637111917145,3.8652901792782925
P3,pre,training,49,126952,1,left,C3,5,21.8164601298471,13.805967177171016,14.457920957628899,-1.9871744816754662,-1.7867843861096364
P3,pre,training,49,126952,1,left,C4,9,19.893656890974814,10.59913307657712,14.439689057240196,-2.7344427838639387,-1.3915678204297035
P3,pre,training,50,129408,1,left,C3,5,10.304788115120761,8.127482358063382,11.91280252092367,-1.0308303086856312,0.6297487618805474
P3,pre,training,50,129408,1,left,C4,9,2.9758194072117234,9.37149224013725,10.81172460590738,4.98202178156256,5.6028840314933115
P3,pre,training,51,131888,1,left,C3,5,17.794201002126876,14.061367872026127,11.186515636262612,-1.022509216669025,-2.015836580039213
P3,pre,training,51,131888,1,left,C4,9,7.843979864801784,17.23490711385487,12.446247225810897,3.418724769753609,2.0050195315511736
P3,pre,training,52,134350,1,left,C3,5,16.28347611096045,10.555013667478732,14.525655572900298,-1.882883213520345,-0.4961137924188741
P3,pre,training,52,134350,1,left,C4,9,9.104491089710336,11.004530430208025,15.366058689056473,0.8231584046828373,2.273068123824299
P3,pre,training,53,136808,1,left,C3,5,5.08921503718766,8.619230655179738,16.464974542432103,2.288177010912863,5.099102618312007
P3,pre,training,53,136808,1,left,C4,9,19.99315353831533,9.85326074463279,13.001958134594922,-3.0730132560581875,-1.8687253787769478
P3,pre,training,54,139272,-1,right,C3,5,18.667880027087556,8.572086981688987,11.42934455377148,-3.380084319257704,-2.130736758059109
P3,pre,training,54,139272,-1,right,C4,9,25.775105002431207,5.783253999335049,10.551440031649156,-6.490281763373304,-3.878887081841823
P3,pre,training,55,141712,-1,right,C3,5,10.881873053358197,20.087975769529418,14.326607840243677,2.6623252068005487,1.1943971801324909
P3,pre,training,55,141712,-1,right,C4,9,7.296682481141067,14.360474427045657,10.371995584376192,2.9404333981365482,1.527368750890767
P3,pre,training,56,144160,1,left,C3,5,14.985508216114669,12.679584802828368,10.176118532572495,-0.7256644346160623,-1.6808931907986537
P3,pre,training,56,144160,1,left,C4,9,9.489212888542125,17.33571902332205,14.99088067034794,2.6171166928809457,1.9859695707480127
P3,pre,training,57,146608,-1,right,C3,5,29.277483320888525,7.893038596254691,13.622229096403446,-5.692895157633737,-3.32285562334194
P3,pre,training,57,146608,-1,right,C4,9,21.50502191275609,10.540691577718919,17.081373879555702,-3.0967078342541976,-1.0001709072916345
P3,pre,training,58,149056,1,left,C3,5,17.272529493982592,20.177569519871884,12.41745050700063,0.6751290936035109,-1.4332350526664506
P3,pre,training,58,149056,1,left,C4,9,6.79587230995698,13.266085638182204,10.468630015367182,2.9049758636420586,1.8764464098300553
P3,pre,training,59,151648,-1,right,C3,5,6.358821107991603,25.993636667467133,22.17201925918314,6.114904369875465,5.424286399628636
P3,pre,training,59,151648,-1,right,C4,9,5.165402634236749,16.843155640257187,21.150536950470542,5.133192821113145,6.122172176399891
P3,pre,training,60,154120,-1,right,C3,5,17.105135808581576,15.238571008442866,15.614869027374198,-0.5018228357266168,-0.3958818082008182
P3,pre,training,60,154120,-1,right,C4,9,6.6186493447350605,8.608212975452618,13.848795074326233,1.1414363049058476,3.2064261607268163
P3,pre,training,61,156720,1,left,C3,5,8.068361754911987,10.24202353412838,14.049999760759693,1.036004073177335,2.408909547420928
P3,pre,training,61,156720,1,left,C4,9,5.44791276420648,10.282703196495003,13.903671924245902,2.758771556260532,4.0689936673264295
P3,pre,training,62,159176,1,left,C3,5,7.305587706094954,19.884813613998556,16.029855273300107,4.348663655993297,3.412744423366036
P3,pre,training,62,159176,1,left,C4,9,18.371684989811342,3.4733359981683654,13.324419145631296,-7.23402192731061,-1.395007043619477
P3,pre,training,63,161616,-1,right,C3,5,2.078970560351052,10.148321909802378,12.7477102261542,6.885458953371746,7.875838433064271
P3,pre,training,63,161616,-1,right,C4,9,9.697643015270854,7.845866698161944,13.400856440352555,-0.9202526788317535,1.404663616954698
P3,pre,training,64,164080,-1,right,C3,5,16.43744281570666,15.91757423766155,21.658088564350866,-0.13957370929346655,1.1978587033269374
P3,pre,training,64,164080,-1,right,C4,9,12.843758372628857,18.80228509114789,20.339575904226134,1.6551850675612712,1.9964976664225809
P3,pre,training,65,166520,1,left,C3,5,11.655913515253363,14.990898159288019,20.231310750828342,1.0928133740313775,2.394777044651523
P3,pre,training,65,166520,1,left,C4,9,25.93450962838158,6.214436086024526,14.622203960829474,-6.204763149721801,-2.4886520327835946
P3,pre,training,66,168952,-1,right,C3,5,27.889447476766613,23.636277586557,14.972720793079764,-0.7186082872857115,-2.701391843946135
P3,pre,training,66,168952,-1,right,C4,9,24.609538385571035,22.32757829330474,27.630981858892934,-0.42261846555769855,0.502928502360528
P3,pre,training,67,171424,-1,right,C3,5,20.430634644921092,14.872587022246151,14.052548139688756,-1.378953387625756,-1.6252677577776726
P3,pre,training,67,171424,-1,right,C4,9,13.089735333424526,41.91583206999325,21.55290371867401,5.05447226281428,2.165749233712427
P3,pre,training,68,173880,1,left,C3,5,9.897165372051091,12.800279757481118,14.505226826189862,1.1170863454149929,1.6601369752691455
P3,pre,training,68,173880,1,left,C4,9,22.974726594095987,8.83419328082047,17.336141807106294,-4.150834550260526,-1.222979010670367
P3,pre,training,69,176328,1,left,C3,5,12.627400432338412,5.657405497723353,10.11563355947684,-3.486966446074793,-0.9632086419811645
P3,pre,training,69,176328,1,left,C4,9,15.132195836454688,3.1937331539067393,11.122855524218334,-6.756033264723925,-1.336856570015351
P3,pre,training,70,178768,-1,right,C3,5,3.959175458222985,20.855158546791955,22.125493961595442,7.216087470771512,7.472882265512898
P3,pre,training,70,178768,-1,right,C4,9,9.664857536747679,7.039557123875124,15.526673865111148,-1.3765011931421838,2.058829740608082
P3,pre,training,71,181208,-1,right,C3,5,27.78138127603892,24.801158386207405,15.615347898215507,-0.49281868971377973,-2.502021704088028
P3,pre,training,71,181208,-1,right,C4,9,17.67935731779275,14.896772650561768,16.5232750267042,-0.7437428367342701,-0.29370341768383884
P3,pre,training,72,183667,1,left,C3,5,4.414503218275166,13.10420498523413,16.20128662172808,4.725288402444965,5.646676675498631
P3,pre,training,72,183667,1,left,C4,9,27.33548277822181,17.910829444307968,14.921887748114347,-1.8361105012784653,-2.6290297984176423
P3,pre,training,73,186144,1,left,C3,5,16.27052160325774,34.29088102002022,17.975013917015826,3.2377716753971204,0.4326775945489806
P3,pre,training,73,186144,1,left,C4,9,5.1233644946095325,44.80523596333009,19.60052150554092,9.417735145946654,5.82712372411183
P3,pre,training,74,188592,-1,right,C3,5,12.058992720308076,7.0265767839890305,15.284110617107928,-2.3456723654681975,1.0292913919930555
P3,pre,training,74,188592,-1,right,C4,9,10.202202609354313,15.697260003299926,16.655188916977625,1.8712990771984077,2.1285561908641286
P3,pre,training,75,191072,-1,right,C3,5,23.296543489058152,18.6050402816595,12.866043008808886,-0.9766087483466155,-2.578464906484408
P3,pre,training,75,191072,-1,right,C4,9,29.294638421187454,17.528257756057634,21.408018828817312,-2.230493909776402,-1.362116638932879
P3,pre,training,76,193520,-1,right,C3,5,44.260112118643,24.045659231961253,15.240086838916156,-2.649758216155416,-4.630250680906098
P3,pre,training,76,193520,-1,right,C4,9,25.950551486159483,24.179533260998728,14.77871646367121,-0.3069867826563944,-2.4450987457877638
P3,pre,training,77,195976,1,left,C3,5,9.513626733601495,40.55387722734312,19.074209229729178,6.296862741394092,3.021004343001492
P3,pre,training,77,195976,1,left,C4,9,26.97957178306381,10.112929066133763,14.737122578699218,-4.261580912807758,-2.626223564560358
P3,pre,training,78,198432,1,left,C3,5,9.196237428869045,42.054757122193806,17.19171539775562,6.602049537722046,2.7170903758824223
P3,pre,training,78,198432,1,left,C4,9,13.757429768077154,13.99250928767728,13.738635308616331,0.07358299438633234,-0.005937090476485411
P3,pre,training,79,200880,1,left,C3,5,16.855526337724744,43.69493591869551,16.638395605829924,4.136887882341978,-0.056308723643528034
P3,pre,training,79,200880,1,left,C4,9,23.04047214670151,15.979834240420894,10.474099220672699,-1.5891910438619894,-3.423746907931357
P3,pre,training,80,203488,-1,right,C3,5,10.812662999329033,8.035897712843283,13.524630560243722,-1.2889826737522925,0.9719274327347981
P3,pre,training,80,203488,-1,right,C4,9,6.788992554998499,20.911416154529924,16.202786789753986,4.8857811251513255,3.7778438480199217
P3,post,training,1,1040,-1,right,C3,5,17.433674437210314,11.16232952685757,11.699043543102546,-1.936340922296273,-1.7323857415896424
P3,post,training,1,1040,-1,right,C4,9,28.15586292939979,8.383899098289856,12.725494697238883,-5.261227994094736,-3.448941679519504
P3,post,training,2,3472,-1,right,C3,5,26.519899307317438,21.788890185199676,13.360155538937235,-0.8533676070856279,-2.9776035654946313
P3,post,training,2,3472,-1,right,C4,9,38.36582322924142,21.001585950195622,16.204509764659235,-2.6169242941010613,-3.74308624601548
P3,post,training,3,5960,-1,right,C3,5,32.523059777764416,16.845021842470288,7.059231199922779,-2.857198189247864,-6.634339914855167
P3,post,training,3,5960,-1,right,C4,9,12.863810114945055,14.962909312273782,10.106663230069149,0.6564642300598279,-1.0476182618538763
P3,post,training,4,8408,1,left,C3,5,15.461232146617744,16.607663124944406,10.051900237430198,0.3106442585084576,-1.8699593136223414
P3,post,training,4,8408,1,left,C4,9,3.8830150338822573,17.943944078054788,10.833999284186355,6.647488350981993,4.456197305481982
P3,post,training,5,10856,1,left,C3,5,3.7052471482101104,5.131621173816362,9.20528777122723,1.4143740674142977,3.952201880674708
P3,post,training,5,10856,1,left,C4,9,5.054300046688903,12.510518903808672,11.104152799654448,3.9361430338978884,3.4182440921508404
P3,post,training,6,13304,-1,right,C3,5,6.5766956166321995,5.47433431992172,10.835091913640586,-0.7967642582576457,2.1682485751553466
P3,post,training,6,13304,-1,right,C4,9,14.452751617350621,17.09269949727538,17.42087816319888,0.7286011843746376,0.8111950440018043
P3,post,training,7,15769,-1,right,C3,5,13.33559380545021,15.946485471681648,11.212877646614896,0.7765262287456138,-0.7529527544383113
P3,post,training,7,15769,-1,right,C4,9,18.91092315640687,35.04042705232074,15.755030674721137,2.6785666055664237,-0.7929347682663063
P3,post,training,8,18232,1,left,C3,5,20.54966058152979,16.93053075674433,12.82767829570286,-0.8413407997570328,-2.0465659327804646
P3,post,training,8,18232,1,left,C4,9,10.219986458904351,11.60260909695011,11.308491382627295,0.5510534031676658,0.4395435104873507
P3,post,training,9,20696,-1,right,C3,5,7.016837691316429,13.973563204027355,12.75706077286542,2.9916573278990537,2.5960919360800707
P3,post,training,9,20696,-1,right,C4,9,4.829215848045624,7.491033000557568,14.288855040722915,1.906650931031721,4.711208131837581
P3,post,training,10,23144,-1,right,C3,5,5.016366221101623,66.61882731281987,24.61658839556104,11.232077488029784,6.908386292841996
P3,post,training,10,23144,-1,right,C4,9,7.310422900613327,23.250264195609915,12.635791388193663,5.024853910119733,2.3765994608239747
P3,post,training,11,25592,-1,right,C3,5,3.4308867144008675,16.876242492098072,12.882196205164593,6.918693788866395,5.745835313115466
P3,post,training,11,25592,-1,right,C4,9,7.8236016451975345,17.176729931593194,15.960864104407264,3.4153375798370083,3.096496705541423
P3,post,training,12,28032,-1,right,C3,5,6.459865968716819,20.4894034483352,19.843568489492306,5.013058068312823,4.873962672549977
P3,post,training,12,28032,-1,right,C4,9,70.81223264180488,31.86509836333584,18.497490377142192,-3.4679302406374113,-5.829954774282953
P3,post,training,13,30488,-1,right,C3,5,17.130057708980026,23.016156897209243,12.938201002207254,1.2827398335293994,-1.218849321855315
P3,post,training,13,30488,-1,right,C4,9,35.104640976182026,41.19224794429399,18.943330648431363,0.6945095717482785,-2.679081959856143
P3,post,training,14,32952,-1,right,C3,5,10.734099884569053,15.932988481618459,13.835933134294965,1.7153160994338026,1.1024282227513473
P3,post,training,14,32952,-1,right,C4,9,28.3202979007507,17.429668914911765,16.18434980359502,-2.108086798261254,-2.430025608057976
P3,post,training,15,35402,-1,right,C3,5,2.7425368440320126,15.577471635015282,12.790602788184088,7.54344498398193,6.687385414184968
P3,post,training,15,35402,-1,right,C4,9,5.19146859699754,12.431894744680012,24.549186705768076,3.792470931678907,6.747468775542476
P3,post,training,16,37872,1,left,C3,5,50.10020158245676,18.175195173229305,15.579864127394885,-4.403603900908182,-5.072758074379678
P3,post,training,16,37872,1,left,C4,9,59.12895462872159,20.256508892954812,16.161422563990644,-4.652356019389657,-5.633206152734664
P3,post,training,17,40318,1,left,C3,5,7.1706546021156985,21.347314252133447,12.74685097403882,4.737844395490797,2.498441046156932
P3,post,training,17,40318,1,left,C4,9,4.054535445585954,25.74409122208908,17.95328402952092,8.027364641817554,6.462028002227466
P3,post,training,18,42792,-1,right,C3,5,10.573376423723372,33.783599758045014,20.13946595596667,5.04492229423339,2.7983425621918485
P3,post,training,18,42792,-1,right,C4,9,7.625511000176303,22.066775748651636,23.865926302832097,4.614699296558039,4.955093432999513
P3,post,training,19,45248,1,left,C3,5,6.773681741900848,17.995014278122902,18.094291523680123,4.243274079038027,4.267167954369306
P3,post,training,19,45248,1,left,C4,9,8.393543566724114,22.28544739455314,21.301400878352673,4.240760082700155,4.044628166077215
P3,post,training,20,47704,1,left,C3,5,3.8204688935721838,62.38086008312323,53.170244178536116,12.129346903577256,11.435519867800226
P3,post,training,20,47704,1,left,C4,9,5.603225331557764,63.55403212867607,63.13678492767766,10.547050213839665,10.518443750266941
P3,post,training,21,50168,-1,right,C3,5,9.016989629706297,3.4619006608596017,19.80468097367956,-4.157469685498306,3.4170628070633806
P3,post,training,21,50168,-1,right,C4,9,24.357356175898776,8.366263491101199,18.627124511185265,-4.6409860849104465,-1.1648432925486165
P3,post,training,22,52616,1,left,C3,5,7.3187284982629,7.786131331874883,8.704003306619747,0.2688608836540713,0.7528341083915242
P3,post,training,22,52616,1,left,C4,9,9.784914629693608,25.446817438548702,13.232824012799034,4.150764331594996,1.3109549579938504
P3,post,training,23,55040,1,left,C3,5,7.5968890853925455,5.791348063524274,15.124999497796136,-1.1785611867059178,2.9905958315477954
P3,post,training,23,55040,1,left,C4,9,7.199663718173446,6.611848288677246,21.13461368027157,-0.36989331917318563,4.676821018838535
P3,post,training,24,57512,1,left,C3,5,10.067285870137884,45.56898550667135,20.303415861616024,6.557569590872375,3.046567090927483
P3,post,training,24,57512,1,left,C4,9,21.355544281950284,53.13207211152588,29.76144444529993,3.958461087747543,1.4414336085377508
P3,post,training,25,59968,-1,right,C3,5,13.922893379850398,9.079474557575502,19.791587619375534,-1.8566878137322786,1.5275113598440926
P3,post,training,25,59968,-1,right,C4,9,10.207143952105085,16.696387031716473,19.970470907875367,2.13718263665084,2.914840660447548
P3,post,training,26,62408,-1,right,C3,5,11.663131108016417,12.96328963576416,9.910168546397472,0.45900066819552054,-0.7073411688361533
P3,post,training,26,62408,-1,right,C4,9,24.72866039671488,13.16011118120217,17.055401143659015,-2.739410319930957,-1.613386518719055
P3,post,training,27,64867,-1,right,C3,5,7.489525707439041,18.38996190622551,16.531346111384316,3.9012651381394985,3.438539028534195
P3,post,training,27,64867,-1,right,C4,9,13.821546788526858,16.068761944898526,13.862363013153036,0.6542576856729891,0.012806192549004312
P3,post,training,28,67344,1,left,C3,5,15.139986902806188,18.613293025204776,12.551456157588676,0.8969771493964733,-0.8143138603956789
P3,post,training,28,67344,1,left,C4,9,42.922549798223734,25.671771849528614,15.09582091361428,-2.2322966872599923,-4.538287781457242
P3,post,training,29,69800,-1,right,C3,5,5.852407043502174,20.7740400344408,20.53564813595456,5.501864399084071,5.451738900707177
P3,post,training,29,69800,-1,right,C4,9,3.753231715745791,32.08486444730429,22.7341110808946,9.318948312500702,7.822726000992956
P3,post,training,30,72248,1,left,C3,5,16.529156776413664,13.068499018580308,14.631486908626943,-1.0202498931514183,-0.5296223583866728
P3,post,training,30,72248,1,left,C4,9,39.75718929639318,35.71159119895049,25.937233350351168,-0.4660647215348581,-1.8549202432467964
P3,post,training,31,74696,-1,right,C3,5,21.990642246632667,8.836080515644317,13.549514719754127,-3.9597824874078906,-2.103141722205576
P3,post,training,31,74696,-1,right,C4,9,29.98875880605176,8.107816839314891,21.770562885506575,-5.6805456212732715,-1.3908883325167984
P3,post,training,32,77144,-1,right,C3,5,5.695240235044968,25.46336046529705,15.027834945839531,6.504036699709237,4.213843683706095
P3,post,training,32,77144,-1,right,C4,9,5.419467175463923,37.54273244210566,22.878357801197286,8.405692881327997,6.254682575620678
P3,post,training,33,79768,1,left,C3,5,7.720970312091859,25.658621525880346,13.549204246892192,5.215614382407826,2.4424190702542266
P3,post,training,33,79768,1,left,C4,9,16.49033394913596,37.60616772305376,17.195612504461483,3.580296279419865,0.1818819920053487
P3,post,training,34,82232,1,left,C3,5,5.352875129128147,13.010006910731722,12.083147334251445,3.856904148917464,3.535929586680196
P3,post,training,34,82232,1,left,C4,9,7.086147689338112,7.522336623984076,12.999178156023497,0.2594256451807072,2.635056962293419
P3,post,training,35,84680,1,left,C3,5,8.759358932052162,19.549414528799346,13.889925539056792,3.4866143277476294,2.0022759480107064
P3,post,training,35,84680,1,left,C4,9,8.2541673801558,19.76698151096545,22.269320400133598,3.792670846830001,4.310336923674398
P3,post,training,36,87136,1,left,C3,5,11.34441343765567,22.527003675653365,17.43038908634959,2.9792138428346453,1.8652503604287398
P3,post,training,36,87136,1,left,C4,9,9.978362764163487,28.65784326156813,22.863297125402568,4.58184214358834,3.6007957165974416
P3,post,training,37,89592,-1,right,C3,5,28.623487035395982,31.357509939053728,21.885203652365075,0.39619028341102014,-1.16571947967351
P3,post,training,37,89592,-1,right,C4,9,36.93135055541883,37.724543356648724,25.300249298154913,0.092288016781996,-1.6427038925306237
P3,post,training,38,92040,1,left,C3,5,6.823056590614542,4.57122022054685,18.27412346811725,-1.739468292237312,4.27857581527677
P3,post,training,38,92040,1,left,C4,9,20.58434775021151,6.677980619676076,16.330004647638916,-4.888919558541272,-1.0055080185804712
P3,post,training,39,94488,-1,right,C3,5,6.752205639287638,7.169879506754939,9.889711630529053,0.2606619689011986,1.657379680792577
P3,post,training,39,94488,-1,right,C4,9,7.606464715188897,15.261653432369416,17.640688368078642,3.0241873219418363,3.6533267299051064
P3,post,training,40,96944,-1,right,C3,5,32.507134485512,28.389437981344955,13.187042278542805,-0.588218929924669,-3.918312894157887
P3,post,training,40,96944,-1,right,C4,9,20.87087704422298,31.350496321332134,19.892401726725033,1.7670372115529136,-0.20853478324195598
P3,post,training,41,107896,1,left,C3,5,10.058072389707522,26.329609529353533,12.906713476550095,4.179296615352493,1.0830091202299132
P3,post,training,41,107896,1,left,C4,9,6.401654203889615,25.37924632615995,17.334227145545242,5.9818650964495665,4.326122719103473
P3,post,training,42,110344,-1,right,C3,5,8.961918351839657,11.69435921677572,11.634760975949371,1.1557544704628944,1.133564826604941
P3,post,training,42,110344,-1,right,C4,9,6.179567638430811,15.371274196057037,17.18003622216593,3.9575177950378206,4.440659849893356
P3,post,training,43,112784,-1,right,C3,5,32.03854857408646,10.395463669029802,11.872370826682356,-4.888289682948294,-4.31135380152495
P3,post,training,43,112784,-1,right,C4,9,33.334856233932285,21.67223126850105,17.836956853243343,-1.869949599580563,-2.7157782466789016
P3,post,training,44,115248,-1,right,C3,5,11.13624333127887,15.520974378070331,14.136857403738553,1.441802701077811,1.0361416548564204
P3,post,training,44,115248,-1,right,C4,9,11.035821057792457,54.56616810077843,28.961618810256496,6.941188066809286,4.190181831801151
P3,post,training,45,117688,1,left,C3,5,8.000591059661913,33.348741285250135,20.377116354155728,6.199573740024401,4.060206527487607
P3,post,training,45,117688,1,left,C4,9,9.4476352618034,22.60276827056672,13.521780003318447,3.7883851412666347,1.5571074734431574
P3,post,training,46,120104,-1,right,C3,5,6.467540234464004,19.085494831052593,15.922204477391563,4.699642852806315,3.9126405781381917
P3,post,training,46,120104,-1,right,C4,9,9.019044470336464,11.560798266842871,28.544987540663914,1.0782729460471205,5.003693294682623
P3,post,training,47,122560,1,left,C3,5,9.455161650617063,24.572345897124972,18.72488232111258,4.147776619357056,2.9675013882094814
P3,post,training,47,122560,1,left,C4,9,9.50237946334262,11.006293720831119,16.27300761521603,0.6380872915220894,2.336354583428119
P3,post,training,48,125160,1,left,C3,5,20.792925190342373,27.538037603799012,11.850143596763,1.2201739759001382,-2.441919780082418
P3,post,training,48,125160,1,left,C4,9,39.704003124642796,25.135740201309364,11.628676265249133,-1.9854261744159012,-5.333040161548085
P3,post,training,49,127608,1,left,C3,5,6.74869408596139,28.471349695148078,15.727312250659432,6.2518831323674195,3.674347670788393
P3,post,training,49,127608,1,left,C4,9,4.731451673851784,18.552475284472216,15.370932566794515,5.934074530476076,5.117058086447782
P3,post,training,50,130048,-1,right,C3,5,16.650199826895744,25.923493555987477,12.062204966982073,1.922740783963359,-1.3999274610105747
P3,post,training,50,130048,-1,right,C4,9,50.26335846848754,37.39217433894919,21.339478401323834,-1.2847078374073284,-3.7206770386483496
P3,post,training,51,132496,-1,right,C3,5,16.31098467066164,30.493903520488647,27.4514253819937,2.7173284233790533,2.2608472002192506
P3,post,training,51,132496,-1,right,C4,9,16.790405054589993,40.9139509557616,23.786772416425293,3.8681024697407573,1.5127434415374594
P3,post,training,52,134944,1,left,C3,5,41.07982083375353,12.018205909356507,9.683623767464663,-5.337889002296848,-6.275906330982346
P3,post,training,52,134944,1,left,C4,9,19.32857721612028,11.702647030947118,14.764222285544097,-2.1791578035559644,-1.169893114483807
P3,post,training,53,137400,-1,right,C3,5,13.909054828137663,15.133583635125234,22.64103218781343,0.36644162133197977,2.1159860305595495
P3,post,training,53,137400,-1,right,C4,9,4.608929020414814,26.945766008997516,18.50750919106221,7.668905143014655,6.037479538852368
P3,post,training,54,140000,-1,right,C3,5,12.131568499148267,41.84460427586092,15.956419490122308,5.377225103538075,1.1901849053675542
P3,post,training,54,140000,-1,right,C4,9,29.36908250973281,48.93950274387641,23.5732747259678,2.217691729599579,-0.9547046182003416
P3,post,training,55,142448,-1,right,C3,5,9.923316988973117,22.652626843036714,19.366975327900793,3.584617062931053,2.904049346797043
P3,post,training,55,142448,-1,right,C4,9,9.564078522141093,56.38176842645342,25.903592856388805,7.70495560426237,4.32716872310155
P3,post,training,56,144896,1,left,C3,5,4.839795763985111,11.136293373351577,14.43053538119423,3.6191362831970904,4.744554088623833
P3,post,training,56,144896,1,left,C4,9,5.73288598784206,11.681499842981758,17.80077722638577,3.0912530260236695,4.920656602290559
P3,post,training,57,147344,1,left,C3,5,3.254824675046881,10.621369358291002,27.14770971899154,5.136529119474639,9.212055970325478
P3,post,training,57,147344,1,left,C4,9,6.183637821303263,10.978218372395647,31.03209505457984,2.492878204525809,7.005670520692519
P3,post,training,58,149848,1,left,C3,5,14.139340189520873,15.169275827486093,11.088129695843696,0.3053570467455822,-1.055708464766698
P3,post,training,58,149848,1,left,C4,9,16.682763170973722,11.937014591345266,13.478762969686468,-1.4537225985114934,-0.926179484728558
P3,post,training,59,152296,-1,right,C3,5,5.217572716362645,18.1902959104822,17.975779713355895,5.423712535397653,5.3721922685979315
P3,post,training,59,152296,-1,right,C4,9,4.323550206063624,30.23712930830418,21.99566163708197,8.447000507062285,7.064965237682868
P3,post,training,60,154776,1,left,C3,5,24.481034728529753,14.27598981341526,14.709973925816358,-2.3422354059034864,-2.2121786706575146
P3,post,training,60,154776,1,left,C4,9,43.663276829646385,25.241878986945082,23.86622135122588,-2.3799464507168784,-2.623326611667571
P3,post,training,61,157239,1,left,C3,5,26.099798910468675,18.124767029906316,17.275964089003928,-1.5836472827562291,-1.7919486864662462
P3,post,training,61,157239,1,left,C4,9,33.90865508296579,18.98714830983908,19.051627903295575,-2.5185082201300757,-2.503784739912005
P3,post,training,62,159713,1,left,C3,5,9.816824965546555,11.221726673306058,13.854309460940494,0.5808863884803555,1.4961383658571294
P3,post,training,62,159713,1,left,C4,9,13.74517962199086,16.269943259645203,21.16622018811037,0.7323561878977713,1.8749289011951464
P3,post,training,63,162187,1,left,C3,5,5.312795200702636,24.859426836112206,21.58010019930082,6.701680363287666,6.087303819267586
P3,post,training,63,162187,1,left,C4,9,12.878621068915626,23.357271045149513,24.89221860084174,2.585527354327927,2.8619424123224366
P3,post,training,64,164824,-1,right,C3,5,15.661046966313812,7.8493333025437995,9.756764274707495,-2.9998802126388413,-2.055149795019174
P3,post,training,64,164824,-1,right,C4,9,3.972278494600206,22.485581318151368,16.838965980603156,7.5286443075862355,6.272757304693703
P3,post,training,65,167272,1,left,C3,5,7.280651551971673,33.83875287169406,22.6138099800555,6.67244102274106,4.922034920959889
P3,post,training,65,167272,1,left,C4,9,6.814582484848029,43.968756559601985,26.953459966119624,8.097049312309947,5.971752700104891
P3,post,training,66,169736,1,left,C3,5,8.944443060437104,22.420684780754733,11.215675962152059,3.990955691138977,0.9827214965063523
P3,post,training,66,169736,1,left,C4,9,5.176823542748264,26.089651667566585,14.705447621165781,7.0240491884655745,4.534148867257323
P3,post,training,67,172175,-1,right,C3,5,13.951874921207148,37.50106969405382,22.43231496536048,4.2941108172840545,2.0624151997842457
P3,post,training,67,172175,-1,right,C4,9,22.46874035927299,33.344376509216914,28.997890690337627,1.714438754436988,1.1078768270187318
P3,post,training,68,174656,-1,right,C3,5,9.210636550956975,12.52102696573629,9.596054825348887,1.3335030535221348,0.17803075059068962
P3,post,training,68,174656,-1,right,C4,9,23.215962664015752,7.699887935241978,13.106139601350915,-4.793022921971029,-2.483119070847965
P3,post,training,69,177112,-1,right,C3,5,19.540606800804042,23.541564837350393,15.473089965273836,0.8089728168635962,-1.0136099521419928
P3,post,training,69,177112,-1,right,C4,9,33.8010248160679,25.29338105359932,16.842588217119783,-1.2592298101944566,-3.0252103713478427
P3,post,training,70,179576,1,left,C3,5,7.999321995614362,16.28650491412372,17.06913083050337,3.0877471592360797,3.2915822842798432
P3,post,training,70,179576,1,left,C4,9,11.484189802553583,17.031558349268636,16.431209464972294,1.7115402515325946,1.5556917047219696
P3,post,training,71,182024,1,left,C3,5,14.67952145404707,11.519051207677999,14.11651197555161,-1.0529518907389999,-0.16984497100342433
P3,post,training,71,182024,1,left,C4,9,29.349669705482846,16.822519058090545,22.076596647023834,-2.417121891761518,-1.2367109526832123
P3,post,training,72,184485,1,left,C3,5,16.92963642825584,11.31926992488309,14.724224765713958,-1.7482921509078189,-0.6061519319197219
P3,post,training,72,184485,1,left,C4,9,25.332728081635263,10.765798348800224,19.48626160438048,-3.7163572057862577,-1.1395343279857195
P3,post,training,73,186960,1,left,C3,5,15.7129745454486,23.501140061541165,13.63164653387661,1.7483052383873157,-0.6171009057036388
P3,post,training,73,186960,1,left,C4,9,18.036188692259923,38.77053290573339,16.823566644029892,3.3235700028851767,-0.3022669730095504
P3,post,training,74,189408,1,left,C3,5,3.8130177016515745,20.00042525184288,13.448893142510912,7.197704083340122,5.474177214764451
P3,post,training,74,189408,1,left,C4,9,10.437654026499079,14.9489448976212,13.917469486084293,1.5600764372670584,1.2495738045261182
P3,post,training,75,191848,-1,right,C3,5,16.230785475430533,7.584040660935246,16.405663083943516,-3.3043888490218745,0.04654250730451584
P3,post,training,75,191848,-1,right,C4,9,41.15904326173099,10.072903654435454,24.401768742503855,-6.113105910516005,-2.270439641069318
P3,post,training,76,194313,-1,right,C3,5,7.913770454969532,25.266149846831752,21.78028350685546,5.0415561843141985,4.396800794608651
P3,post,training,76,194313,-1,right,C4,9,15.408032174472492,55.09234953935549,28.95158200164116,5.533441175917957,2.7392512321162528
P3,post,training,77,196787,-1,right,C3,5,41.49132994868673,18.864253671888417,20.805221430781454,-3.423177279301766,-2.9978501341000556
P3,post,training,77,196787,-1,right,C4,9,21.718386513592556,34.95247621082172,27.588471389595483,2.066503909682566,1.0390008011125007
P3,post,training,78,199528,1,left,C3,5,11.188903580643391,11.941140729862306,15.440843412867526,0.28258285289640267,1.398834873970963
P3,post,training,78,199528,1,left,C4,9,10.68776681428331,8.670713051279916,15.287316891431622,-0.9083215588451565,1.5544429838195182
P3,post,training,79,201984,1,left,C3,5,6.920103183392607,14.23205184224864,12.688083487982802,3.131549469295769,2.6328345752624074
P3,post,training,79,201984,1,left,C4,9,3.331025361297965,15.724642278607355,14.753876716842784,6.740028351482014,6.463282109050627
P3,post,training,80,204432,1,left,C3,5,29.1082961411549,18.926674940330575,12.82831641556919,-1.8694246136571038,-3.558471212486472
P3,post,training,80,204432,1,left,C4,9,51.636117284928076,41.4213125605325,19.930690507339712,-0.9572972185665687,-4.134312332963021
