patient,session,model,decision_time_s,window_start_s,window_end_s,calibration_trials,validation_trial_1based,true_label,predicted_label,correct
P1,pre,filterbank_csp_shrinkage_lda,2.0,1.0,2.0,10,61,-1,-1,1
P1,pre,filterbank_csp_shrinkage_lda,2.0,1.0,2.0,10,62,1,-1,0
P1,pre,filterbank_csp_shrinkage_lda,2.0,1.0,2.0,10,63,1,-1,0
P1,pre,filterbank_csp_shrinkage_lda,2.0,1.0,2.0,10,64,-1,-1,1
P1,pre,filterbank_csp_shrinkage_lda,2.0,1.0,2.0,10,65,1,-1,0
P1,pre,filterbank_csp_shrinkage_lda,2.0,1.0,2.0,10,66,1,-1,0
P1,pre,filterbank_csp_shrinkage_lda,2.0,1.0,2.0,10,67,1,-1,0
P1,pre,filterbank_csp_shrinkage_lda,2.0,1.0,2.0,10,68,1,-1,0
P1,pre,filterbank_csp_shrinkage_lda,2.0,1.0,2.0,10,69,1,-1,0
P1,pre,filterbank_csp_shrinkage_lda,2.0,1.0,2.0,10,70,1,-1,0
P1,pre,filterbank_csp_shrinkage_lda,2.0,1.0,2.0,10,71,1,-1,0
P1,pre,filterbank_csp_shrinkage_lda,2.0,1.0,2.0,10,72,-1,-1,1
P1,pre,filterbank_csp_shrinkage_lda,2.0,1.0,2.0,10,73,1,-1,0
P1,pre,filterbank_csp_shrinkage_lda,2.0,1.0,2.0,10,74,1,-1,0
P1,pre,filterbank_csp_shrinkage_lda,2.0,1.0,2.0,10,75,1,-1,0
P1,pre,filterbank_csp_shrinkage_lda,2.0,1.0,2.0,10,76,-1,-1,1
P1,pre,filterbank_csp_shrinkage_lda,2.0,1.0,2.0,10,77,-1,-1,1
P1,pre,filterbank_csp_shrinkage_lda,2.0,1.0,2.0,10,78,-1,-1,1
P1,pre,filterbank_csp_shrinkage_lda,2.0,1.0,2.0,10,79,-1,-1,1
P1,pre,filterbank_csp_shrinkage_lda,2.0,1.0,2.0,10,80,-1,-1,1
P1,pre,filterbank_csp_shrinkage_lda,2.0,1.0,2.0,20,61,-1,-1,1
P1,pre,filterbank_csp_shrinkage_lda,2.0,1.0,2.0,20,62,1,-1,0
P1,pre,filterbank_csp_shrinkage_lda,2.0,1.0,2.0,20,63,1,-1,0
P1,pre,filterbank_csp_shrinkage_lda,2.0,1.0,2.0,20,64,-1,-1,1
P1,pre,filterbank_csp_shrinkage_lda,2.0,1.0,2.0,20,65,1,-1,0
P1,pre,filterbank_csp_shrinkage_lda,2.0,1.0,2.0,20,66,1,-1,0
P1,pre,filterbank_csp_shrinkage_lda,2.0,1.0,2.0,20,67,1,-1,0
P1,pre,filterbank_csp_shrinkage_lda,2.0,1.0,2.0,20,68,1,-1,0
P1,pre,filterbank_csp_shrinkage_lda,2.0,1.0,2.0,20,69,1,-1,0
P1,pre,filterbank_csp_shrinkage_lda,2.0,1.0,2.0,20,70,1,-1,0
P1,pre,filterbank_csp_shrinkage_lda,2.0,1.0,2.0,20,71,1,-1,0
P1,pre,filterbank_csp_shrinkage_lda,2.0,1.0,2.0,20,72,-1,-1,1
P1,pre,filterbank_csp_shrinkage_lda,2.0,1.0,2.0,20,73,1,-1,0
P1,pre,filterbank_csp_shrinkage_lda,2.0,1.0,2.0,20,74,1,-1,0
P1,pre,filterbank_csp_shrinkage_lda,2.0,1.0,2.0,20,75,1,-1,0
P1,pre,filterbank_csp_shrinkage_lda,2.0,1.0,2.0,20,76,-1,-1,1
P1,pre,filterbank_csp_shrinkage_lda,2.0,1.0,2.0,20,77,-1,-1,1
P1,pre,filterbank_csp_shrinkage_lda,2.0,1.0,2.0,20,78,-1,-1,1
P1,pre,filterbank_csp_shrinkage_lda,2.0,1.0,2.0,20,79,-1,-1,1
P1,pre,filterbank_csp_shrinkage_lda,2.0,1.0,2.0,20,80,-1,-1,1
P1,pre,filterbank_csp_shrinkage_lda,2.0,1.0,2.0,40,61,-1,1,0
P1,pre,filterbank_csp_shrinkage_lda,2.0,1.0,2.0,40,62,1,-1,0
P1,pre,filterbank_csp_shrinkage_lda,2.0,1.0,2.0,40,63,1,-1,0
P1,pre,filterbank_csp_shrinkage_lda,2.0,1.0,2.0,40,64,-1,-1,1
P1,pre,filterbank_csp_shrinkage_lda,2.0,1.0,2.0,40,65,1,-1,0
P1,pre,filterbank_csp_shrinkage_lda,2.0,1.0,2.0,40,66,1,-1,0
P1,pre,filterbank_csp_shrinkage_lda,2.0,1.0,2.0,40,67,1,-1,0
P1,pre,filterbank_csp_shrinkage_lda,2.0,1.0,2.0,40,68,1,1,1
P1,pre,filterbank_csp_shrinkage_lda,2.0,1.0,2.0,40,69,1,-1,0
P1,pre,filterbank_csp_shrinkage_lda,2.0,1.0,2.0,40,70,1,-1,0
P1,pre,filterbank_csp_shrinkage_lda,2.0,1.0,2.0,40,71,1,-1,0
P1,pre,filterbank_csp_shrinkage_lda,2.0,1.0,2.0,40,72,-1,-1,1
P1,pre,filterbank_csp_shrinkage_lda,2.0,1.0,2.0,40,73,1,-1,0
P1,pre,filterbank_csp_shrinkage_lda,2.0,1.0,2.0,40,74,1,-1,0
P1,pre,filterbank_csp_shrinkage_lda,2.0,1.0,2.0,40,75,1,-1,0
P1,pre,filterbank_csp_shrinkage_lda,2.0,1.0,2.0,40,76,-1,1,0
P1,pre,filterbank_csp_shrinkage_lda,2.0,1.0,2.0,40,77,-1,-1,1
P1,pre,filterbank_csp_shrinkage_lda,2.0,1.0,2.0,40,78,-1,-1,1
P1,pre,filterbank_csp_shrinkage_lda,2.0,1.0,2.0,40,79,-1,-1,1
P1,pre,filterbank_csp_shrinkage_lda,2.0,1.0,2.0,40,80,-1,-1,1
P1,pre,filterbank_csp_shrinkage_lda,2.0,1.0,2.0,60,61,-1,-1,1
P1,pre,filterbank_csp_shrinkage_lda,2.0,1.0,2.0,60,62,1,-1,0
P1,pre,filterbank_csp_shrinkage_lda,2.0,1.0,2.0,60,63,1,-1,0
P1,pre,filterbank_csp_shrinkage_lda,2.0,1.0,2.0,60,64,-1,-1,1
P1,pre,filterbank_csp_shrinkage_lda,2.0,1.0,2.0,60,65,1,-1,0
P1,pre,filterbank_csp_shrinkage_lda,2.0,1.0,2.0,60,66,1,-1,0
P1,pre,filterbank_csp_shrinkage_lda,2.0,1.0,2.0,60,67,1,-1,0
P1,pre,filterbank_csp_shrinkage_lda,2.0,1.0,2.0,60,68,1,-1,0
P1,pre,filterbank_csp_shrinkage_lda,2.0,1.0,2.0,60,69,1,-1,0
P1,pre,filterbank_csp_shrinkage_lda,2.0,1.0,2.0,60,70,1,-1,0
P1,pre,filterbank_csp_shrinkage_lda,2.0,1.0,2.0,60,71,1,-1,0
P1,pre,filterbank_csp_shrinkage_lda,2.0,1.0,2.0,60,72,-1,-1,1
P1,pre,filterbank_csp_shrinkage_lda,2.0,1.0,2.0,60,73,1,1,1
P1,pre,filterbank_csp_shrinkage_lda,2.0,1.0,2.0,60,74,1,-1,0
P1,pre,filterbank_csp_shrinkage_lda,2.0,1.0,2.0,60,75,1,-1,0
P1,pre,filterbank_csp_shrinkage_lda,2.0,1.0,2.0,60,76,-1,1,0
P1,pre,filterbank_csp_shrinkage_lda,2.0,1.0,2.0,60,77,-1,-1,1
P1,pre,filterbank_csp_shrinkage_lda,2.0,1.0,2.0,60,78,-1,-1,1
P1,pre,filterbank_csp_shrinkage_lda,2.0,1.0,2.0,60,79,-1,-1,1
P1,pre,filterbank_csp_shrinkage_lda,2.0,1.0,2.0,60,80,-1,-1,1
P1,pre,filterbank_riemann_recentered,2.0,1.0,2.0,10,61,-1,-1,1
P1,pre,filterbank_riemann_recentered,2.0,1.0,2.0,10,62,1,-1,0
P1,pre,filterbank_riemann_recentered,2.0,1.0,2.0,10,63,1,-1,0
P1,pre,filterbank_riemann_recentered,2.0,1.0,2.0,10,64,-1,-1,1
P1,pre,filterbank_riemann_recentered,2.0,1.0,2.0,10,65,1,-1,0
P1,pre,filterbank_riemann_recentered,2.0,1.0,2.0,10,66,1,-1,0
P1,pre,filterbank_riemann_recentered,2.0,1.0,2.0,10,67,1,-1,0
P1,pre,filterbank_riemann_recentered,2.0,1.0,2.0,10,68,1,-1,0
P1,pre,filterbank_riemann_recentered,2.0,1.0,2.0,10,69,1,-1,0
P1,pre,filterbank_riemann_recentered,2.0,1.0,2.0,10,70,1,-1,0
P1,pre,filterbank_riemann_recentered,2.0,1.0,2.0,10,71,1,-1,0
P1,pre,filterbank_riemann_recentered,2.0,1.0,2.0,10,72,-1,-1,1
P1,pre,filterbank_riemann_recentered,2.0,1.0,2.0,10,73,1,-1,0
P1,pre,filterbank_riemann_recentered,2.0,1.0,2.0,10,74,1,-1,0
P1,pre,filterbank_riemann_recentered,2.0,1.0,2.0,10,75,1,-1,0
P1,pre,filterbank_riemann_recentered,2.0,1.0,2.0,10,76,-1,-1,1
P1,pre,filterbank_riemann_recentered,2.0,1.0,2.0,10,77,-1,-1,1
P1,pre,filterbank_riemann_recentered,2.0,1.0,2.0,10,78,-1,-1,1
P1,pre,filterbank_riemann_recentered,2.0,1.0,2.0,10,79,-1,-1,1
P1,pre,filterbank_riemann_recentered,2.0,1.0,2.0,10,80,-1,-1,1
P1,pre,filterbank_riemann_recentered,2.0,1.0,2.0,20,61,-1,-1,1
P1,pre,filterbank_riemann_recentered,2.0,1.0,2.0,20,62,1,-1,0
P1,pre,filterbank_riemann_recentered,2.0,1.0,2.0,20,63,1,-1,0
P1,pre,filterbank_riemann_recentered,2.0,1.0,2.0,20,64,-1,-1,1
P1,pre,filterbank_riemann_recentered,2.0,1.0,2.0,20,65,1,-1,0
P1,pre,filterbank_riemann_recentered,2.0,1.0,2.0,20,66,1,-1,0
P1,pre,filterbank_riemann_recentered,2.0,1.0,2.0,20,67,1,-1,0
P1,pre,filterbank_riemann_recentered,2.0,1.0,2.0,20,68,1,-1,0
P1,pre,filterbank_riemann_recentered,2.0,1.0,2.0,20,69,1,-1,0
P1,pre,filterbank_riemann_recentered,2.0,1.0,2.0,20,70,1,-1,0
P1,pre,filterbank_riemann_recentered,2.0,1.0,2.0,20,71,1,-1,0
P1,pre,filterbank_riemann_recentered,2.0,1.0,2.0,20,72,-1,-1,1
P1,pre,filterbank_riemann_recentered,2.0,1.0,2.0,20,73,1,-1,0
P1,pre,filterbank_riemann_recentered,2.0,1.0,2.0,20,74,1,-1,0
P1,pre,filterbank_riemann_recentered,2.0,1.0,2.0,20,75,1,-1,0
P1,pre,filterbank_riemann_recentered,2.0,1.0,2.0,20,76,-1,-1,1
P1,pre,filterbank_riemann_recentered,2.0,1.0,2.0,20,77,-1,-1,1
P1,pre,filterbank_riemann_recentered,2.0,1.0,2.0,20,78,-1,-1,1
P1,pre,filterbank_riemann_recentered,2.0,1.0,2.0,20,79,-1,-1,1
P1,pre,filterbank_riemann_recentered,2.0,1.0,2.0,20,80,-1,-1,1
P1,pre,filterbank_riemann_recentered,2.0,1.0,2.0,40,61,-1,-1,1
P1,pre,filterbank_riemann_recentered,2.0,1.0,2.0,40,62,1,-1,0
P1,pre,filterbank_riemann_recentered,2.0,1.0,2.0,40,63,1,1,1
P1,pre,filterbank_riemann_recentered,2.0,1.0,2.0,40,64,-1,-1,1
P1,pre,filterbank_riemann_recentered,2.0,1.0,2.0,40,65,1,-1,0
P1,pre,filterbank_riemann_recentered,2.0,1.0,2.0,40,66,1,-1,0
P1,pre,filterbank_riemann_recentered,2.0,1.0,2.0,40,67,1,-1,0
P1,pre,filterbank_riemann_recentered,2.0,1.0,2.0,40,68,1,-1,0
P1,pre,filterbank_riemann_recentered,2.0,1.0,2.0,40,69,1,-1,0
P1,pre,filterbank_riemann_recentered,2.0,1.0,2.0,40,70,1,-1,0
P1,pre,filterbank_riemann_recentered,2.0,1.0,2.0,40,71,1,1,1
P1,pre,filterbank_riemann_recentered,2.0,1.0,2.0,40,72,-1,1,0
P1,pre,filterbank_riemann_recentered,2.0,1.0,2.0,40,73,1,-1,0
P1,pre,filterbank_riemann_recentered,2.0,1.0,2.0,40,74,1,-1,0
P1,pre,filterbank_riemann_recentered,2.0,1.0,2.0,40,75,1,-1,0
P1,pre,filterbank_riemann_recentered,2.0,1.0,2.0,40,76,-1,-1,1
P1,pre,filterbank_riemann_recentered,2.0,1.0,2.0,40,77,-1,-1,1
P1,pre,filterbank_riemann_recentered,2.0,1.0,2.0,40,78,-1,-1,1
P1,pre,filterbank_riemann_recentered,2.0,1.0,2.0,40,79,-1,-1,1
P1,pre,filterbank_riemann_recentered,2.0,1.0,2.0,40,80,-1,-1,1
P1,pre,filterbank_riemann_recentered,2.0,1.0,2.0,60,61,-1,-1,1
P1,pre,filterbank_riemann_recentered,2.0,1.0,2.0,60,62,1,-1,0
P1,pre,filterbank_riemann_recentered,2.0,1.0,2.0,60,63,1,1,1
P1,pre,filterbank_riemann_recentered,2.0,1.0,2.0,60,64,-1,-1,1
P1,pre,filterbank_riemann_recentered,2.0,1.0,2.0,60,65,1,1,1
P1,pre,filterbank_riemann_recentered,2.0,1.0,2.0,60,66,1,-1,0
P1,pre,filterbank_riemann_recentered,2.0,1.0,2.0,60,67,1,-1,0
P1,pre,filterbank_riemann_recentered,2.0,1.0,2.0,60,68,1,1,1
P1,pre,filterbank_riemann_recentered,2.0,1.0,2.0,60,69,1,-1,0
P1,pre,filterbank_riemann_recentered,2.0,1.0,2.0,60,70,1,1,1
P1,pre,filterbank_riemann_recentered,2.0,1.0,2.0,60,71,1,1,1
P1,pre,filterbank_riemann_recentered,2.0,1.0,2.0,60,72,-1,1,0
P1,pre,filterbank_riemann_recentered,2.0,1.0,2.0,60,73,1,-1,0
P1,pre,filterbank_riemann_recentered,2.0,1.0,2.0,60,74,1,-1,0
P1,pre,filterbank_riemann_recentered,2.0,1.0,2.0,60,75,1,-1,0
P1,pre,filterbank_riemann_recentered,2.0,1.0,2.0,60,76,-1,-1,1
P1,pre,filterbank_riemann_recentered,2.0,1.0,2.0,60,77,-1,-1,1
P1,pre,filterbank_riemann_recentered,2.0,1.0,2.0,60,78,-1,-1,1
P1,pre,filterbank_riemann_recentered,2.0,1.0,2.0,60,79,-1,-1,1
P1,pre,filterbank_riemann_recentered,2.0,1.0,2.0,60,80,-1,1,0
P1,pre,filterbank_csp_shrinkage_lda,3.5,2.5,3.5,10,61,-1,-1,1
P1,pre,filterbank_csp_shrinkage_lda,3.5,2.5,3.5,10,62,1,-1,0
P1,pre,filterbank_csp_shrinkage_lda,3.5,2.5,3.5,10,63,1,-1,0
P1,pre,filterbank_csp_shrinkage_lda,3.5,2.5,3.5,10,64,-1,-1,1
P1,pre,filterbank_csp_shrinkage_lda,3.5,2.5,3.5,10,65,1,-1,0
P1,pre,filterbank_csp_shrinkage_lda,3.5,2.5,3.5,10,66,1,-1,0
P1,pre,filterbank_csp_shrinkage_lda,3.5,2.5,3.5,10,67,1,-1,0
P1,pre,filterbank_csp_shrinkage_lda,3.5,2.5,3.5,10,68,1,-1,0
P1,pre,filterbank_csp_shrinkage_lda,3.5,2.5,3.5,10,69,1,-1,0
P1,pre,filterbank_csp_shrinkage_lda,3.5,2.5,3.5,10,70,1,-1,0
P1,pre,filterbank_csp_shrinkage_lda,3.5,2.5,3.5,10,71,1,-1,0
P1,pre,filterbank_csp_shrinkage_lda,3.5,2.5,3.5,10,72,-1,-1,1
P1,pre,filterbank_csp_shrinkage_lda,3.5,2.5,3.5,10,73,1,-1,0
P1,pre,filterbank_csp_shrinkage_lda,3.5,2.5,3.5,10,74,1,-1,0
P1,pre,filterbank_csp_shrinkage_lda,3.5,2.5,3.5,10,75,1,-1,0
P1,pre,filterbank_csp_shrinkage_lda,3.5,2.5,3.5,10,76,-1,-1,1
P1,pre,filterbank_csp_shrinkage_lda,3.5,2.5,3.5,10,77,-1,-1,1
P1,pre,filterbank_csp_shrinkage_lda,3.5,2.5,3.5,10,78,-1,-1,1
P1,pre,filterbank_csp_shrinkage_lda,3.5,2.5,3.5,10,79,-1,-1,1
P1,pre,filterbank_csp_shrinkage_lda,3.5,2.5,3.5,10,80,-1,-1,1
P1,pre,filterbank_csp_shrinkage_lda,3.5,2.5,3.5,20,61,-1,-1,1
P1,pre,filterbank_csp_shrinkage_lda,3.5,2.5,3.5,20,62,1,-1,0
P1,pre,filterbank_csp_shrinkage_lda,3.5,2.5,3.5,20,63,1,-1,0
P1,pre,filterbank_csp_shrinkage_lda,3.5,2.5,3.5,20,64,-1,-1,1
P1,pre,filterbank_csp_shrinkage_lda,3.5,2.5,3.5,20,65,1,-1,0
P1,pre,filterbank_csp_shrinkage_lda,3.5,2.5,3.5,20,66,1,-1,0
P1,pre,filterbank_csp_shrinkage_lda,3.5,2.5,3.5,20,67,1,-1,0
P1,pre,filterbank_csp_shrinkage_lda,3.5,2.5,3.5,20,68,1,-1,0
P1,pre,filterbank_csp_shrinkage_lda,3.5,2.5,3.5,20,69,1,-1,0
P1,pre,filterbank_csp_shrinkage_lda,3.5,2.5,3.5,20,70,1,-1,0
P1,pre,filterbank_csp_shrinkage_lda,3.5,2.5,3.5,20,71,1,-1,0
P1,pre,filterbank_csp_shrinkage_lda,3.5,2.5,3.5,20,72,-1,-1,1
P1,pre,filterbank_csp_shrinkage_lda,3.5,2.5,3.5,20,73,1,-1,0
P1,pre,filterbank_csp_shrinkage_lda,3.5,2.5,3.5,20,74,1,-1,0
P1,pre,filterbank_csp_shrinkage_lda,3.5,2.5,3.5,20,75,1,-1,0
P1,pre,filterbank_csp_shrinkage_lda,3.5,2.5,3.5,20,76,-1,-1,1
P1,pre,filterbank_csp_shrinkage_lda,3.5,2.5,3.5,20,77,-1,-1,1
P1,pre,filterbank_csp_shrinkage_lda,3.5,2.5,3.5,20,78,-1,-1,1
P1,pre,filterbank_csp_shrinkage_lda,3.5,2.5,3.5,20,79,-1,-1,1
P1,pre,filterbank_csp_shrinkage_lda,3.5,2.5,3.5,20,80,-1,-1,1
P1,pre,filterbank_csp_shrinkage_lda,3.5,2.5,3.5,40,61,-1,-1,1
P1,pre,filterbank_csp_shrinkage_lda,3.5,2.5,3.5,40,62,1,1,1
P1,pre,filterbank_csp_shrinkage_lda,3.5,2.5,3.5,40,63,1,-1,0
P1,pre,filterbank_csp_shrinkage_lda,3.5,2.5,3.5,40,64,-1,-1,1
P1,pre,filterbank_csp_shrinkage_lda,3.5,2.5,3.5,40,65,1,1,1
P1,pre,filterbank_csp_shrinkage_lda,3.5,2.5,3.5,40,66,1,1,1
P1,pre,filterbank_csp_shrinkage_lda,3.5,2.5,3.5,40,67,1,1,1
P1,pre,filterbank_csp_shrinkage_lda,3.5,2.5,3.5,40,68,1,1,1
P1,pre,filterbank_csp_shrinkage_lda,3.5,2.5,3.5,40,69,1,-1,0
P1,pre,filterbank_csp_shrinkage_lda,3.5,2.5,3.5,40,70,1,1,1
P1,pre,filterbank_csp_shrinkage_lda,3.5,2.5,3.5,40,71,1,1,1
P1,pre,filterbank_csp_shrinkage_lda,3.5,2.5,3.5,40,72,-1,-1,1
P1,pre,filterbank_csp_shrinkage_lda,3.5,2.5,3.5,40,73,1,1,1
P1,pre,filterbank_csp_shrinkage_lda,3.5,2.5,3.5,40,74,1,1,1
P1,pre,filterbank_csp_shrinkage_lda,3.5,2.5,3.5,40,75,1,1,1
P1,pre,filterbank_csp_shrinkage_lda,3.5,2.5,3.5,40,76,-1,-1,1
P1,pre,filterbank_csp_shrinkage_lda,3.5,2.5,3.5,40,77,-1,-1,1
P1,pre,filterbank_csp_shrinkage_lda,3.5,2.5,3.5,40,78,-1,-1,1
P1,pre,filterbank_csp_shrinkage_lda,3.5,2.5,3.5,40,79,-1,-1,1
P1,pre,filterbank_csp_shrinkage_lda,3.5,2.5,3.5,40,80,-1,-1,1
P1,pre,filterbank_csp_shrinkage_lda,3.5,2.5,3.5,60,61,-1,-1,1
P1,pre,filterbank_csp_shrinkage_lda,3.5,2.5,3.5,60,62,1,1,1
P1,pre,filterbank_csp_shrinkage_lda,3.5,2.5,3.5,60,63,1,1,1
P1,pre,filterbank_csp_shrinkage_lda,3.5,2.5,3.5,60,64,-1,-1,1
P1,pre,filterbank_csp_shrinkage_lda,3.5,2.5,3.5,60,65,1,1,1
P1,pre,filterbank_csp_shrinkage_lda,3.5,2.5,3.5,60,66,1,1,1
P1,pre,filterbank_csp_shrinkage_lda,3.5,2.5,3.5,60,67,1,1,1
P1,pre,filterbank_csp_shrinkage_lda,3.5,2.5,3.5,60,68,1,-1,0
P1,pre,filterbank_csp_shrinkage_lda,3.5,2.5,3.5,60,69,1,-1,0
P1,pre,filterbank_csp_shrinkage_lda,3.5,2.5,3.5,60,70,1,-1,0
P1,pre,filterbank_csp_shrinkage_lda,3.5,2.5,3.5,60,71,1,1,1
P1,pre,filterbank_csp_shrinkage_lda,3.5,2.5,3.5,60,72,-1,-1,1
P1,pre,filterbank_csp_shrinkage_lda,3.5,2.5,3.5,60,73,1,1,1
P1,pre,filterbank_csp_shrinkage_lda,3.5,2.5,3.5,60,74,1,1,1
P1,pre,filterbank_csp_shrinkage_lda,3.5,2.5,3.5,60,75,1,1,1
P1,pre,filterbank_csp_shrinkage_lda,3.5,2.5,3.5,60,76,-1,-1,1
P1,pre,filterbank_csp_shrinkage_lda,3.5,2.5,3.5,60,77,-1,-1,1
P1,pre,filterbank_csp_shrinkage_lda,3.5,2.5,3.5,60,78,-1,-1,1
P1,pre,filterbank_csp_shrinkage_lda,3.5,2.5,3.5,60,79,-1,-1,1
P1,pre,filterbank_csp_shrinkage_lda,3.5,2.5,3.5,60,80,-1,-1,1
P1,pre,filterbank_riemann_recentered,3.5,2.5,3.5,10,61,-1,-1,1
P1,pre,filterbank_riemann_recentered,3.5,2.5,3.5,10,62,1,-1,0
P1,pre,filterbank_riemann_recentered,3.5,2.5,3.5,10,63,1,-1,0
P1,pre,filterbank_riemann_recentered,3.5,2.5,3.5,10,64,-1,-1,1
P1,pre,filterbank_riemann_recentered,3.5,2.5,3.5,10,65,1,-1,0
P1,pre,filterbank_riemann_recentered,3.5,2.5,3.5,10,66,1,-1,0
P1,pre,filterbank_riemann_recentered,3.5,2.5,3.5,10,67,1,-1,0
P1,pre,filterbank_riemann_recentered,3.5,2.5,3.5,10,68,1,-1,0
P1,pre,filterbank_riemann_recentered,3.5,2.5,3.5,10,69,1,-1,0
P1,pre,filterbank_riemann_recentered,3.5,2.5,3.5,10,70,1,-1,0
P1,pre,filterbank_riemann_recentered,3.5,2.5,3.5,10,71,1,-1,0
P1,pre,filterbank_riemann_recentered,3.5,2.5,3.5,10,72,-1,-1,1
P1,pre,filterbank_riemann_recentered,3.5,2.5,3.5,10,73,1,-1,0
P1,pre,filterbank_riemann_recentered,3.5,2.5,3.5,10,74,1,-1,0
P1,pre,filterbank_riemann_recentered,3.5,2.5,3.5,10,75,1,-1,0
P1,pre,filterbank_riemann_recentered,3.5,2.5,3.5,10,76,-1,-1,1
P1,pre,filterbank_riemann_recentered,3.5,2.5,3.5,10,77,-1,-1,1
P1,pre,filterbank_riemann_recentered,3.5,2.5,3.5,10,78,-1,-1,1
P1,pre,filterbank_riemann_recentered,3.5,2.5,3.5,10,79,-1,-1,1
P1,pre,filterbank_riemann_recentered,3.5,2.5,3.5,10,80,-1,-1,1
P1,pre,filterbank_riemann_recentered,3.5,2.5,3.5,20,61,-1,-1,1
P1,pre,filterbank_riemann_recentered,3.5,2.5,3.5,20,62,1,-1,0
P1,pre,filterbank_riemann_recentered,3.5,2.5,3.5,20,63,1,-1,0
P1,pre,filterbank_riemann_recentered,3.5,2.5,3.5,20,64,-1,-1,1
P1,pre,filterbank_riemann_recentered,3.5,2.5,3.5,20,65,1,-1,0
P1,pre,filterbank_riemann_recentered,3.5,2.5,3.5,20,66,1,-1,0
P1,pre,filterbank_riemann_recentered,3.5,2.5,3.5,20,67,1,-1,0
P1,pre,filterbank_riemann_recentered,3.5,2.5,3.5,20,68,1,-1,0
P1,pre,filterbank_riemann_recentered,3.5,2.5,3.5,20,69,1,-1,0
P1,pre,filterbank_riemann_recentered,3.5,2.5,3.5,20,70,1,-1,0
P1,pre,filterbank_riemann_recentered,3.5,2.5,3.5,20,71,1,-1,0
P1,pre,filterbank_riemann_recentered,3.5,2.5,3.5,20,72,-1,-1,1
P1,pre,filterbank_riemann_recentered,3.5,2.5,3.5,20,73,1,-1,0
P1,pre,filterbank_riemann_recentered,3.5,2.5,3.5,20,74,1,-1,0
P1,pre,filterbank_riemann_recentered,3.5,2.5,3.5,20,75,1,-1,0
P1,pre,filterbank_riemann_recentered,3.5,2.5,3.5,20,76,-1,-1,1
P1,pre,filterbank_riemann_recentered,3.5,2.5,3.5,20,77,-1,-1,1
P1,pre,filterbank_riemann_recentered,3.5,2.5,3.5,20,78,-1,-1,1
P1,pre,filterbank_riemann_recentered,3.5,2.5,3.5,20,79,-1,-1,1
P1,pre,filterbank_riemann_recentered,3.5,2.5,3.5,20,80,-1,-1,1
P1,pre,filterbank_riemann_recentered,3.5,2.5,3.5,40,61,-1,-1,1
P1,pre,filterbank_riemann_recentered,3.5,2.5,3.5,40,62,1,1,1
P1,pre,filterbank_riemann_recentered,3.5,2.5,3.5,40,63,1,-1,0
P1,pre,filterbank_riemann_recentered,3.5,2.5,3.5,40,64,-1,-1,1
P1,pre,filterbank_riemann_recentered,3.5,2.5,3.5,40,65,1,-1,0
P1,pre,filterbank_riemann_recentered,3.5,2.5,3.5,40,66,1,-1,0
P1,pre,filterbank_riemann_recentered,3.5,2.5,3.5,40,67,1,-1,0
P1,pre,filterbank_riemann_recentered,3.5,2.5,3.5,40,68,1,-1,0
P1,pre,filterbank_riemann_recentered,3.5,2.5,3.5,40,69,1,-1,0
P1,pre,filterbank_riemann_recentered,3.5,2.5,3.5,40,70,1,-1,0
P1,pre,filterbank_riemann_recentered,3.5,2.5,3.5,40,71,1,-1,0
P1,pre,filterbank_riemann_recentered,3.5,2.5,3.5,40,72,-1,-1,1
P1,pre,filterbank_riemann_recentered,3.5,2.5,3.5,40,73,1,-1,0
P1,pre,filterbank_riemann_recentered,3.5,2.5,3.5,40,74,1,-1,0
P1,pre,filterbank_riemann_recentered,3.5,2.5,3.5,40,75,1,-1,0
P1,pre,filterbank_riemann_recentered,3.5,2.5,3.5,40,76,-1,-1,1
P1,pre,filterbank_riemann_recentered,3.5,2.5,3.5,40,77,-1,-1,1
P1,pre,filterbank_riemann_recentered,3.5,2.5,3.5,40,78,-1,-1,1
P1,pre,filterbank_riemann_recentered,3.5,2.5,3.5,40,79,-1,-1,1
P1,pre,filterbank_riemann_recentered,3.5,2.5,3.5,40,80,-1,-1,1
P1,pre,filterbank_riemann_recentered,3.5,2.5,3.5,60,61,-1,-1,1
P1,pre,filterbank_riemann_recentered,3.5,2.5,3.5,60,62,1,1,1
P1,pre,filterbank_riemann_recentered,3.5,2.5,3.5,60,63,1,1,1
P1,pre,filterbank_riemann_recentered,3.5,2.5,3.5,60,64,-1,-1,1
P1,pre,filterbank_riemann_recentered,3.5,2.5,3.5,60,65,1,1,1
P1,pre,filterbank_riemann_recentered,3.5,2.5,3.5,60,66,1,1,1
P1,pre,filterbank_riemann_recentered,3.5,2.5,3.5,60,67,1,1,1
P1,pre,filterbank_riemann_recentered,3.5,2.5,3.5,60,68,1,-1,0
P1,pre,filterbank_riemann_recentered,3.5,2.5,3.5,60,69,1,1,1
P1,pre,filterbank_riemann_recentered,3.5,2.5,3.5,60,70,1,-1,0
P1,pre,filterbank_riemann_recentered,3.5,2.5,3.5,60,71,1,1,1
P1,pre,filterbank_riemann_recentered,3.5,2.5,3.5,60,72,-1,-1,1
P1,pre,filterbank_riemann_recentered,3.5,2.5,3.5,60,73,1,1,1
P1,pre,filterbank_riemann_recentered,3.5,2.5,3.5,60,74,1,-1,0
P1,pre,filterbank_riemann_recentered,3.5,2.5,3.5,60,75,1,-1,0
P1,pre,filterbank_riemann_recentered,3.5,2.5,3.5,60,76,-1,-1,1
P1,pre,filterbank_riemann_recentered,3.5,2.5,3.5,60,77,-1,-1,1
P1,pre,filterbank_riemann_recentered,3.5,2.5,3.5,60,78,-1,-1,1
P1,pre,filterbank_riemann_recentered,3.5,2.5,3.5,60,79,-1,-1,1
P1,pre,filterbank_riemann_recentered,3.5,2.5,3.5,60,80,-1,-1,1
P1,pre,filterbank_csp_shrinkage_lda,4.25,3.25,4.25,10,61,-1,-1,1
P1,pre,filterbank_csp_shrinkage_lda,4.25,3.25,4.25,10,62,1,-1,0
P1,pre,filterbank_csp_shrinkage_lda,4.25,3.25,4.25,10,63,1,1,1
P1,pre,filterbank_csp_shrinkage_lda,4.25,3.25,4.25,10,64,-1,-1,1
P1,pre,filterbank_csp_shrinkage_lda,4.25,3.25,4.25,10,65,1,-1,0
P1,pre,filterbank_csp_shrinkage_lda,4.25,3.25,4.25,10,66,1,-1,0
P1,pre,filterbank_csp_shrinkage_lda,4.25,3.25,4.25,10,67,1,-1,0
P1,pre,filterbank_csp_shrinkage_lda,4.25,3.25,4.25,10,68,1,1,1
P1,pre,filterbank_csp_shrinkage_lda,4.25,3.25,4.25,10,69,1,-1,0
P1,pre,filterbank_csp_shrinkage_lda,4.25,3.25,4.25,10,70,1,-1,0
P1,pre,filterbank_csp_shrinkage_lda,4.25,3.25,4.25,10,71,1,-1,0
P1,pre,filterbank_csp_shrinkage_lda,4.25,3.25,4.25,10,72,-1,-1,1
P1,pre,filterbank_csp_shrinkage_lda,4.25,3.25,4.25,10,73,1,1,1
P1,pre,filterbank_csp_shrinkage_lda,4.25,3.25,4.25,10,74,1,-1,0
P1,pre,filterbank_csp_shrinkage_lda,4.25,3.25,4.25,10,75,1,-1,0
P1,pre,filterbank_csp_shrinkage_lda,4.25,3.25,4.25,10,76,-1,-1,1
P1,pre,filterbank_csp_shrinkage_lda,4.25,3.25,4.25,10,77,-1,-1,1
P1,pre,filterbank_csp_shrinkage_lda,4.25,3.25,4.25,10,78,-1,-1,1
P1,pre,filterbank_csp_shrinkage_lda,4.25,3.25,4.25,10,79,-1,-1,1
P1,pre,filterbank_csp_shrinkage_lda,4.25,3.25,4.25,10,80,-1,-1,1
P1,pre,filterbank_csp_shrinkage_lda,4.25,3.25,4.25,20,61,-1,-1,1
P1,pre,filterbank_csp_shrinkage_lda,4.25,3.25,4.25,20,62,1,-1,0
P1,pre,filterbank_csp_shrinkage_lda,4.25,3.25,4.25,20,63,1,-1,0
P1,pre,filterbank_csp_shrinkage_lda,4.25,3.25,4.25,20,64,-1,-1,1
P1,pre,filterbank_csp_shrinkage_lda,4.25,3.25,4.25,20,65,1,-1,0
P1,pre,filterbank_csp_shrinkage_lda,4.25,3.25,4.25,20,66,1,-1,0
P1,pre,filterbank_csp_shrinkage_lda,4.25,3.25,4.25,20,67,1,-1,0
P1,pre,filterbank_csp_shrinkage_lda,4.25,3.25,4.25,20,68,1,-1,0
P1,pre,filterbank_csp_shrinkage_lda,4.25,3.25,4.25,20,69,1,-1,0
P1,pre,filterbank_csp_shrinkage_lda,4.25,3.25,4.25,20,70,1,-1,0
P1,pre,filterbank_csp_shrinkage_lda,4.25,3.25,4.25,20,71,1,-1,0
P1,pre,filterbank_csp_shrinkage_lda,4.25,3.25,4.25,20,72,-1,-1,1
P1,pre,filterbank_csp_shrinkage_lda,4.25,3.25,4.25,20,73,1,1,1
P1,pre,filterbank_csp_shrinkage_lda,4.25,3.25,4.25,20,74,1,-1,0
P1,pre,filterbank_csp_shrinkage_lda,4.25,3.25,4.25,20,75,1,-1,0
P1,pre,filterbank_csp_shrinkage_lda,4.25,3.25,4.25,20,76,-1,-1,1
P1,pre,filterbank_csp_shrinkage_lda,4.25,3.25,4.25,20,77,-1,-1,1
P1,pre,filterbank_csp_shrinkage_lda,4.25,3.25,4.25,20,78,-1,-1,1
P1,pre,filterbank_csp_shrinkage_lda,4.25,3.25,4.25,20,79,-1,-1,1
P1,pre,filterbank_csp_shrinkage_lda,4.25,3.25,4.25,20,80,-1,-1,1
P1,pre,filterbank_csp_shrinkage_lda,4.25,3.25,4.25,40,61,-1,-1,1
P1,pre,filterbank_csp_shrinkage_lda,4.25,3.25,4.25,40,62,1,1,1
P1,pre,filterbank_csp_shrinkage_lda,4.25,3.25,4.25,40,63,1,1,1
P1,pre,filterbank_csp_shrinkage_lda,4.25,3.25,4.25,40,64,-1,-1,1
P1,pre,filterbank_csp_shrinkage_lda,4.25,3.25,4.25,40,65,1,1,1
P1,pre,filterbank_csp_shrinkage_lda,4.25,3.25,4.25,40,66,1,1,1
P1,pre,filterbank_csp_shrinkage_lda,4.25,3.25,4.25,40,67,1,1,1
P1,pre,filterbank_csp_shrinkage_lda,4.25,3.25,4.25,40,68,1,1,1
P1,pre,filterbank_csp_shrinkage_lda,4.25,3.25,4.25,40,69,1,-1,0
P1,pre,filterbank_csp_shrinkage_lda,4.25,3.25,4.25,40,70,1,-1,0
P1,pre,filterbank_csp_shrinkage_lda,4.25,3.25,4.25,40,71,1,-1,0
P1,pre,filterbank_csp_shrinkage_lda,4.25,3.25,4.25,40,72,-1,-1,1
P1,pre,filterbank_csp_shrinkage_lda,4.25,3.25,4.25,40,73,1,1,1
P1,pre,filterbank_csp_shrinkage_lda,4.25,3.25,4.25,40,74,1,-1,0
P1,pre,filterbank_csp_shrinkage_lda,4.25,3.25,4.25,40,75,1,1,1
P1,pre,filterbank_csp_shrinkage_lda,4.25,3.25,4.25,40,76,-1,-1,1
P1,pre,filterbank_csp_shrinkage_lda,4.25,3.25,4.25,40,77,-1,-1,1
P1,pre,filterbank_csp_shrinkage_lda,4.25,3.25,4.25,40,78,-1,-1,1
P1,pre,filterbank_csp_shrinkage_lda,4.25,3.25,4.25,40,79,-1,-1,1
P1,pre,filterbank_csp_shrinkage_lda,4.25,3.25,4.25,40,80,-1,-1,1
P1,pre,filterbank_csp_shrinkage_lda,4.25,3.25,4.25,60,61,-1,-1,1
P1,pre,filterbank_csp_shrinkage_lda,4.25,3.25,4.25,60,62,1,1,1
P1,pre,filterbank_csp_shrinkage_lda,4.25,3.25,4.25,60,63,1,1,1
P1,pre,filterbank_csp_shrinkage_lda,4.25,3.25,4.25,60,64,-1,-1,1
P1,pre,filterbank_csp_shrinkage_lda,4.25,3.25,4.25,60,65,1,1,1
P1,pre,filterbank_csp_shrinkage_lda,4.25,3.25,4.25,60,66,1,1,1
P1,pre,filterbank_csp_shrinkage_lda,4.25,3.25,4.25,60,67,1,1,1
P1,pre,filterbank_csp_shrinkage_lda,4.25,3.25,4.25,60,68,1,1,1
P1,pre,filterbank_csp_shrinkage_lda,4.25,3.25,4.25,60,69,1,-1,0
P1,pre,filterbank_csp_shrinkage_lda,4.25,3.25,4.25,60,70,1,-1,0
P1,pre,filterbank_csp_shrinkage_lda,4.25,3.25,4.25,60,71,1,1,1
P1,pre,filterbank_csp_shrinkage_lda,4.25,3.25,4.25,60,72,-1,-1,1
P1,pre,filterbank_csp_shrinkage_lda,4.25,3.25,4.25,60,73,1,1,1
P1,pre,filterbank_csp_shrinkage_lda,4.25,3.25,4.25,60,74,1,-1,0
P1,pre,filterbank_csp_shrinkage_lda,4.25,3.25,4.25,60,75,1,1,1
P1,pre,filterbank_csp_shrinkage_lda,4.25,3.25,4.25,60,76,-1,-1,1
P1,pre,filterbank_csp_shrinkage_lda,4.25,3.25,4.25,60,77,-1,-1,1
P1,pre,filterbank_csp_shrinkage_lda,4.25,3.25,4.25,60,78,-1,-1,1
P1,pre,filterbank_csp_shrinkage_lda,4.25,3.25,4.25,60,79,-1,-1,1
P1,pre,filterbank_csp_shrinkage_lda,4.25,3.25,4.25,60,80,-1,-1,1
P1,pre,filterbank_riemann_recentered,4.25,3.25,4.25,10,61,-1,-1,1
P1,pre,filterbank_riemann_recentered,4.25,3.25,4.25,10,62,1,-1,0
P1,pre,filterbank_riemann_recentered,4.25,3.25,4.25,10,63,1,-1,0
P1,pre,filterbank_riemann_recentered,4.25,3.25,4.25,10,64,-1,-1,1
P1,pre,filterbank_riemann_recentered,4.25,3.25,4.25,10,65,1,-1,0
P1,pre,filterbank_riemann_recentered,4.25,3.25,4.25,10,66,1,-1,0
P1,pre,filterbank_riemann_recentered,4.25,3.25,4.25,10,67,1,-1,0
P1,pre,filterbank_riemann_recentered,4.25,3.25,4.25,10,68,1,-1,0
P1,pre,filterbank_riemann_recentered,4.25,3.25,4.25,10,69,1,-1,0
P1,pre,filterbank_riemann_recentered,4.25,3.25,4.25,10,70,1,-1,0
P1,pre,filterbank_riemann_recentered,4.25,3.25,4.25,10,71,1,-1,0
P1,pre,filterbank_riemann_recentered,4.25,3.25,4.25,10,72,-1,-1,1
P1,pre,filterbank_riemann_recentered,4.25,3.25,4.25,10,73,1,-1,0
P1,pre,filterbank_riemann_recentered,4.25,3.25,4.25,10,74,1,-1,0
P1,pre,filterbank_riemann_recentered,4.25,3.25,4.25,10,75,1,-1,0
P1,pre,filterbank_riemann_recentered,4.25,3.25,4.25,10,76,-1,-1,1
P1,pre,filterbank_riemann_recentered,4.25,3.25,4.25,10,77,-1,-1,1
P1,pre,filterbank_riemann_recentered,4.25,3.25,4.25,10,78,-1,-1,1
P1,pre,filterbank_riemann_recentered,4.25,3.25,4.25,10,79,-1,-1,1
P1,pre,filterbank_riemann_recentered,4.25,3.25,4.25,10,80,-1,-1,1
P1,pre,filterbank_riemann_recentered,4.25,3.25,4.25,20,61,-1,-1,1
P1,pre,filterbank_riemann_recentered,4.25,3.25,4.25,20,62,1,-1,0
P1,pre,filterbank_riemann_recentered,4.25,3.25,4.25,20,63,1,-1,0
P1,pre,filterbank_riemann_recentered,4.25,3.25,4.25,20,64,-1,-1,1
P1,pre,filterbank_riemann_recentered,4.25,3.25,4.25,20,65,1,-1,0
P1,pre,filterbank_riemann_recentered,4.25,3.25,4.25,20,66,1,-1,0
P1,pre,filterbank_riemann_recentered,4.25,3.25,4.25,20,67,1,-1,0
P1,pre,filterbank_riemann_recentered,4.25,3.25,4.25,20,68,1,-1,0
P1,pre,filterbank_riemann_recentered,4.25,3.25,4.25,20,69,1,-1,0
P1,pre,filterbank_riemann_recentered,4.25,3.25,4.25,20,70,1,-1,0
P1,pre,filterbank_riemann_recentered,4.25,3.25,4.25,20,71,1,-1,0
P1,pre,filterbank_riemann_recentered,4.25,3.25,4.25,20,72,-1,-1,1
P1,pre,filterbank_riemann_recentered,4.25,3.25,4.25,20,73,1,-1,0
P1,pre,filterbank_riemann_recentered,4.25,3.25,4.25,20,74,1,-1,0
P1,pre,filterbank_riemann_recentered,4.25,3.25,4.25,20,75,1,-1,0
P1,pre,filterbank_riemann_recentered,4.25,3.25,4.25,20,76,-1,-1,1
P1,pre,filterbank_riemann_recentered,4.25,3.25,4.25,20,77,-1,-1,1
P1,pre,filterbank_riemann_recentered,4.25,3.25,4.25,20,78,-1,-1,1
P1,pre,filterbank_riemann_recentered,4.25,3.25,4.25,20,79,-1,-1,1
P1,pre,filterbank_riemann_recentered,4.25,3.25,4.25,20,80,-1,-1,1
P1,pre,filterbank_riemann_recentered,4.25,3.25,4.25,40,61,-1,-1,1
P1,pre,filterbank_riemann_recentered,4.25,3.25,4.25,40,62,1,1,1
P1,pre,filterbank_riemann_recentered,4.25,3.25,4.25,40,63,1,-1,0
P1,pre,filterbank_riemann_recentered,4.25,3.25,4.25,40,64,-1,-1,1
P1,pre,filterbank_riemann_recentered,4.25,3.25,4.25,40,65,1,-1,0
P1,pre,filterbank_riemann_recentered,4.25,3.25,4.25,40,66,1,1,1
P1,pre,filterbank_riemann_recentered,4.25,3.25,4.25,40,67,1,-1,0
P1,pre,filterbank_riemann_recentered,4.25,3.25,4.25,40,68,1,-1,0
P1,pre,filterbank_riemann_recentered,4.25,3.25,4.25,40,69,1,-1,0
P1,pre,filterbank_riemann_recentered,4.25,3.25,4.25,40,70,1,-1,0
P1,pre,filterbank_riemann_recentered,4.25,3.25,4.25,40,71,1,1,1
P1,pre,filterbank_riemann_recentered,4.25,3.25,4.25,40,72,-1,-1,1
P1,pre,filterbank_riemann_recentered,4.25,3.25,4.25,40,73,1,1,1
P1,pre,filterbank_riemann_recentered,4.25,3.25,4.25,40,74,1,-1,0
P1,pre,filterbank_riemann_recentered,4.25,3.25,4.25,40,75,1,-1,0
P1,pre,filterbank_riemann_recentered,4.25,3.25,4.25,40,76,-1,-1,1
P1,pre,filterbank_riemann_recentered,4.25,3.25,4.25,40,77,-1,-1,1
P1,pre,filterbank_riemann_recentered,4.25,3.25,4.25,40,78,-1,-1,1
P1,pre,filterbank_riemann_recentered,4.25,3.25,4.25,40,79,-1,-1,1
P1,pre,filterbank_riemann_recentered,4.25,3.25,4.25,40,80,-1,-1,1
P1,pre,filterbank_riemann_recentered,4.25,3.25,4.25,60,61,-1,-1,1
P1,pre,filterbank_riemann_recentered,4.25,3.25,4.25,60,62,1,1,1
P1,pre,filterbank_riemann_recentered,4.25,3.25,4.25,60,63,1,-1,0
P1,pre,filterbank_riemann_recentered,4.25,3.25,4.25,60,64,-1,-1,1
P1,pre,filterbank_riemann_recentered,4.25,3.25,4.25,60,65,1,1,1
P1,pre,filterbank_riemann_recentered,4.25,3.25,4.25,60,66,1,1,1
P1,pre,filterbank_riemann_recentered,4.25,3.25,4.25,60,67,1,-1,0
P1,pre,filterbank_riemann_recentered,4.25,3.25,4.25,60,68,1,1,1
P1,pre,filterbank_riemann_recentered,4.25,3.25,4.25,60,69,1,-1,0
P1,pre,filterbank_riemann_recentered,4.25,3.25,4.25,60,70,1,1,1
P1,pre,filterbank_riemann_recentered,4.25,3.25,4.25,60,71,1,1,1
P1,pre,filterbank_riemann_recentered,4.25,3.25,4.25,60,72,-1,-1,1
P1,pre,filterbank_riemann_recentered,4.25,3.25,4.25,60,73,1,1,1
P1,pre,filterbank_riemann_recentered,4.25,3.25,4.25,60,74,1,-1,0
P1,pre,filterbank_riemann_recentered,4.25,3.25,4.25,60,75,1,-1,0
P1,pre,filterbank_riemann_recentered,4.25,3.25,4.25,60,76,-1,-1,1
P1,pre,filterbank_riemann_recentered,4.25,3.25,4.25,60,77,-1,-1,1
P1,pre,filterbank_riemann_recentered,4.25,3.25,4.25,60,78,-1,-1,1
P1,pre,filterbank_riemann_recentered,4.25,3.25,4.25,60,79,-1,-1,1
P1,pre,filterbank_riemann_recentered,4.25,3.25,4.25,60,80,-1,-1,1
P1,pre,filterbank_csp_shrinkage_lda,6.5,5.5,6.5,10,61,-1,-1,1
P1,pre,filterbank_csp_shrinkage_lda,6.5,5.5,6.5,10,62,1,-1,0
P1,pre,filterbank_csp_shrinkage_lda,6.5,5.5,6.5,10,63,1,-1,0
P1,pre,filterbank_csp_shrinkage_lda,6.5,5.5,6.5,10,64,-1,-1,1
P1,pre,filterbank_csp_shrinkage_lda,6.5,5.5,6.5,10,65,1,-1,0
P1,pre,filterbank_csp_shrinkage_lda,6.5,5.5,6.5,10,66,1,-1,0
P1,pre,filterbank_csp_shrinkage_lda,6.5,5.5,6.5,10,67,1,-1,0
P1,pre,filterbank_csp_shrinkage_lda,6.5,5.5,6.5,10,68,1,-1,0
P1,pre,filterbank_csp_shrinkage_lda,6.5,5.5,6.5,10,69,1,-1,0
P1,pre,filterbank_csp_shrinkage_lda,6.5,5.5,6.5,10,70,1,-1,0
P1,pre,filterbank_csp_shrinkage_lda,6.5,5.5,6.5,10,71,1,-1,0
P1,pre,filterbank_csp_shrinkage_lda,6.5,5.5,6.5,10,72,-1,-1,1
P1,pre,filterbank_csp_shrinkage_lda,6.5,5.5,6.5,10,73,1,-1,0
P1,pre,filterbank_csp_shrinkage_lda,6.5,5.5,6.5,10,74,1,-1,0
P1,pre,filterbank_csp_shrinkage_lda,6.5,5.5,6.5,10,75,1,-1,0
P1,pre,filterbank_csp_shrinkage_lda,6.5,5.5,6.5,10,76,-1,-1,1
P1,pre,filterbank_csp_shrinkage_lda,6.5,5.5,6.5,10,77,-1,-1,1
P1,pre,filterbank_csp_shrinkage_lda,6.5,5.5,6.5,10,78,-1,-1,1
P1,pre,filterbank_csp_shrinkage_lda,6.5,5.5,6.5,10,79,-1,-1,1
P1,pre,filterbank_csp_shrinkage_lda,6.5,5.5,6.5,10,80,-1,-1,1
P1,pre,filterbank_csp_shrinkage_lda,6.5,5.5,6.5,20,61,-1,-1,1
P1,pre,filterbank_csp_shrinkage_lda,6.5,5.5,6.5,20,62,1,-1,0
P1,pre,filterbank_csp_shrinkage_lda,6.5,5.5,6.5,20,63,1,-1,0
P1,pre,filterbank_csp_shrinkage_lda,6.5,5.5,6.5,20,64,-1,-1,1
P1,pre,filterbank_csp_shrinkage_lda,6.5,5.5,6.5,20,65,1,1,1
P1,pre,filterbank_csp_shrinkage_lda,6.5,5.5,6.5,20,66,1,-1,0
P1,pre,filterbank_csp_shrinkage_lda,6.5,5.5,6.5,20,67,1,-1,0
P1,pre,filterbank_csp_shrinkage_lda,6.5,5.5,6.5,20,68,1,-1,0
P1,pre,filterbank_csp_shrinkage_lda,6.5,5.5,6.5,20,69,1,1,1
P1,pre,filterbank_csp_shrinkage_lda,6.5,5.5,6.5,20,70,1,-1,0
P1,pre,filterbank_csp_shrinkage_lda,6.5,5.5,6.5,20,71,1,-1,0
P1,pre,filterbank_csp_shrinkage_lda,6.5,5.5,6.5,20,72,-1,-1,1
P1,pre,filterbank_csp_shrinkage_lda,6.5,5.5,6.5,20,73,1,1,1
P1,pre,filterbank_csp_shrinkage_lda,6.5,5.5,6.5,20,74,1,1,1
P1,pre,filterbank_csp_shrinkage_lda,6.5,5.5,6.5,20,75,1,-1,0
P1,pre,filterbank_csp_shrinkage_lda,6.5,5.5,6.5,20,76,-1,-1,1
P1,pre,filterbank_csp_shrinkage_lda,6.5,5.5,6.5,20,77,-1,-1,1
P1,pre,filterbank_csp_shrinkage_lda,6.5,5.5,6.5,20,78,-1,-1,1
P1,pre,filterbank_csp_shrinkage_lda,6.5,5.5,6.5,20,79,-1,-1,1
P1,pre,filterbank_csp_shrinkage_lda,6.5,5.5,6.5,20,80,-1,-1,1
P1,pre,filterbank_csp_shrinkage_lda,6.5,5.5,6.5,40,61,-1,-1,1
P1,pre,filterbank_csp_shrinkage_lda,6.5,5.5,6.5,40,62,1,1,1
P1,pre,filterbank_csp_shrinkage_lda,6.5,5.5,6.5,40,63,1,1,1
P1,pre,filterbank_csp_shrinkage_lda,6.5,5.5,6.5,40,64,-1,1,0
P1,pre,filterbank_csp_shrinkage_lda,6.5,5.5,6.5,40,65,1,1,1
P1,pre,filterbank_csp_shrinkage_lda,6.5,5.5,6.5,40,66,1,-1,0
P1,pre,filterbank_csp_shrinkage_lda,6.5,5.5,6.5,40,67,1,1,1
P1,pre,filterbank_csp_shrinkage_lda,6.5,5.5,6.5,40,68,1,1,1
P1,pre,filterbank_csp_shrinkage_lda,6.5,5.5,6.5,40,69,1,1,1
P1,pre,filterbank_csp_shrinkage_lda,6.5,5.5,6.5,40,70,1,1,1
P1,pre,filterbank_csp_shrinkage_lda,6.5,5.5,6.5,40,71,1,1,1
P1,pre,filterbank_csp_shrinkage_lda,6.5,5.5,6.5,40,72,-1,1,0
P1,pre,filterbank_csp_shrinkage_lda,6.5,5.5,6.5,40,73,1,1,1
P1,pre,filterbank_csp_shrinkage_lda,6.5,5.5,6.5,40,74,1,1,1
P1,pre,filterbank_csp_shrinkage_lda,6.5,5.5,6.5,40,75,1,1,1
P1,pre,filterbank_csp_shrinkage_lda,6.5,5.5,6.5,40,76,-1,1,0
P1,pre,filterbank_csp_shrinkage_lda,6.5,5.5,6.5,40,77,-1,-1,1
P1,pre,filterbank_csp_shrinkage_lda,6.5,5.5,6.5,40,78,-1,1,0
P1,pre,filterbank_csp_shrinkage_lda,6.5,5.5,6.5,40,79,-1,1,0
P1,pre,filterbank_csp_shrinkage_lda,6.5,5.5,6.5,40,80,-1,1,0
P1,pre,filterbank_csp_shrinkage_lda,6.5,5.5,6.5,60,61,-1,-1,1
P1,pre,filterbank_csp_shrinkage_lda,6.5,5.5,6.5,60,62,1,1,1
P1,pre,filterbank_csp_shrinkage_lda,6.5,5.5,6.5,60,63,1,1,1
P1,pre,filterbank_csp_shrinkage_lda,6.5,5.5,6.5,60,64,-1,-1,1
P1,pre,filterbank_csp_shrinkage_lda,6.5,5.5,6.5,60,65,1,1,1
P1,pre,filterbank_csp_shrinkage_lda,6.5,5.5,6.5,60,66,1,-1,0
P1,pre,filterbank_csp_shrinkage_lda,6.5,5.5,6.5,60,67,1,1,1
P1,pre,filterbank_csp_shrinkage_lda,6.5,5.5,6.5,60,68,1,1,1
P1,pre,filterbank_csp_shrinkage_lda,6.5,5.5,6.5,60,69,1,1,1
P1,pre,filterbank_csp_shrinkage_lda,6.5,5.5,6.5,60,70,1,-1,0
P1,pre,filterbank_csp_shrinkage_lda,6.5,5.5,6.5,60,71,1,1,1
P1,pre,filterbank_csp_shrinkage_lda,6.5,5.5,6.5,60,72,-1,1,0
P1,pre,filterbank_csp_shrinkage_lda,6.5,5.5,6.5,60,73,1,1,1
P1,pre,filterbank_csp_shrinkage_lda,6.5,5.5,6.5,60,74,1,1,1
P1,pre,filterbank_csp_shrinkage_lda,6.5,5.5,6.5,60,75,1,-1,0
P1,pre,filterbank_csp_shrinkage_lda,6.5,5.5,6.5,60,76,-1,-1,1
P1,pre,filterbank_csp_shrinkage_lda,6.5,5.5,6.5,60,77,-1,1,0
P1,pre,filterbank_csp_shrinkage_lda,6.5,5.5,6.5,60,78,-1,1,0
P1,pre,filterbank_csp_shrinkage_lda,6.5,5.5,6.5,60,79,-1,1,0
P1,pre,filterbank_csp_shrinkage_lda,6.5,5.5,6.5,60,80,-1,1,0
P1,pre,filterbank_riemann_recentered,6.5,5.5,6.5,10,61,-1,-1,1
P1,pre,filterbank_riemann_recentered,6.5,5.5,6.5,10,62,1,-1,0
P1,pre,filterbank_riemann_recentered,6.5,5.5,6.5,10,63,1,-1,0
P1,pre,filterbank_riemann_recentered,6.5,5.5,6.5,10,64,-1,-1,1
P1,pre,filterbank_riemann_recentered,6.5,5.5,6.5,10,65,1,-1,0
P1,pre,filterbank_riemann_recentered,6.5,5.5,6.5,10,66,1,-1,0
P1,pre,filterbank_riemann_recentered,6.5,5.5,6.5,10,67,1,-1,0
P1,pre,filterbank_riemann_recentered,6.5,5.5,6.5,10,68,1,-1,0
P1,pre,filterbank_riemann_recentered,6.5,5.5,6.5,10,69,1,-1,0
P1,pre,filterbank_riemann_recentered,6.5,5.5,6.5,10,70,1,-1,0
P1,pre,filterbank_riemann_recentered,6.5,5.5,6.5,10,71,1,-1,0
P1,pre,filterbank_riemann_recentered,6.5,5.5,6.5,10,72,-1,-1,1
P1,pre,filterbank_riemann_recentered,6.5,5.5,6.5,10,73,1,-1,0
P1,pre,filterbank_riemann_recentered,6.5,5.5,6.5,10,74,1,-1,0
P1,pre,filterbank_riemann_recentered,6.5,5.5,6.5,10,75,1,-1,0
P1,pre,filterbank_riemann_recentered,6.5,5.5,6.5,10,76,-1,-1,1
P1,pre,filterbank_riemann_recentered,6.5,5.5,6.5,10,77,-1,-1,1
P1,pre,filterbank_riemann_recentered,6.5,5.5,6.5,10,78,-1,-1,1
P1,pre,filterbank_riemann_recentered,6.5,5.5,6.5,10,79,-1,-1,1
P1,pre,filterbank_riemann_recentered,6.5,5.5,6.5,10,80,-1,-1,1
P1,pre,filterbank_riemann_recentered,6.5,5.5,6.5,20,61,-1,-1,1
P1,pre,filterbank_riemann_recentered,6.5,5.5,6.5,20,62,1,-1,0
P1,pre,filterbank_riemann_recentered,6.5,5.5,6.5,20,63,1,-1,0
P1,pre,filterbank_riemann_recentered,6.5,5.5,6.5,20,64,-1,-1,1
P1,pre,filterbank_riemann_recentered,6.5,5.5,6.5,20,65,1,-1,0
P1,pre,filterbank_riemann_recentered,6.5,5.5,6.5,20,66,1,-1,0
P1,pre,filterbank_riemann_recentered,6.5,5.5,6.5,20,67,1,-1,0
P1,pre,filterbank_riemann_recentered,6.5,5.5,6.5,20,68,1,-1,0
P1,pre,filterbank_riemann_recentered,6.5,5.5,6.5,20,69,1,-1,0
P1,pre,filterbank_riemann_recentered,6.5,5.5,6.5,20,70,1,-1,0
P1,pre,filterbank_riemann_recentered,6.5,5.5,6.5,20,71,1,-1,0
P1,pre,filterbank_riemann_recentered,6.5,5.5,6.5,20,72,-1,-1,1
P1,pre,filterbank_riemann_recentered,6.5,5.5,6.5,20,73,1,-1,0
P1,pre,filterbank_riemann_recentered,6.5,5.5,6.5,20,74,1,-1,0
P1,pre,filterbank_riemann_recentered,6.5,5.5,6.5,20,75,1,-1,0
P1,pre,filterbank_riemann_recentered,6.5,5.5,6.5,20,76,-1,-1,1
P1,pre,filterbank_riemann_recentered,6.5,5.5,6.5,20,77,-1,-1,1
P1,pre,filterbank_riemann_recentered,6.5,5.5,6.5,20,78,-1,-1,1
P1,pre,filterbank_riemann_recentered,6.5,5.5,6.5,20,79,-1,-1,1
P1,pre,filterbank_riemann_recentered,6.5,5.5,6.5,20,80,-1,-1,1
P1,pre,filterbank_riemann_recentered,6.5,5.5,6.5,40,61,-1,-1,1
P1,pre,filterbank_riemann_recentered,6.5,5.5,6.5,40,62,1,1,1
P1,pre,filterbank_riemann_recentered,6.5,5.5,6.5,40,63,1,1,1
P1,pre,filterbank_riemann_recentered,6.5,5.5,6.5,40,64,-1,-1,1
P1,pre,filterbank_riemann_recentered,6.5,5.5,6.5,40,65,1,-1,0
P1,pre,filterbank_riemann_recentered,6.5,5.5,6.5,40,66,1,-1,0
P1,pre,filterbank_riemann_recentered,6.5,5.5,6.5,40,67,1,-1,0
P1,pre,filterbank_riemann_recentered,6.5,5.5,6.5,40,68,1,1,1
P1,pre,filterbank_riemann_recentered,6.5,5.5,6.5,40,69,1,-1,0
P1,pre,filterbank_riemann_recentered,6.5,5.5,6.5,40,70,1,-1,0
P1,pre,filterbank_riemann_recentered,6.5,5.5,6.5,40,71,1,-1,0
P1,pre,filterbank_riemann_recentered,6.5,5.5,6.5,40,72,-1,-1,1
P1,pre,filterbank_riemann_recentered,6.5,5.5,6.5,40,73,1,1,1
P1,pre,filterbank_riemann_recentered,6.5,5.5,6.5,40,74,1,-1,0
P1,pre,filterbank_riemann_recentered,6.5,5.5,6.5,40,75,1,-1,0
P1,pre,filterbank_riemann_recentered,6.5,5.5,6.5,40,76,-1,-1,1
P1,pre,filterbank_riemann_recentered,6.5,5.5,6.5,40,77,-1,-1,1
P1,pre,filterbank_riemann_recentered,6.5,5.5,6.5,40,78,-1,-1,1
P1,pre,filterbank_riemann_recentered,6.5,5.5,6.5,40,79,-1,-1,1
P1,pre,filterbank_riemann_recentered,6.5,5.5,6.5,40,80,-1,-1,1
P1,pre,filterbank_riemann_recentered,6.5,5.5,6.5,60,61,-1,-1,1
P1,pre,filterbank_riemann_recentered,6.5,5.5,6.5,60,62,1,1,1
P1,pre,filterbank_riemann_recentered,6.5,5.5,6.5,60,63,1,1,1
P1,pre,filterbank_riemann_recentered,6.5,5.5,6.5,60,64,-1,-1,1
P1,pre,filterbank_riemann_recentered,6.5,5.5,6.5,60,65,1,-1,0
P1,pre,filterbank_riemann_recentered,6.5,5.5,6.5,60,66,1,-1,0
P1,pre,filterbank_riemann_recentered,6.5,5.5,6.5,60,67,1,1,1
P1,pre,filterbank_riemann_recentered,6.5,5.5,6.5,60,68,1,1,1
P1,pre,filterbank_riemann_recentered,6.5,5.5,6.5,60,69,1,1,1
P1,pre,filterbank_riemann_recentered,6.5,5.5,6.5,60,70,1,-1,0
P1,pre,filterbank_riemann_recentered,6.5,5.5,6.5,60,71,1,1,1
P1,pre,filterbank_riemann_recentered,6.5,5.5,6.5,60,72,-1,-1,1
P1,pre,filterbank_riemann_recentered,6.5,5.5,6.5,60,73,1,1,1
P1,pre,filterbank_riemann_recentered,6.5,5.5,6.5,60,74,1,-1,0
P1,pre,filterbank_riemann_recentered,6.5,5.5,6.5,60,75,1,-1,0
P1,pre,filterbank_riemann_recentered,6.5,5.5,6.5,60,76,-1,-1,1
P1,pre,filterbank_riemann_recentered,6.5,5.5,6.5,60,77,-1,-1,1
P1,pre,filterbank_riemann_recentered,6.5,5.5,6.5,60,78,-1,-1,1
P1,pre,filterbank_riemann_recentered,6.5,5.5,6.5,60,79,-1,1,0
P1,pre,filterbank_riemann_recentered,6.5,5.5,6.5,60,80,-1,-1,1
P1,post,filterbank_csp_shrinkage_lda,2.0,1.0,2.0,10,61,-1,1,0
P1,post,filterbank_csp_shrinkage_lda,2.0,1.0,2.0,10,62,1,-1,0
P1,post,filterbank_csp_shrinkage_lda,2.0,1.0,2.0,10,63,1,1,1
P1,post,filterbank_csp_shrinkage_lda,2.0,1.0,2.0,10,64,1,1,1
P1,post,filterbank_csp_shrinkage_lda,2.0,1.0,2.0,10,65,-1,-1,1
P1,post,filterbank_csp_shrinkage_lda,2.0,1.0,2.0,10,66,1,1,1
P1,post,filterbank_csp_shrinkage_lda,2.0,1.0,2.0,10,67,-1,1,0
P1,post,filterbank_csp_shrinkage_lda,2.0,1.0,2.0,10,68,-1,1,0
P1,post,filterbank_csp_shrinkage_lda,2.0,1.0,2.0,10,69,1,1,1
P1,post,filterbank_csp_shrinkage_lda,2.0,1.0,2.0,10,70,1,1,1
P1,post,filterbank_csp_shrinkage_lda,2.0,1.0,2.0,10,71,-1,1,0
P1,post,filterbank_csp_shrinkage_lda,2.0,1.0,2.0,10,72,1,1,1
P1,post,filterbank_csp_shrinkage_lda,2.0,1.0,2.0,10,73,-1,1,0
P1,post,filterbank_csp_shrinkage_lda,2.0,1.0,2.0,10,74,-1,1,0
P1,post,filterbank_csp_shrinkage_lda,2.0,1.0,2.0,10,75,-1,1,0
P1,post,filterbank_csp_shrinkage_lda,2.0,1.0,2.0,10,76,1,1,1
P1,post,filterbank_csp_shrinkage_lda,2.0,1.0,2.0,10,77,1,1,1
P1,post,filterbank_csp_shrinkage_lda,2.0,1.0,2.0,10,78,1,1,1
P1,post,filterbank_csp_shrinkage_lda,2.0,1.0,2.0,10,79,-1,1,0
P1,post,filterbank_csp_shrinkage_lda,2.0,1.0,2.0,10,80,1,1,1
P1,post,filterbank_csp_shrinkage_lda,2.0,1.0,2.0,20,61,-1,-1,1
P1,post,filterbank_csp_shrinkage_lda,2.0,1.0,2.0,20,62,1,-1,0
P1,post,filterbank_csp_shrinkage_lda,2.0,1.0,2.0,20,63,1,-1,0
P1,post,filterbank_csp_shrinkage_lda,2.0,1.0,2.0,20,64,1,-1,0
P1,post,filterbank_csp_shrinkage_lda,2.0,1.0,2.0,20,65,-1,-1,1
P1,post,filterbank_csp_shrinkage_lda,2.0,1.0,2.0,20,66,1,1,1
P1,post,filterbank_csp_shrinkage_lda,2.0,1.0,2.0,20,67,-1,-1,1
P1,post,filterbank_csp_shrinkage_lda,2.0,1.0,2.0,20,68,-1,-1,1
P1,post,filterbank_csp_shrinkage_lda,2.0,1.0,2.0,20,69,1,-1,0
P1,post,filterbank_csp_shrinkage_lda,2.0,1.0,2.0,20,70,1,-1,0
P1,post,filterbank_csp_shrinkage_lda,2.0,1.0,2.0,20,71,-1,-1,1
P1,post,filterbank_csp_shrinkage_lda,2.0,1.0,2.0,20,72,1,-1,0
P1,post,filterbank_csp_shrinkage_lda,2.0,1.0,2.0,20,73,-1,-1,1
P1,post,filterbank_csp_shrinkage_lda,2.0,1.0,2.0,20,74,-1,-1,1
P1,post,filterbank_csp_shrinkage_lda,2.0,1.0,2.0,20,75,-1,-1,1
P1,post,filterbank_csp_shrinkage_lda,2.0,1.0,2.0,20,76,1,1,1
P1,post,filterbank_csp_shrinkage_lda,2.0,1.0,2.0,20,77,1,-1,0
P1,post,filterbank_csp_shrinkage_lda,2.0,1.0,2.0,20,78,1,-1,0
P1,post,filterbank_csp_shrinkage_lda,2.0,1.0,2.0,20,79,-1,1,0
P1,post,filterbank_csp_shrinkage_lda,2.0,1.0,2.0,20,80,1,-1,0
P1,post,filterbank_csp_shrinkage_lda,2.0,1.0,2.0,40,61,-1,-1,1
P1,post,filterbank_csp_shrinkage_lda,2.0,1.0,2.0,40,62,1,-1,0
P1,post,filterbank_csp_shrinkage_lda,2.0,1.0,2.0,40,63,1,-1,0
P1,post,filterbank_csp_shrinkage_lda,2.0,1.0,2.0,40,64,1,-1,0
P1,post,filterbank_csp_shrinkage_lda,2.0,1.0,2.0,40,65,-1,1,0
P1,post,filterbank_csp_shrinkage_lda,2.0,1.0,2.0,40,66,1,1,1
P1,post,filterbank_csp_shrinkage_lda,2.0,1.0,2.0,40,67,-1,1,0
P1,post,filterbank_csp_shrinkage_lda,2.0,1.0,2.0,40,68,-1,1,0
P1,post,filterbank_csp_shrinkage_lda,2.0,1.0,2.0,40,69,1,1,1
P1,post,filterbank_csp_shrinkage_lda,2.0,1.0,2.0,40,70,1,1,1
P1,post,filterbank_csp_shrinkage_lda,2.0,1.0,2.0,40,71,-1,1,0
P1,post,filterbank_csp_shrinkage_lda,2.0,1.0,2.0,40,72,1,1,1
P1,post,filterbank_csp_shrinkage_lda,2.0,1.0,2.0,40,73,-1,1,0
P1,post,filterbank_csp_shrinkage_lda,2.0,1.0,2.0,40,74,-1,1,0
P1,post,filterbank_csp_shrinkage_lda,2.0,1.0,2.0,40,75,-1,1,0
P1,post,filterbank_csp_shrinkage_lda,2.0,1.0,2.0,40,76,1,1,1
P1,post,filterbank_csp_shrinkage_lda,2.0,1.0,2.0,40,77,1,1,1
P1,post,filterbank_csp_shrinkage_lda,2.0,1.0,2.0,40,78,1,1,1
P1,post,filterbank_csp_shrinkage_lda,2.0,1.0,2.0,40,79,-1,1,0
P1,post,filterbank_csp_shrinkage_lda,2.0,1.0,2.0,40,80,1,1,1
P1,post,filterbank_csp_shrinkage_lda,2.0,1.0,2.0,60,61,-1,1,0
P1,post,filterbank_csp_shrinkage_lda,2.0,1.0,2.0,60,62,1,-1,0
P1,post,filterbank_csp_shrinkage_lda,2.0,1.0,2.0,60,63,1,-1,0
P1,post,filterbank_csp_shrinkage_lda,2.0,1.0,2.0,60,64,1,-1,0
P1,post,filterbank_csp_shrinkage_lda,2.0,1.0,2.0,60,65,-1,1,0
P1,post,filterbank_csp_shrinkage_lda,2.0,1.0,2.0,60,66,1,1,1
P1,post,filterbank_csp_shrinkage_lda,2.0,1.0,2.0,60,67,-1,1,0
P1,post,filterbank_csp_shrinkage_lda,2.0,1.0,2.0,60,68,-1,1,0
P1,post,filterbank_csp_shrinkage_lda,2.0,1.0,2.0,60,69,1,1,1
P1,post,filterbank_csp_shrinkage_lda,2.0,1.0,2.0,60,70,1,1,1
P1,post,filterbank_csp_shrinkage_lda,2.0,1.0,2.0,60,71,-1,1,0
P1,post,filterbank_csp_shrinkage_lda,2.0,1.0,2.0,60,72,1,1,1
P1,post,filterbank_csp_shrinkage_lda,2.0,1.0,2.0,60,73,-1,-1,1
P1,post,filterbank_csp_shrinkage_lda,2.0,1.0,2.0,60,74,-1,1,0
P1,post,filterbank_csp_shrinkage_lda,2.0,1.0,2.0,60,75,-1,1,0
P1,post,filterbank_csp_shrinkage_lda,2.0,1.0,2.0,60,76,1,1,1
P1,post,filterbank_csp_shrinkage_lda,2.0,1.0,2.0,60,77,1,1,1
P1,post,filterbank_csp_shrinkage_lda,2.0,1.0,2.0,60,78,1,1,1
P1,post,filterbank_csp_shrinkage_lda,2.0,1.0,2.0,60,79,-1,1,0
P1,post,filterbank_csp_shrinkage_lda,2.0,1.0,2.0,60,80,1,1,1
P1,post,filterbank_riemann_recentered,2.0,1.0,2.0,10,61,-1,1,0
P1,post,filterbank_riemann_recentered,2.0,1.0,2.0,10,62,1,1,1
P1,post,filterbank_riemann_recentered,2.0,1.0,2.0,10,63,1,1,1
P1,post,filterbank_riemann_recentered,2.0,1.0,2.0,10,64,1,1,1
P1,post,filterbank_riemann_recentered,2.0,1.0,2.0,10,65,-1,1,0
P1,post,filterbank_riemann_recentered,2.0,1.0,2.0,10,66,1,1,1
P1,post,filterbank_riemann_recentered,2.0,1.0,2.0,10,67,-1,1,0
P1,post,filterbank_riemann_recentered,2.0,1.0,2.0,10,68,-1,1,0
P1,post,filterbank_riemann_recentered,2.0,1.0,2.0,10,69,1,1,1
P1,post,filterbank_riemann_recentered,2.0,1.0,2.0,10,70,1,1,1
P1,post,filterbank_riemann_recentered,2.0,1.0,2.0,10,71,-1,1,0
P1,post,filterbank_riemann_recentered,2.0,1.0,2.0,10,72,1,1,1
P1,post,filterbank_riemann_recentered,2.0,1.0,2.0,10,73,-1,1,0
P1,post,filterbank_riemann_recentered,2.0,1.0,2.0,10,74,-1,1,0
P1,post,filterbank_riemann_recentered,2.0,1.0,2.0,10,75,-1,1,0
P1,post,filterbank_riemann_recentered,2.0,1.0,2.0,10,76,1,1,1
P1,post,filterbank_riemann_recentered,2.0,1.0,2.0,10,77,1,1,1
P1,post,filterbank_riemann_recentered,2.0,1.0,2.0,10,78,1,1,1
P1,post,filterbank_riemann_recentered,2.0,1.0,2.0,10,79,-1,1,0
P1,post,filterbank_riemann_recentered,2.0,1.0,2.0,10,80,1,1,1
P1,post,filterbank_riemann_recentered,2.0,1.0,2.0,20,61,-1,-1,1
P1,post,filterbank_riemann_recentered,2.0,1.0,2.0,20,62,1,-1,0
P1,post,filterbank_riemann_recentered,2.0,1.0,2.0,20,63,1,-1,0
P1,post,filterbank_riemann_recentered,2.0,1.0,2.0,20,64,1,-1,0
P1,post,filterbank_riemann_recentered,2.0,1.0,2.0,20,65,-1,1,0
P1,post,filterbank_riemann_recentered,2.0,1.0,2.0,20,66,1,1,1
P1,post,filterbank_riemann_recentered,2.0,1.0,2.0,20,67,-1,-1,1
P1,post,filterbank_riemann_recentered,2.0,1.0,2.0,20,68,-1,-1,1
P1,post,filterbank_riemann_recentered,2.0,1.0,2.0,20,69,1,-1,0
P1,post,filterbank_riemann_recentered,2.0,1.0,2.0,20,70,1,1,1
P1,post,filterbank_riemann_recentered,2.0,1.0,2.0,20,71,-1,-1,1
P1,post,filterbank_riemann_recentered,2.0,1.0,2.0,20,72,1,-1,0
P1,post,filterbank_riemann_recentered,2.0,1.0,2.0,20,73,-1,-1,1
P1,post,filterbank_riemann_recentered,2.0,1.0,2.0,20,74,-1,-1,1
P1,post,filterbank_riemann_recentered,2.0,1.0,2.0,20,75,-1,1,0
P1,post,filterbank_riemann_recentered,2.0,1.0,2.0,20,76,1,1,1
P1,post,filterbank_riemann_recentered,2.0,1.0,2.0,20,77,1,-1,0
P1,post,filterbank_riemann_recentered,2.0,1.0,2.0,20,78,1,-1,0
P1,post,filterbank_riemann_recentered,2.0,1.0,2.0,20,79,-1,-1,1
P1,post,filterbank_riemann_recentered,2.0,1.0,2.0,20,80,1,-1,0
P1,post,filterbank_riemann_recentered,2.0,1.0,2.0,40,61,-1,-1,1
P1,post,filterbank_riemann_recentered,2.0,1.0,2.0,40,62,1,1,1
P1,post,filterbank_riemann_recentered,2.0,1.0,2.0,40,63,1,-1,0
P1,post,filterbank_riemann_recentered,2.0,1.0,2.0,40,64,1,-1,0
P1,post,filterbank_riemann_recentered,2.0,1.0,2.0,40,65,-1,1,0
P1,post,filterbank_riemann_recentered,2.0,1.0,2.0,40,66,1,1,1
P1,post,filterbank_riemann_recentered,2.0,1.0,2.0,40,67,-1,1,0
P1,post,filterbank_riemann_recentered,2.0,1.0,2.0,40,68,-1,1,0
P1,post,filterbank_riemann_recentered,2.0,1.0,2.0,40,69,1,1,1
P1,post,filterbank_riemann_recentered,2.0,1.0,2.0,40,70,1,1,1
P1,post,filterbank_riemann_recentered,2.0,1.0,2.0,40,71,-1,-1,1
P1,post,filterbank_riemann_recentered,2.0,1.0,2.0,40,72,1,-1,0
P1,post,filterbank_riemann_recentered,2.0,1.0,2.0,40,73,-1,-1,1
P1,post,filterbank_riemann_recentered,2.0,1.0,2.0,40,74,-1,1,0
P1,post,filterbank_riemann_recentered,2.0,1.0,2.0,40,75,-1,1,0
P1,post,filterbank_riemann_recentered,2.0,1.0,2.0,40,76,1,1,1
P1,post,filterbank_riemann_recentered,2.0,1.0,2.0,40,77,1,-1,0
P1,post,filterbank_riemann_recentered,2.0,1.0,2.0,40,78,1,-1,0
P1,post,filterbank_riemann_recentered,2.0,1.0,2.0,40,79,-1,1,0
P1,post,filterbank_riemann_recentered,2.0,1.0,2.0,40,80,1,1,1
P1,post,filterbank_riemann_recentered,2.0,1.0,2.0,60,61,-1,-1,1
P1,post,filterbank_riemann_recentered,2.0,1.0,2.0,60,62,1,-1,0
P1,post,filterbank_riemann_recentered,2.0,1.0,2.0,60,63,1,-1,0
P1,post,filterbank_riemann_recentered,2.0,1.0,2.0,60,64,1,-1,0
P1,post,filterbank_riemann_recentered,2.0,1.0,2.0,60,65,-1,1,0
P1,post,filterbank_riemann_recentered,2.0,1.0,2.0,60,66,1,1,1
P1,post,filterbank_riemann_recentered,2.0,1.0,2.0,60,67,-1,1,0
P1,post,filterbank_riemann_recentered,2.0,1.0,2.0,60,68,-1,1,0
P1,post,filterbank_riemann_recentered,2.0,1.0,2.0,60,69,1,1,1
P1,post,filterbank_riemann_recentered,2.0,1.0,2.0,60,70,1,1,1
P1,post,filterbank_riemann_recentered,2.0,1.0,2.0,60,71,-1,1,0
P1,post,filterbank_riemann_recentered,2.0,1.0,2.0,60,72,1,-1,0
P1,post,filterbank_riemann_recentered,2.0,1.0,2.0,60,73,-1,-1,1
P1,post,filterbank_riemann_recentered,2.0,1.0,2.0,60,74,-1,1,0
P1,post,filterbank_riemann_recentered,2.0,1.0,2.0,60,75,-1,1,0
P1,post,filterbank_riemann_recentered,2.0,1.0,2.0,60,76,1,1,1
P1,post,filterbank_riemann_recentered,2.0,1.0,2.0,60,77,1,-1,0
P1,post,filterbank_riemann_recentered,2.0,1.0,2.0,60,78,1,-1,0
P1,post,filterbank_riemann_recentered,2.0,1.0,2.0,60,79,-1,1,0
P1,post,filterbank_riemann_recentered,2.0,1.0,2.0,60,80,1,1,1
P1,post,filterbank_csp_shrinkage_lda,3.5,2.5,3.5,10,61,-1,1,0
P1,post,filterbank_csp_shrinkage_lda,3.5,2.5,3.5,10,62,1,1,1
P1,post,filterbank_csp_shrinkage_lda,3.5,2.5,3.5,10,63,1,1,1
P1,post,filterbank_csp_shrinkage_lda,3.5,2.5,3.5,10,64,1,1,1
P1,post,filterbank_csp_shrinkage_lda,3.5,2.5,3.5,10,65,-1,-1,1
P1,post,filterbank_csp_shrinkage_lda,3.5,2.5,3.5,10,66,1,1,1
P1,post,filterbank_csp_shrinkage_lda,3.5,2.5,3.5,10,67,-1,-1,1
P1,post,filterbank_csp_shrinkage_lda,3.5,2.5,3.5,10,68,-1,-1,1
P1,post,filterbank_csp_shrinkage_lda,3.5,2.5,3.5,10,69,1,1,1
P1,post,filterbank_csp_shrinkage_lda,3.5,2.5,3.5,10,70,1,1,1
P1,post,filterbank_csp_shrinkage_lda,3.5,2.5,3.5,10,71,-1,-1,1
P1,post,filterbank_csp_shrinkage_lda,3.5,2.5,3.5,10,72,1,1,1
P1,post,filterbank_csp_shrinkage_lda,3.5,2.5,3.5,10,73,-1,-1,1
P1,post,filterbank_csp_shrinkage_lda,3.5,2.5,3.5,10,74,-1,1,0
P1,post,filterbank_csp_shrinkage_lda,3.5,2.5,3.5,10,75,-1,-1,1
P1,post,filterbank_csp_shrinkage_lda,3.5,2.5,3.5,10,76,1,1,1
P1,post,filterbank_csp_shrinkage_lda,3.5,2.5,3.5,10,77,1,1,1
P1,post,filterbank_csp_shrinkage_lda,3.5,2.5,3.5,10,78,1,1,1
P1,post,filterbank_csp_shrinkage_lda,3.5,2.5,3.5,10,79,-1,-1,1
P1,post,filterbank_csp_shrinkage_lda,3.5,2.5,3.5,10,80,1,1,1
P1,post,filterbank_csp_shrinkage_lda,3.5,2.5,3.5,20,61,-1,1,0
P1,post,filterbank_csp_shrinkage_lda,3.5,2.5,3.5,20,62,1,1,1
P1,post,filterbank_csp_shrinkage_lda,3.5,2.5,3.5,20,63,1,1,1
P1,post,filterbank_csp_shrinkage_lda,3.5,2.5,3.5,20,64,1,1,1
P1,post,filterbank_csp_shrinkage_lda,3.5,2.5,3.5,20,65,-1,-1,1
P1,post,filterbank_csp_shrinkage_lda,3.5,2.5,3.5,20,66,1,1,1
P1,post,filterbank_csp_shrinkage_lda,3.5,2.5,3.5,20,67,-1,-1,1
P1,post,filterbank_csp_shrinkage_lda,3.5,2.5,3.5,20,68,-1,-1,1
P1,post,filterbank_csp_shrinkage_lda,3.5,2.5,3.5,20,69,1,1,1
P1,post,filterbank_csp_shrinkage_lda,3.5,2.5,3.5,20,70,1,1,1
P1,post,filterbank_csp_shrinkage_lda,3.5,2.5,3.5,20,71,-1,-1,1
P1,post,filterbank_csp_shrinkage_lda,3.5,2.5,3.5,20,72,1,1,1
P1,post,filterbank_csp_shrinkage_lda,3.5,2.5,3.5,20,73,-1,-1,1
P1,post,filterbank_csp_shrinkage_lda,3.5,2.5,3.5,20,74,-1,-1,1
P1,post,filterbank_csp_shrinkage_lda,3.5,2.5,3.5,20,75,-1,-1,1
P1,post,filterbank_csp_shrinkage_lda,3.5,2.5,3.5,20,76,1,1,1
P1,post,filterbank_csp_shrinkage_lda,3.5,2.5,3.5,20,77,1,1,1
P1,post,filterbank_csp_shrinkage_lda,3.5,2.5,3.5,20,78,1,1,1
P1,post,filterbank_csp_shrinkage_lda,3.5,2.5,3.5,20,79,-1,-1,1
P1,post,filterbank_csp_shrinkage_lda,3.5,2.5,3.5,20,80,1,1,1
P1,post,filterbank_csp_shrinkage_lda,3.5,2.5,3.5,40,61,-1,1,0
P1,post,filterbank_csp_shrinkage_lda,3.5,2.5,3.5,40,62,1,1,1
P1,post,filterbank_csp_shrinkage_lda,3.5,2.5,3.5,40,63,1,1,1
P1,post,filterbank_csp_shrinkage_lda,3.5,2.5,3.5,40,64,1,1,1
P1,post,filterbank_csp_shrinkage_lda,3.5,2.5,3.5,40,65,-1,-1,1
P1,post,filterbank_csp_shrinkage_lda,3.5,2.5,3.5,40,66,1,1,1
P1,post,filterbank_csp_shrinkage_lda,3.5,2.5,3.5,40,67,-1,-1,1
P1,post,filterbank_csp_shrinkage_lda,3.5,2.5,3.5,40,68,-1,-1,1
P1,post,filterbank_csp_shrinkage_lda,3.5,2.5,3.5,40,69,1,1,1
P1,post,filterbank_csp_shrinkage_lda,3.5,2.5,3.5,40,70,1,1,1
P1,post,filterbank_csp_shrinkage_lda,3.5,2.5,3.5,40,71,-1,-1,1
P1,post,filterbank_csp_shrinkage_lda,3.5,2.5,3.5,40,72,1,1,1
P1,post,filterbank_csp_shrinkage_lda,3.5,2.5,3.5,40,73,-1,-1,1
P1,post,filterbank_csp_shrinkage_lda,3.5,2.5,3.5,40,74,-1,-1,1
P1,post,filterbank_csp_shrinkage_lda,3.5,2.5,3.5,40,75,-1,-1,1
P1,post,filterbank_csp_shrinkage_lda,3.5,2.5,3.5,40,76,1,1,1
P1,post,filterbank_csp_shrinkage_lda,3.5,2.5,3.5,40,77,1,1,1
P1,post,filterbank_csp_shrinkage_lda,3.5,2.5,3.5,40,78,1,1,1
P1,post,filterbank_csp_shrinkage_lda,3.5,2.5,3.5,40,79,-1,-1,1
P1,post,filterbank_csp_shrinkage_lda,3.5,2.5,3.5,40,80,1,1,1
P1,post,filterbank_csp_shrinkage_lda,3.5,2.5,3.5,60,61,-1,-1,1
P1,post,filterbank_csp_shrinkage_lda,3.5,2.5,3.5,60,62,1,1,1
P1,post,filterbank_csp_shrinkage_lda,3.5,2.5,3.5,60,63,1,1,1
P1,post,filterbank_csp_shrinkage_lda,3.5,2.5,3.5,60,64,1,1,1
P1,post,filterbank_csp_shrinkage_lda,3.5,2.5,3.5,60,65,-1,-1,1
P1,post,filterbank_csp_shrinkage_lda,3.5,2.5,3.5,60,66,1,1,1
P1,post,filterbank_csp_shrinkage_lda,3.5,2.5,3.5,60,67,-1,-1,1
P1,post,filterbank_csp_shrinkage_lda,3.5,2.5,3.5,60,68,-1,-1,1
P1,post,filterbank_csp_shrinkage_lda,3.5,2.5,3.5,60,69,1,1,1
P1,post,filterbank_csp_shrinkage_lda,3.5,2.5,3.5,60,70,1,1,1
P1,post,filterbank_csp_shrinkage_lda,3.5,2.5,3.5,60,71,-1,-1,1
P1,post,filterbank_csp_shrinkage_lda,3.5,2.5,3.5,60,72,1,1,1
P1,post,filterbank_csp_shrinkage_lda,3.5,2.5,3.5,60,73,-1,-1,1
P1,post,filterbank_csp_shrinkage_lda,3.5,2.5,3.5,60,74,-1,-1,1
P1,post,filterbank_csp_shrinkage_lda,3.5,2.5,3.5,60,75,-1,-1,1
P1,post,filterbank_csp_shrinkage_lda,3.5,2.5,3.5,60,76,1,1,1
P1,post,filterbank_csp_shrinkage_lda,3.5,2.5,3.5,60,77,1,1,1
P1,post,filterbank_csp_shrinkage_lda,3.5,2.5,3.5,60,78,1,1,1
P1,post,filterbank_csp_shrinkage_lda,3.5,2.5,3.5,60,79,-1,-1,1
P1,post,filterbank_csp_shrinkage_lda,3.5,2.5,3.5,60,80,1,1,1
P1,post,filterbank_riemann_recentered,3.5,2.5,3.5,10,61,-1,1,0
P1,post,filterbank_riemann_recentered,3.5,2.5,3.5,10,62,1,1,1
P1,post,filterbank_riemann_recentered,3.5,2.5,3.5,10,63,1,1,1
P1,post,filterbank_riemann_recentered,3.5,2.5,3.5,10,64,1,1,1
P1,post,filterbank_riemann_recentered,3.5,2.5,3.5,10,65,-1,-1,1
P1,post,filterbank_riemann_recentered,3.5,2.5,3.5,10,66,1,1,1
P1,post,filterbank_riemann_recentered,3.5,2.5,3.5,10,67,-1,1,0
P1,post,filterbank_riemann_recentered,3.5,2.5,3.5,10,68,-1,1,0
P1,post,filterbank_riemann_recentered,3.5,2.5,3.5,10,69,1,1,1
P1,post,filterbank_riemann_recentered,3.5,2.5,3.5,10,70,1,1,1
P1,post,filterbank_riemann_recentered,3.5,2.5,3.5,10,71,-1,-1,1
P1,post,filterbank_riemann_recentered,3.5,2.5,3.5,10,72,1,1,1
P1,post,filterbank_riemann_recentered,3.5,2.5,3.5,10,73,-1,1,0
P1,post,filterbank_riemann_recentered,3.5,2.5,3.5,10,74,-1,1,0
P1,post,filterbank_riemann_recentered,3.5,2.5,3.5,10,75,-1,1,0
P1,post,filterbank_riemann_recentered,3.5,2.5,3.5,10,76,1,1,1
P1,post,filterbank_riemann_recentered,3.5,2.5,3.5,10,77,1,1,1
P1,post,filterbank_riemann_recentered,3.5,2.5,3.5,10,78,1,1,1
P1,post,filterbank_riemann_recentered,3.5,2.5,3.5,10,79,-1,1,0
P1,post,filterbank_riemann_recentered,3.5,2.5,3.5,10,80,1,1,1
P1,post,filterbank_riemann_recentered,3.5,2.5,3.5,20,61,-1,1,0
P1,post,filterbank_riemann_recentered,3.5,2.5,3.5,20,62,1,1,1
P1,post,filterbank_riemann_recentered,3.5,2.5,3.5,20,63,1,1,1
P1,post,filterbank_riemann_recentered,3.5,2.5,3.5,20,64,1,-1,0
P1,post,filterbank_riemann_recentered,3.5,2.5,3.5,20,65,-1,-1,1
P1,post,filterbank_riemann_recentered,3.5,2.5,3.5,20,66,1,1,1
P1,post,filterbank_riemann_recentered,3.5,2.5,3.5,20,67,-1,-1,1
P1,post,filterbank_riemann_recentered,3.5,2.5,3.5,20,68,-1,-1,1
P1,post,filterbank_riemann_recentered,3.5,2.5,3.5,20,69,1,1,1
P1,post,filterbank_riemann_recentered,3.5,2.5,3.5,20,70,1,1,1
P1,post,filterbank_riemann_recentered,3.5,2.5,3.5,20,71,-1,-1,1
P1,post,filterbank_riemann_recentered,3.5,2.5,3.5,20,72,1,1,1
P1,post,filterbank_riemann_recentered,3.5,2.5,3.5,20,73,-1,-1,1
P1,post,filterbank_riemann_recentered,3.5,2.5,3.5,20,74,-1,-1,1
P1,post,filterbank_riemann_recentered,3.5,2.5,3.5,20,75,-1,-1,1
P1,post,filterbank_riemann_recentered,3.5,2.5,3.5,20,76,1,1,1
P1,post,filterbank_riemann_recentered,3.5,2.5,3.5,20,77,1,-1,0
P1,post,filterbank_riemann_recentered,3.5,2.5,3.5,20,78,1,-1,0
P1,post,filterbank_riemann_recentered,3.5,2.5,3.5,20,79,-1,-1,1
P1,post,filterbank_riemann_recentered,3.5,2.5,3.5,20,80,1,1,1
P1,post,filterbank_riemann_recentered,3.5,2.5,3.5,40,61,-1,1,0
P1,post,filterbank_riemann_recentered,3.5,2.5,3.5,40,62,1,1,1
P1,post,filterbank_riemann_recentered,3.5,2.5,3.5,40,63,1,1,1
P1,post,filterbank_riemann_recentered,3.5,2.5,3.5,40,64,1,-1,0
P1,post,filterbank_riemann_recentered,3.5,2.5,3.5,40,65,-1,-1,1
P1,post,filterbank_riemann_recentered,3.5,2.5,3.5,40,66,1,1,1
P1,post,filterbank_riemann_recentered,3.5,2.5,3.5,40,67,-1,-1,1
P1,post,filterbank_riemann_recentered,3.5,2.5,3.5,40,68,-1,-1,1
P1,post,filterbank_riemann_recentered,3.5,2.5,3.5,40,69,1,1,1
P1,post,filterbank_riemann_recentered,3.5,2.5,3.5,40,70,1,1,1
P1,post,filterbank_riemann_recentered,3.5,2.5,3.5,40,71,-1,-1,1
P1,post,filterbank_riemann_recentered,3.5,2.5,3.5,40,72,1,1,1
P1,post,filterbank_riemann_recentered,3.5,2.5,3.5,40,73,-1,-1,1
P1,post,filterbank_riemann_recentered,3.5,2.5,3.5,40,74,-1,-1,1
P1,post,filterbank_riemann_recentered,3.5,2.5,3.5,40,75,-1,-1,1
P1,post,filterbank_riemann_recentered,3.5,2.5,3.5,40,76,1,1,1
P1,post,filterbank_riemann_recentered,3.5,2.5,3.5,40,77,1,1,1
P1,post,filterbank_riemann_recentered,3.5,2.5,3.5,40,78,1,1,1
P1,post,filterbank_riemann_recentered,3.5,2.5,3.5,40,79,-1,-1,1
P1,post,filterbank_riemann_recentered,3.5,2.5,3.5,40,80,1,1,1
P1,post,filterbank_riemann_recentered,3.5,2.5,3.5,60,61,-1,-1,1
P1,post,filterbank_riemann_recentered,3.5,2.5,3.5,60,62,1,1,1
P1,post,filterbank_riemann_recentered,3.5,2.5,3.5,60,63,1,1,1
P1,post,filterbank_riemann_recentered,3.5,2.5,3.5,60,64,1,-1,0
P1,post,filterbank_riemann_recentered,3.5,2.5,3.5,60,65,-1,-1,1
P1,post,filterbank_riemann_recentered,3.5,2.5,3.5,60,66,1,1,1
P1,post,filterbank_riemann_recentered,3.5,2.5,3.5,60,67,-1,-1,1
P1,post,filterbank_riemann_recentered,3.5,2.5,3.5,60,68,-1,-1,1
P1,post,filterbank_riemann_recentered,3.5,2.5,3.5,60,69,1,1,1
P1,post,filterbank_riemann_recentered,3.5,2.5,3.5,60,70,1,1,1
P1,post,filterbank_riemann_recentered,3.5,2.5,3.5,60,71,-1,-1,1
P1,post,filterbank_riemann_recentered,3.5,2.5,3.5,60,72,1,1,1
P1,post,filterbank_riemann_recentered,3.5,2.5,3.5,60,73,-1,-1,1
P1,post,filterbank_riemann_recentered,3.5,2.5,3.5,60,74,-1,-1,1
P1,post,filterbank_riemann_recentered,3.5,2.5,3.5,60,75,-1,-1,1
P1,post,filterbank_riemann_recentered,3.5,2.5,3.5,60,76,1,1,1
P1,post,filterbank_riemann_recentered,3.5,2.5,3.5,60,77,1,1,1
P1,post,filterbank_riemann_recentered,3.5,2.5,3.5,60,78,1,1,1
P1,post,filterbank_riemann_recentered,3.5,2.5,3.5,60,79,-1,-1,1
P1,post,filterbank_riemann_recentered,3.5,2.5,3.5,60,80,1,1,1
P1,post,filterbank_csp_shrinkage_lda,4.25,3.25,4.25,10,61,-1,1,0
P1,post,filterbank_csp_shrinkage_lda,4.25,3.25,4.25,10,62,1,1,1
P1,post,filterbank_csp_shrinkage_lda,4.25,3.25,4.25,10,63,1,1,1
P1,post,filterbank_csp_shrinkage_lda,4.25,3.25,4.25,10,64,1,1,1
P1,post,filterbank_csp_shrinkage_lda,4.25,3.25,4.25,10,65,-1,1,0
P1,post,filterbank_csp_shrinkage_lda,4.25,3.25,4.25,10,66,1,1,1
P1,post,filterbank_csp_shrinkage_lda,4.25,3.25,4.25,10,67,-1,1,0
P1,post,filterbank_csp_shrinkage_lda,4.25,3.25,4.25,10,68,-1,-1,1
P1,post,filterbank_csp_shrinkage_lda,4.25,3.25,4.25,10,69,1,1,1
P1,post,filterbank_csp_shrinkage_lda,4.25,3.25,4.25,10,70,1,1,1
P1,post,filterbank_csp_shrinkage_lda,4.25,3.25,4.25,10,71,-1,1,0
P1,post,filterbank_csp_shrinkage_lda,4.25,3.25,4.25,10,72,1,1,1
P1,post,filterbank_csp_shrinkage_lda,4.25,3.25,4.25,10,73,-1,-1,1
P1,post,filterbank_csp_shrinkage_lda,4.25,3.25,4.25,10,74,-1,-1,1
P1,post,filterbank_csp_shrinkage_lda,4.25,3.25,4.25,10,75,-1,-1,1
P1,post,filterbank_csp_shrinkage_lda,4.25,3.25,4.25,10,76,1,1,1
P1,post,filterbank_csp_shrinkage_lda,4.25,3.25,4.25,10,77,1,1,1
P1,post,filterbank_csp_shrinkage_lda,4.25,3.25,4.25,10,78,1,1,1
P1,post,filterbank_csp_shrinkage_lda,4.25,3.25,4.25,10,79,-1,-1,1
P1,post,filterbank_csp_shrinkage_lda,4.25,3.25,4.25,10,80,1,1,1
P1,post,filterbank_csp_shrinkage_lda,4.25,3.25,4.25,20,61,-1,-1,1
P1,post,filterbank_csp_shrinkage_lda,4.25,3.25,4.25,20,62,1,1,1
P1,post,filterbank_csp_shrinkage_lda,4.25,3.25,4.25,20,63,1,1,1
P1,post,filterbank_csp_shrinkage_lda,4.25,3.25,4.25,20,64,1,1,1
P1,post,filterbank_csp_shrinkage_lda,4.25,3.25,4.25,20,65,-1,-1,1
P1,post,filterbank_csp_shrinkage_lda,4.25,3.25,4.25,20,66,1,1,1
P1,post,filterbank_csp_shrinkage_lda,4.25,3.25,4.25,20,67,-1,1,0
P1,post,filterbank_csp_shrinkage_lda,4.25,3.25,4.25,20,68,-1,-1,1
P1,post,filterbank_csp_shrinkage_lda,4.25,3.25,4.25,20,69,1,1,1
P1,post,filterbank_csp_shrinkage_lda,4.25,3.25,4.25,20,70,1,1,1
P1,post,filterbank_csp_shrinkage_lda,4.25,3.25,4.25,20,71,-1,-1,1
P1,post,filterbank_csp_shrinkage_lda,4.25,3.25,4.25,20,72,1,1,1
P1,post,filterbank_csp_shrinkage_lda,4.25,3.25,4.25,20,73,-1,-1,1
P1,post,filterbank_csp_shrinkage_lda,4.25,3.25,4.25,20,74,-1,-1,1
P1,post,filterbank_csp_shrinkage_lda,4.25,3.25,4.25,20,75,-1,-1,1
P1,post,filterbank_csp_shrinkage_lda,4.25,3.25,4.25,20,76,1,1,1
P1,post,filterbank_csp_shrinkage_lda,4.25,3.25,4.25,20,77,1,1,1
P1,post,filterbank_csp_shrinkage_lda,4.25,3.25,4.25,20,78,1,1,1
P1,post,filterbank_csp_shrinkage_lda,4.25,3.25,4.25,20,79,-1,-1,1
P1,post,filterbank_csp_shrinkage_lda,4.25,3.25,4.25,20,80,1,1,1
P1,post,filterbank_csp_shrinkage_lda,4.25,3.25,4.25,40,61,-1,-1,1
P1,post,filterbank_csp_shrinkage_lda,4.25,3.25,4.25,40,62,1,1,1
P1,post,filterbank_csp_shrinkage_lda,4.25,3.25,4.25,40,63,1,1,1
P1,post,filterbank_csp_shrinkage_lda,4.25,3.25,4.25,40,64,1,1,1
P1,post,filterbank_csp_shrinkage_lda,4.25,3.25,4.25,40,65,-1,-1,1
P1,post,filterbank_csp_shrinkage_lda,4.25,3.25,4.25,40,66,1,1,1
P1,post,filterbank_csp_shrinkage_lda,4.25,3.25,4.25,40,67,-1,-1,1
P1,post,filterbank_csp_shrinkage_lda,4.25,3.25,4.25,40,68,-1,-1,1
P1,post,filterbank_csp_shrinkage_lda,4.25,3.25,4.25,40,69,1,1,1
P1,post,filterbank_csp_shrinkage_lda,4.25,3.25,4.25,40,70,1,1,1
P1,post,filterbank_csp_shrinkage_lda,4.25,3.25,4.25,40,71,-1,-1,1
P1,post,filterbank_csp_shrinkage_lda,4.25,3.25,4.25,40,72,1,1,1
P1,post,filterbank_csp_shrinkage_lda,4.25,3.25,4.25,40,73,-1,-1,1
P1,post,filterbank_csp_shrinkage_lda,4.25,3.25,4.25,40,74,-1,-1,1
P1,post,filterbank_csp_shrinkage_lda,4.25,3.25,4.25,40,75,-1,-1,1
P1,post,filterbank_csp_shrinkage_lda,4.25,3.25,4.25,40,76,1,1,1
P1,post,filterbank_csp_shrinkage_lda,4.25,3.25,4.25,40,77,1,1,1
P1,post,filterbank_csp_shrinkage_lda,4.25,3.25,4.25,40,78,1,1,1
P1,post,filterbank_csp_shrinkage_lda,4.25,3.25,4.25,40,79,-1,-1,1
P1,post,filterbank_csp_shrinkage_lda,4.25,3.25,4.25,40,80,1,1,1
P1,post,filterbank_csp_shrinkage_lda,4.25,3.25,4.25,60,61,-1,-1,1
P1,post,filterbank_csp_shrinkage_lda,4.25,3.25,4.25,60,62,1,1,1
P1,post,filterbank_csp_shrinkage_lda,4.25,3.25,4.25,60,63,1,1,1
P1,post,filterbank_csp_shrinkage_lda,4.25,3.25,4.25,60,64,1,1,1
P1,post,filterbank_csp_shrinkage_lda,4.25,3.25,4.25,60,65,-1,-1,1
P1,post,filterbank_csp_shrinkage_lda,4.25,3.25,4.25,60,66,1,1,1
P1,post,filterbank_csp_shrinkage_lda,4.25,3.25,4.25,60,67,-1,-1,1
P1,post,filterbank_csp_shrinkage_lda,4.25,3.25,4.25,60,68,-1,-1,1
P1,post,filterbank_csp_shrinkage_lda,4.25,3.25,4.25,60,69,1,1,1
P1,post,filterbank_csp_shrinkage_lda,4.25,3.25,4.25,60,70,1,1,1
P1,post,filterbank_csp_shrinkage_lda,4.25,3.25,4.25,60,71,-1,-1,1
P1,post,filterbank_csp_shrinkage_lda,4.25,3.25,4.25,60,72,1,1,1
P1,post,filterbank_csp_shrinkage_lda,4.25,3.25,4.25,60,73,-1,-1,1
P1,post,filterbank_csp_shrinkage_lda,4.25,3.25,4.25,60,74,-1,-1,1
P1,post,filterbank_csp_shrinkage_lda,4.25,3.25,4.25,60,75,-1,-1,1
P1,post,filterbank_csp_shrinkage_lda,4.25,3.25,4.25,60,76,1,1,1
P1,post,filterbank_csp_shrinkage_lda,4.25,3.25,4.25,60,77,1,1,1
P1,post,filterbank_csp_shrinkage_lda,4.25,3.25,4.25,60,78,1,1,1
P1,post,filterbank_csp_shrinkage_lda,4.25,3.25,4.25,60,79,-1,-1,1
P1,post,filterbank_csp_shrinkage_lda,4.25,3.25,4.25,60,80,1,1,1
P1,post,filterbank_riemann_recentered,4.25,3.25,4.25,10,61,-1,1,0
P1,post,filterbank_riemann_recentered,4.25,3.25,4.25,10,62,1,1,1
P1,post,filterbank_riemann_recentered,4.25,3.25,4.25,10,63,1,1,1
P1,post,filterbank_riemann_recentered,4.25,3.25,4.25,10,64,1,1,1
P1,post,filterbank_riemann_recentered,4.25,3.25,4.25,10,65,-1,1,0
P1,post,filterbank_riemann_recentered,4.25,3.25,4.25,10,66,1,1,1
P1,post,filterbank_riemann_recentered,4.25,3.25,4.25,10,67,-1,1,0
P1,post,filterbank_riemann_recentered,4.25,3.25,4.25,10,68,-1,1,0
P1,post,filterbank_riemann_recentered,4.25,3.25,4.25,10,69,1,1,1
P1,post,filterbank_riemann_recentered,4.25,3.25,4.25,10,70,1,1,1
P1,post,filterbank_riemann_recentered,4.25,3.25,4.25,10,71,-1,1,0
P1,post,filterbank_riemann_recentered,4.25,3.25,4.25,10,72,1,1,1
P1,post,filterbank_riemann_recentered,4.25,3.25,4.25,10,73,-1,-1,1
P1,post,filterbank_riemann_recentered,4.25,3.25,4.25,10,74,-1,1,0
P1,post,filterbank_riemann_recentered,4.25,3.25,4.25,10,75,-1,-1,1
P1,post,filterbank_riemann_recentered,4.25,3.25,4.25,10,76,1,1,1
P1,post,filterbank_riemann_recentered,4.25,3.25,4.25,10,77,1,1,1
P1,post,filterbank_riemann_recentered,4.25,3.25,4.25,10,78,1,1,1
P1,post,filterbank_riemann_recentered,4.25,3.25,4.25,10,79,-1,-1,1
P1,post,filterbank_riemann_recentered,4.25,3.25,4.25,10,80,1,1,1
P1,post,filterbank_riemann_recentered,4.25,3.25,4.25,20,61,-1,-1,1
P1,post,filterbank_riemann_recentered,4.25,3.25,4.25,20,62,1,1,1
P1,post,filterbank_riemann_recentered,4.25,3.25,4.25,20,63,1,1,1
P1,post,filterbank_riemann_recentered,4.25,3.25,4.25,20,64,1,1,1
P1,post,filterbank_riemann_recentered,4.25,3.25,4.25,20,65,-1,-1,1
P1,post,filterbank_riemann_recentered,4.25,3.25,4.25,20,66,1,1,1
P1,post,filterbank_riemann_recentered,4.25,3.25,4.25,20,67,-1,-1,1
P1,post,filterbank_riemann_recentered,4.25,3.25,4.25,20,68,-1,-1,1
P1,post,filterbank_riemann_recentered,4.25,3.25,4.25,20,69,1,1,1
P1,post,filterbank_riemann_recentered,4.25,3.25,4.25,20,70,1,1,1
P1,post,filterbank_riemann_recentered,4.25,3.25,4.25,20,71,-1,-1,1
P1,post,filterbank_riemann_recentered,4.25,3.25,4.25,20,72,1,1,1
P1,post,filterbank_riemann_recentered,4.25,3.25,4.25,20,73,-1,-1,1
P1,post,filterbank_riemann_recentered,4.25,3.25,4.25,20,74,-1,-1,1
P1,post,filterbank_riemann_recentered,4.25,3.25,4.25,20,75,-1,-1,1
P1,post,filterbank_riemann_recentered,4.25,3.25,4.25,20,76,1,1,1
P1,post,filterbank_riemann_recentered,4.25,3.25,4.25,20,77,1,1,1
P1,post,filterbank_riemann_recentered,4.25,3.25,4.25,20,78,1,-1,0
P1,post,filterbank_riemann_recentered,4.25,3.25,4.25,20,79,-1,-1,1
P1,post,filterbank_riemann_recentered,4.25,3.25,4.25,20,80,1,1,1
P1,post,filterbank_riemann_recentered,4.25,3.25,4.25,40,61,-1,-1,1
P1,post,filterbank_riemann_recentered,4.25,3.25,4.25,40,62,1,1,1
P1,post,filterbank_riemann_recentered,4.25,3.25,4.25,40,63,1,1,1
P1,post,filterbank_riemann_recentered,4.25,3.25,4.25,40,64,1,1,1
P1,post,filterbank_riemann_recentered,4.25,3.25,4.25,40,65,-1,-1,1
P1,post,filterbank_riemann_recentered,4.25,3.25,4.25,40,66,1,1,1
P1,post,filterbank_riemann_recentered,4.25,3.25,4.25,40,67,-1,-1,1
P1,post,filterbank_riemann_recentered,4.25,3.25,4.25,40,68,-1,-1,1
P1,post,filterbank_riemann_recentered,4.25,3.25,4.25,40,69,1,1,1
P1,post,filterbank_riemann_recentered,4.25,3.25,4.25,40,70,1,1,1
P1,post,filterbank_riemann_recentered,4.25,3.25,4.25,40,71,-1,-1,1
P1,post,filterbank_riemann_recentered,4.25,3.25,4.25,40,72,1,1,1
P1,post,filterbank_riemann_recentered,4.25,3.25,4.25,40,73,-1,-1,1
P1,post,filterbank_riemann_recentered,4.25,3.25,4.25,40,74,-1,-1,1
P1,post,filterbank_riemann_recentered,4.25,3.25,4.25,40,75,-1,-1,1
P1,post,filterbank_riemann_recentered,4.25,3.25,4.25,40,76,1,1,1
P1,post,filterbank_riemann_recentered,4.25,3.25,4.25,40,77,1,1,1
P1,post,filterbank_riemann_recentered,4.25,3.25,4.25,40,78,1,-1,0
P1,post,filterbank_riemann_recentered,4.25,3.25,4.25,40,79,-1,-1,1
P1,post,filterbank_riemann_recentered,4.25,3.25,4.25,40,80,1,1,1
P1,post,filterbank_riemann_recentered,4.25,3.25,4.25,60,61,-1,-1,1
P1,post,filterbank_riemann_recentered,4.25,3.25,4.25,60,62,1,1,1
P1,post,filterbank_riemann_recentered,4.25,3.25,4.25,60,63,1,1,1
P1,post,filterbank_riemann_recentered,4.25,3.25,4.25,60,64,1,1,1
P1,post,filterbank_riemann_recentered,4.25,3.25,4.25,60,65,-1,-1,1
P1,post,filterbank_riemann_recentered,4.25,3.25,4.25,60,66,1,1,1
P1,post,filterbank_riemann_recentered,4.25,3.25,4.25,60,67,-1,-1,1
P1,post,filterbank_riemann_recentered,4.25,3.25,4.25,60,68,-1,-1,1
P1,post,filterbank_riemann_recentered,4.25,3.25,4.25,60,69,1,1,1
P1,post,filterbank_riemann_recentered,4.25,3.25,4.25,60,70,1,1,1
P1,post,filterbank_riemann_recentered,4.25,3.25,4.25,60,71,-1,-1,1
P1,post,filterbank_riemann_recentered,4.25,3.25,4.25,60,72,1,1,1
P1,post,filterbank_riemann_recentered,4.25,3.25,4.25,60,73,-1,-1,1
P1,post,filterbank_riemann_recentered,4.25,3.25,4.25,60,74,-1,-1,1
P1,post,filterbank_riemann_recentered,4.25,3.25,4.25,60,75,-1,-1,1
P1,post,filterbank_riemann_recentered,4.25,3.25,4.25,60,76,1,1,1
P1,post,filterbank_riemann_recentered,4.25,3.25,4.25,60,77,1,1,1
P1,post,filterbank_riemann_recentered,4.25,3.25,4.25,60,78,1,-1,0
P1,post,filterbank_riemann_recentered,4.25,3.25,4.25,60,79,-1,-1,1
P1,post,filterbank_riemann_recentered,4.25,3.25,4.25,60,80,1,1,1
P1,post,filterbank_csp_shrinkage_lda,6.5,5.5,6.5,10,61,-1,-1,1
P1,post,filterbank_csp_shrinkage_lda,6.5,5.5,6.5,10,62,1,1,1
P1,post,filterbank_csp_shrinkage_lda,6.5,5.5,6.5,10,63,1,1,1
P1,post,filterbank_csp_shrinkage_lda,6.5,5.5,6.5,10,64,1,1,1
P1,post,filterbank_csp_shrinkage_lda,6.5,5.5,6.5,10,65,-1,-1,1
P1,post,filterbank_csp_shrinkage_lda,6.5,5.5,6.5,10,66,1,1,1
P1,post,filterbank_csp_shrinkage_lda,6.5,5.5,6.5,10,67,-1,-1,1
P1,post,filterbank_csp_shrinkage_lda,6.5,5.5,6.5,10,68,-1,-1,1
P1,post,filterbank_csp_shrinkage_lda,6.5,5.5,6.5,10,69,1,1,1
P1,post,filterbank_csp_shrinkage_lda,6.5,5.5,6.5,10,70,1,1,1
P1,post,filterbank_csp_shrinkage_lda,6.5,5.5,6.5,10,71,-1,-1,1
P1,post,filterbank_csp_shrinkage_lda,6.5,5.5,6.5,10,72,1,-1,0
P1,post,filterbank_csp_shrinkage_lda,6.5,5.5,6.5,10,73,-1,-1,1
P1,post,filterbank_csp_shrinkage_lda,6.5,5.5,6.5,10,74,-1,-1,1
P1,post,filterbank_csp_shrinkage_lda,6.5,5.5,6.5,10,75,-1,-1,1
P1,post,filterbank_csp_shrinkage_lda,6.5,5.5,6.5,10,76,1,1,1
P1,post,filterbank_csp_shrinkage_lda,6.5,5.5,6.5,10,77,1,1,1
P1,post,filterbank_csp_shrinkage_lda,6.5,5.5,6.5,10,78,1,1,1
P1,post,filterbank_csp_shrinkage_lda,6.5,5.5,6.5,10,79,-1,1,0
P1,post,filterbank_csp_shrinkage_lda,6.5,5.5,6.5,10,80,1,1,1
P1,post,filterbank_csp_shrinkage_lda,6.5,5.5,6.5,20,61,-1,-1,1
P1,post,filterbank_csp_shrinkage_lda,6.5,5.5,6.5,20,62,1,1,1
P1,post,filterbank_csp_shrinkage_lda,6.5,5.5,6.5,20,63,1,1,1
P1,post,filterbank_csp_shrinkage_lda,6.5,5.5,6.5,20,64,1,1,1
P1,post,filterbank_csp_shrinkage_lda,6.5,5.5,6.5,20,65,-1,-1,1
P1,post,filterbank_csp_shrinkage_lda,6.5,5.5,6.5,20,66,1,1,1
P1,post,filterbank_csp_shrinkage_lda,6.5,5.5,6.5,20,67,-1,-1,1
P1,post,filterbank_csp_shrinkage_lda,6.5,5.5,6.5,20,68,-1,-1,1
P1,post,filterbank_csp_shrinkage_lda,6.5,5.5,6.5,20,69,1,-1,0
P1,post,filterbank_csp_shrinkage_lda,6.5,5.5,6.5,20,70,1,1,1
P1,post,filterbank_csp_shrinkage_lda,6.5,5.5,6.5,20,71,-1,-1,1
P1,post,filterbank_csp_shrinkage_lda,6.5,5.5,6.5,20,72,1,-1,0
P1,post,filterbank_csp_shrinkage_lda,6.5,5.5,6.5,20,73,-1,-1,1
P1,post,filterbank_csp_shrinkage_lda,6.5,5.5,6.5,20,74,-1,-1,1
P1,post,filterbank_csp_shrinkage_lda,6.5,5.5,6.5,20,75,-1,-1,1
P1,post,filterbank_csp_shrinkage_lda,6.5,5.5,6.5,20,76,1,1,1
P1,post,filterbank_csp_shrinkage_lda,6.5,5.5,6.5,20,77,1,1,1
P1,post,filterbank_csp_shrinkage_lda,6.5,5.5,6.5,20,78,1,1,1
P1,post,filterbank_csp_shrinkage_lda,6.5,5.5,6.5,20,79,-1,-1,1
P1,post,filterbank_csp_shrinkage_lda,6.5,5.5,6.5,20,80,1,1,1
P1,post,filterbank_csp_shrinkage_lda,6.5,5.5,6.5,40,61,-1,-1,1
P1,post,filterbank_csp_shrinkage_lda,6.5,5.5,6.5,40,62,1,1,1
P1,post,filterbank_csp_shrinkage_lda,6.5,5.5,6.5,40,63,1,1,1
P1,post,filterbank_csp_shrinkage_lda,6.5,5.5,6.5,40,64,1,1,1
P1,post,filterbank_csp_shrinkage_lda,6.5,5.5,6.5,40,65,-1,-1,1
P1,post,filterbank_csp_shrinkage_lda,6.5,5.5,6.5,40,66,1,1,1
P1,post,filterbank_csp_shrinkage_lda,6.5,5.5,6.5,40,67,-1,-1,1
P1,post,filterbank_csp_shrinkage_lda,6.5,5.5,6.5,40,68,-1,-1,1
P1,post,filterbank_csp_shrinkage_lda,6.5,5.5,6.5,40,69,1,1,1
P1,post,filterbank_csp_shrinkage_lda,6.5,5.5,6.5,40,70,1,1,1
P1,post,filterbank_csp_shrinkage_lda,6.5,5.5,6.5,40,71,-1,-1,1
P1,post,filterbank_csp_shrinkage_lda,6.5,5.5,6.5,40,72,1,1,1
P1,post,filterbank_csp_shrinkage_lda,6.5,5.5,6.5,40,73,-1,-1,1
P1,post,filterbank_csp_shrinkage_lda,6.5,5.5,6.5,40,74,-1,-1,1
P1,post,filterbank_csp_shrinkage_lda,6.5,5.5,6.5,40,75,-1,-1,1
P1,post,filterbank_csp_shrinkage_lda,6.5,5.5,6.5,40,76,1,1,1
P1,post,filterbank_csp_shrinkage_lda,6.5,5.5,6.5,40,77,1,1,1
P1,post,filterbank_csp_shrinkage_lda,6.5,5.5,6.5,40,78,1,1,1
P1,post,filterbank_csp_shrinkage_lda,6.5,5.5,6.5,40,79,-1,-1,1
P1,post,filterbank_csp_shrinkage_lda,6.5,5.5,6.5,40,80,1,1,1
P1,post,filterbank_csp_shrinkage_lda,6.5,5.5,6.5,60,61,-1,-1,1
P1,post,filterbank_csp_shrinkage_lda,6.5,5.5,6.5,60,62,1,1,1
P1,post,filterbank_csp_shrinkage_lda,6.5,5.5,6.5,60,63,1,1,1
P1,post,filterbank_csp_shrinkage_lda,6.5,5.5,6.5,60,64,1,1,1
P1,post,filterbank_csp_shrinkage_lda,6.5,5.5,6.5,60,65,-1,-1,1
P1,post,filterbank_csp_shrinkage_lda,6.5,5.5,6.5,60,66,1,1,1
P1,post,filterbank_csp_shrinkage_lda,6.5,5.5,6.5,60,67,-1,-1,1
P1,post,filterbank_csp_shrinkage_lda,6.5,5.5,6.5,60,68,-1,-1,1
P1,post,filterbank_csp_shrinkage_lda,6.5,5.5,6.5,60,69,1,1,1
P1,post,filterbank_csp_shrinkage_lda,6.5,5.5,6.5,60,70,1,1,1
P1,post,filterbank_csp_shrinkage_lda,6.5,5.5,6.5,60,71,-1,-1,1
P1,post,filterbank_csp_shrinkage_lda,6.5,5.5,6.5,60,72,1,1,1
P1,post,filterbank_csp_shrinkage_lda,6.5,5.5,6.5,60,73,-1,-1,1
P1,post,filterbank_csp_shrinkage_lda,6.5,5.5,6.5,60,74,-1,-1,1
P1,post,filterbank_csp_shrinkage_lda,6.5,5.5,6.5,60,75,-1,-1,1
P1,post,filterbank_csp_shrinkage_lda,6.5,5.5,6.5,60,76,1,1,1
P1,post,filterbank_csp_shrinkage_lda,6.5,5.5,6.5,60,77,1,1,1
P1,post,filterbank_csp_shrinkage_lda,6.5,5.5,6.5,60,78,1,1,1
P1,post,filterbank_csp_shrinkage_lda,6.5,5.5,6.5,60,79,-1,-1,1
P1,post,filterbank_csp_shrinkage_lda,6.5,5.5,6.5,60,80,1,1,1
P1,post,filterbank_riemann_recentered,6.5,5.5,6.5,10,61,-1,1,0
P1,post,filterbank_riemann_recentered,6.5,5.5,6.5,10,62,1,1,1
P1,post,filterbank_riemann_recentered,6.5,5.5,6.5,10,63,1,1,1
P1,post,filterbank_riemann_recentered,6.5,5.5,6.5,10,64,1,1,1
P1,post,filterbank_riemann_recentered,6.5,5.5,6.5,10,65,-1,1,0
P1,post,filterbank_riemann_recentered,6.5,5.5,6.5,10,66,1,1,1
P1,post,filterbank_riemann_recentered,6.5,5.5,6.5,10,67,-1,1,0
P1,post,filterbank_riemann_recentered,6.5,5.5,6.5,10,68,-1,1,0
P1,post,filterbank_riemann_recentered,6.5,5.5,6.5,10,69,1,1,1
P1,post,filterbank_riemann_recentered,6.5,5.5,6.5,10,70,1,1,1
P1,post,filterbank_riemann_recentered,6.5,5.5,6.5,10,71,-1,-1,1
P1,post,filterbank_riemann_recentered,6.5,5.5,6.5,10,72,1,1,1
P1,post,filterbank_riemann_recentered,6.5,5.5,6.5,10,73,-1,1,0
P1,post,filterbank_riemann_recentered,6.5,5.5,6.5,10,74,-1,1,0
P1,post,filterbank_riemann_recentered,6.5,5.5,6.5,10,75,-1,1,0
P1,post,filterbank_riemann_recentered,6.5,5.5,6.5,10,76,1,1,1
P1,post,filterbank_riemann_recentered,6.5,5.5,6.5,10,77,1,1,1
P1,post,filterbank_riemann_recentered,6.5,5.5,6.5,10,78,1,1,1
P1,post,filterbank_riemann_recentered,6.5,5.5,6.5,10,79,-1,1,0
P1,post,filterbank_riemann_recentered,6.5,5.5,6.5,10,80,1,1,1
P1,post,filterbank_riemann_recentered,6.5,5.5,6.5,20,61,-1,-1,1
P1,post,filterbank_riemann_recentered,6.5,5.5,6.5,20,62,1,1,1
P1,post,filterbank_riemann_recentered,6.5,5.5,6.5,20,63,1,1,1
P1,post,filterbank_riemann_recentered,6.5,5.5,6.5,20,64,1,-1,0
P1,post,filterbank_riemann_recentered,6.5,5.5,6.5,20,65,-1,-1,1
P1,post,filterbank_riemann_recentered,6.5,5.5,6.5,20,66,1,1,1
P1,post,filterbank_riemann_recentered,6.5,5.5,6.5,20,67,-1,-1,1
P1,post,filterbank_riemann_recentered,6.5,5.5,6.5,20,68,-1,1,0
P1,post,filterbank_riemann_recentered,6.5,5.5,6.5,20,69,1,1,1
P1,post,filterbank_riemann_recentered,6.5,5.5,6.5,20,70,1,1,1
P1,post,filterbank_riemann_recentered,6.5,5.5,6.5,20,71,-1,-1,1
P1,post,filterbank_riemann_recentered,6.5,5.5,6.5,20,72,1,1,1
P1,post,filterbank_riemann_recentered,6.5,5.5,6.5,20,73,-1,-1,1
P1,post,filterbank_riemann_recentered,6.5,5.5,6.5,20,74,-1,-1,1
P1,post,filterbank_riemann_recentered,6.5,5.5,6.5,20,75,-1,1,0
P1,post,filterbank_riemann_recentered,6.5,5.5,6.5,20,76,1,1,1
P1,post,filterbank_riemann_recentered,6.5,5.5,6.5,20,77,1,1,1
P1,post,filterbank_riemann_recentered,6.5,5.5,6.5,20,78,1,-1,0
P1,post,filterbank_riemann_recentered,6.5,5.5,6.5,20,79,-1,-1,1
P1,post,filterbank_riemann_recentered,6.5,5.5,6.5,20,80,1,1,1
P1,post,filterbank_riemann_recentered,6.5,5.5,6.5,40,61,-1,-1,1
P1,post,filterbank_riemann_recentered,6.5,5.5,6.5,40,62,1,1,1
P1,post,filterbank_riemann_recentered,6.5,5.5,6.5,40,63,1,1,1
P1,post,filterbank_riemann_recentered,6.5,5.5,6.5,40,64,1,-1,0
P1,post,filterbank_riemann_recentered,6.5,5.5,6.5,40,65,-1,-1,1
P1,post,filterbank_riemann_recentered,6.5,5.5,6.5,40,66,1,1,1
P1,post,filterbank_riemann_recentered,6.5,5.5,6.5,40,67,-1,-1,1
P1,post,filterbank_riemann_recentered,6.5,5.5,6.5,40,68,-1,-1,1
P1,post,filterbank_riemann_recentered,6.5,5.5,6.5,40,69,1,1,1
P1,post,filterbank_riemann_recentered,6.5,5.5,6.5,40,70,1,1,1
P1,post,filterbank_riemann_recentered,6.5,5.5,6.5,40,71,-1,-1,1
P1,post,filterbank_riemann_recentered,6.5,5.5,6.5,40,72,1,1,1
P1,post,filterbank_riemann_recentered,6.5,5.5,6.5,40,73,-1,-1,1
P1,post,filterbank_riemann_recentered,6.5,5.5,6.5,40,74,-1,-1,1
P1,post,filterbank_riemann_recentered,6.5,5.5,6.5,40,75,-1,1,0
P1,post,filterbank_riemann_recentered,6.5,5.5,6.5,40,76,1,1,1
P1,post,filterbank_riemann_recentered,6.5,5.5,6.5,40,77,1,1,1
P1,post,filterbank_riemann_recentered,6.5,5.5,6.5,40,78,1,1,1
P1,post,filterbank_riemann_recentered,6.5,5.5,6.5,40,79,-1,1,0
P1,post,filterbank_riemann_recentered,6.5,5.5,6.5,40,80,1,1,1
P1,post,filterbank_riemann_recentered,6.5,5.5,6.5,60,61,-1,-1,1
P1,post,filterbank_riemann_recentered,6.5,5.5,6.5,60,62,1,1,1
P1,post,filterbank_riemann_recentered,6.5,5.5,6.5,60,63,1,1,1
P1,post,filterbank_riemann_recentered,6.5,5.5,6.5,60,64,1,-1,0
P1,post,filterbank_riemann_recentered,6.5,5.5,6.5,60,65,-1,-1,1
P1,post,filterbank_riemann_recentered,6.5,5.5,6.5,60,66,1,1,1
P1,post,filterbank_riemann_recentered,6.5,5.5,6.5,60,67,-1,-1,1
P1,post,filterbank_riemann_recentered,6.5,5.5,6.5,60,68,-1,-1,1
P1,post,filterbank_riemann_recentered,6.5,5.5,6.5,60,69,1,1,1
P1,post,filterbank_riemann_recentered,6.5,5.5,6.5,60,70,1,1,1
P1,post,filterbank_riemann_recentered,6.5,5.5,6.5,60,71,-1,-1,1
P1,post,filterbank_riemann_recentered,6.5,5.5,6.5,60,72,1,1,1
P1,post,filterbank_riemann_recentered,6.5,5.5,6.5,60,73,-1,-1,1
P1,post,filterbank_riemann_recentered,6.5,5.5,6.5,60,74,-1,-1,1
P1,post,filterbank_riemann_recentered,6.5,5.5,6.5,60,75,-1,1,0
P1,post,filterbank_riemann_recentered,6.5,5.5,6.5,60,76,1,1,1
P1,post,filterbank_riemann_recentered,6.5,5.5,6.5,60,77,1,1,1
P1,post,filterbank_riemann_recentered,6.5,5.5,6.5,60,78,1,1,1
P1,post,filterbank_riemann_recentered,6.5,5.5,6.5,60,79,-1,1,0
P1,post,filterbank_riemann_recentered,6.5,5.5,6.5,60,80,1,1,1
P2,pre,filterbank_csp_shrinkage_lda,2.0,1.0,2.0,10,61,-1,1,0
P2,pre,filterbank_csp_shrinkage_lda,2.0,1.0,2.0,10,62,-1,1,0
P2,pre,filterbank_csp_shrinkage_lda,2.0,1.0,2.0,10,63,1,1,1
P2,pre,filterbank_csp_shrinkage_lda,2.0,1.0,2.0,10,64,-1,1,0
P2,pre,filterbank_csp_shrinkage_lda,2.0,1.0,2.0,10,65,1,1,1
P2,pre,filterbank_csp_shrinkage_lda,2.0,1.0,2.0,10,66,-1,1,0
P2,pre,filterbank_csp_shrinkage_lda,2.0,1.0,2.0,10,67,1,1,1
P2,pre,filterbank_csp_shrinkage_lda,2.0,1.0,2.0,10,68,1,1,1
P2,pre,filterbank_csp_shrinkage_lda,2.0,1.0,2.0,10,69,1,1,1
P2,pre,filterbank_csp_shrinkage_lda,2.0,1.0,2.0,10,70,-1,1,0
P2,pre,filterbank_csp_shrinkage_lda,2.0,1.0,2.0,10,71,1,1,1
P2,pre,filterbank_csp_shrinkage_lda,2.0,1.0,2.0,10,72,-1,1,0
P2,pre,filterbank_csp_shrinkage_lda,2.0,1.0,2.0,10,73,-1,1,0
P2,pre,filterbank_csp_shrinkage_lda,2.0,1.0,2.0,10,74,-1,1,0
P2,pre,filterbank_csp_shrinkage_lda,2.0,1.0,2.0,10,75,-1,1,0
P2,pre,filterbank_csp_shrinkage_lda,2.0,1.0,2.0,10,76,1,1,1
P2,pre,filterbank_csp_shrinkage_lda,2.0,1.0,2.0,10,77,-1,1,0
P2,pre,filterbank_csp_shrinkage_lda,2.0,1.0,2.0,10,78,-1,1,0
P2,pre,filterbank_csp_shrinkage_lda,2.0,1.0,2.0,10,79,1,1,1
P2,pre,filterbank_csp_shrinkage_lda,2.0,1.0,2.0,10,80,1,1,1
P2,pre,filterbank_csp_shrinkage_lda,2.0,1.0,2.0,20,61,-1,1,0
P2,pre,filterbank_csp_shrinkage_lda,2.0,1.0,2.0,20,62,-1,1,0
P2,pre,filterbank_csp_shrinkage_lda,2.0,1.0,2.0,20,63,1,1,1
P2,pre,filterbank_csp_shrinkage_lda,2.0,1.0,2.0,20,64,-1,1,0
P2,pre,filterbank_csp_shrinkage_lda,2.0,1.0,2.0,20,65,1,1,1
P2,pre,filterbank_csp_shrinkage_lda,2.0,1.0,2.0,20,66,-1,1,0
P2,pre,filterbank_csp_shrinkage_lda,2.0,1.0,2.0,20,67,1,1,1
P2,pre,filterbank_csp_shrinkage_lda,2.0,1.0,2.0,20,68,1,1,1
P2,pre,filterbank_csp_shrinkage_lda,2.0,1.0,2.0,20,69,1,1,1
P2,pre,filterbank_csp_shrinkage_lda,2.0,1.0,2.0,20,70,-1,1,0
P2,pre,filterbank_csp_shrinkage_lda,2.0,1.0,2.0,20,71,1,1,1
P2,pre,filterbank_csp_shrinkage_lda,2.0,1.0,2.0,20,72,-1,-1,1
P2,pre,filterbank_csp_shrinkage_lda,2.0,1.0,2.0,20,73,-1,1,0
P2,pre,filterbank_csp_shrinkage_lda,2.0,1.0,2.0,20,74,-1,1,0
P2,pre,filterbank_csp_shrinkage_lda,2.0,1.0,2.0,20,75,-1,1,0
P2,pre,filterbank_csp_shrinkage_lda,2.0,1.0,2.0,20,76,1,1,1
P2,pre,filterbank_csp_shrinkage_lda,2.0,1.0,2.0,20,77,-1,1,0
P2,pre,filterbank_csp_shrinkage_lda,2.0,1.0,2.0,20,78,-1,1,0
P2,pre,filterbank_csp_shrinkage_lda,2.0,1.0,2.0,20,79,1,-1,0
P2,pre,filterbank_csp_shrinkage_lda,2.0,1.0,2.0,20,80,1,1,1
P2,pre,filterbank_csp_shrinkage_lda,2.0,1.0,2.0,40,61,-1,1,0
P2,pre,filterbank_csp_shrinkage_lda,2.0,1.0,2.0,40,62,-1,1,0
P2,pre,filterbank_csp_shrinkage_lda,2.0,1.0,2.0,40,63,1,1,1
P2,pre,filterbank_csp_shrinkage_lda,2.0,1.0,2.0,40,64,-1,1,0
P2,pre,filterbank_csp_shrinkage_lda,2.0,1.0,2.0,40,65,1,1,1
P2,pre,filterbank_csp_shrinkage_lda,2.0,1.0,2.0,40,66,-1,1,0
P2,pre,filterbank_csp_shrinkage_lda,2.0,1.0,2.0,40,67,1,1,1
P2,pre,filterbank_csp_shrinkage_lda,2.0,1.0,2.0,40,68,1,1,1
P2,pre,filterbank_csp_shrinkage_lda,2.0,1.0,2.0,40,69,1,1,1
P2,pre,filterbank_csp_shrinkage_lda,2.0,1.0,2.0,40,70,-1,-1,1
P2,pre,filterbank_csp_shrinkage_lda,2.0,1.0,2.0,40,71,1,-1,0
P2,pre,filterbank_csp_shrinkage_lda,2.0,1.0,2.0,40,72,-1,1,0
P2,pre,filterbank_csp_shrinkage_lda,2.0,1.0,2.0,40,73,-1,-1,1
P2,pre,filterbank_csp_shrinkage_lda,2.0,1.0,2.0,40,74,-1,1,0
P2,pre,filterbank_csp_shrinkage_lda,2.0,1.0,2.0,40,75,-1,-1,1
P2,pre,filterbank_csp_shrinkage_lda,2.0,1.0,2.0,40,76,1,-1,0
P2,pre,filterbank_csp_shrinkage_lda,2.0,1.0,2.0,40,77,-1,1,0
P2,pre,filterbank_csp_shrinkage_lda,2.0,1.0,2.0,40,78,-1,1,0
P2,pre,filterbank_csp_shrinkage_lda,2.0,1.0,2.0,40,79,1,-1,0
P2,pre,filterbank_csp_shrinkage_lda,2.0,1.0,2.0,40,80,1,1,1
P2,pre,filterbank_csp_shrinkage_lda,2.0,1.0,2.0,60,61,-1,1,0
P2,pre,filterbank_csp_shrinkage_lda,2.0,1.0,2.0,60,62,-1,1,0
P2,pre,filterbank_csp_shrinkage_lda,2.0,1.0,2.0,60,63,1,-1,0
P2,pre,filterbank_csp_shrinkage_lda,2.0,1.0,2.0,60,64,-1,1,0
P2,pre,filterbank_csp_shrinkage_lda,2.0,1.0,2.0,60,65,1,1,1
P2,pre,filterbank_csp_shrinkage_lda,2.0,1.0,2.0,60,66,-1,1,0
P2,pre,filterbank_csp_shrinkage_lda,2.0,1.0,2.0,60,67,1,1,1
P2,pre,filterbank_csp_shrinkage_lda,2.0,1.0,2.0,60,68,1,1,1
P2,pre,filterbank_csp_shrinkage_lda,2.0,1.0,2.0,60,69,1,1,1
P2,pre,filterbank_csp_shrinkage_lda,2.0,1.0,2.0,60,70,-1,1,0
P2,pre,filterbank_csp_shrinkage_lda,2.0,1.0,2.0,60,71,1,-1,0
P2,pre,filterbank_csp_shrinkage_lda,2.0,1.0,2.0,60,72,-1,-1,1
P2,pre,filterbank_csp_shrinkage_lda,2.0,1.0,2.0,60,73,-1,-1,1
P2,pre,filterbank_csp_shrinkage_lda,2.0,1.0,2.0,60,74,-1,1,0
P2,pre,filterbank_csp_shrinkage_lda,2.0,1.0,2.0,60,75,-1,-1,1
P2,pre,filterbank_csp_shrinkage_lda,2.0,1.0,2.0,60,76,1,1,1
P2,pre,filterbank_csp_shrinkage_lda,2.0,1.0,2.0,60,77,-1,1,0
P2,pre,filterbank_csp_shrinkage_lda,2.0,1.0,2.0,60,78,-1,1,0
P2,pre,filterbank_csp_shrinkage_lda,2.0,1.0,2.0,60,79,1,-1,0
P2,pre,filterbank_csp_shrinkage_lda,2.0,1.0,2.0,60,80,1,1,1
P2,pre,filterbank_riemann_recentered,2.0,1.0,2.0,10,61,-1,1,0
P2,pre,filterbank_riemann_recentered,2.0,1.0,2.0,10,62,-1,1,0
P2,pre,filterbank_riemann_recentered,2.0,1.0,2.0,10,63,1,1,1
P2,pre,filterbank_riemann_recentered,2.0,1.0,2.0,10,64,-1,1,0
P2,pre,filterbank_riemann_recentered,2.0,1.0,2.0,10,65,1,1,1
P2,pre,filterbank_riemann_recentered,2.0,1.0,2.0,10,66,-1,1,0
P2,pre,filterbank_riemann_recentered,2.0,1.0,2.0,10,67,1,1,1
P2,pre,filterbank_riemann_recentered,2.0,1.0,2.0,10,68,1,1,1
P2,pre,filterbank_riemann_recentered,2.0,1.0,2.0,10,69,1,1,1
P2,pre,filterbank_riemann_recentered,2.0,1.0,2.0,10,70,-1,1,0
P2,pre,filterbank_riemann_recentered,2.0,1.0,2.0,10,71,1,1,1
P2,pre,filterbank_riemann_recentered,2.0,1.0,2.0,10,72,-1,1,0
P2,pre,filterbank_riemann_recentered,2.0,1.0,2.0,10,73,-1,1,0
P2,pre,filterbank_riemann_recentered,2.0,1.0,2.0,10,74,-1,1,0
P2,pre,filterbank_riemann_recentered,2.0,1.0,2.0,10,75,-1,1,0
P2,pre,filterbank_riemann_recentered,2.0,1.0,2.0,10,76,1,1,1
P2,pre,filterbank_riemann_recentered,2.0,1.0,2.0,10,77,-1,1,0
P2,pre,filterbank_riemann_recentered,2.0,1.0,2.0,10,78,-1,1,0
P2,pre,filterbank_riemann_recentered,2.0,1.0,2.0,10,79,1,1,1
P2,pre,filterbank_riemann_recentered,2.0,1.0,2.0,10,80,1,1,1
P2,pre,filterbank_riemann_recentered,2.0,1.0,2.0,20,61,-1,1,0
P2,pre,filterbank_riemann_recentered,2.0,1.0,2.0,20,62,-1,1,0
P2,pre,filterbank_riemann_recentered,2.0,1.0,2.0,20,63,1,1,1
P2,pre,filterbank_riemann_recentered,2.0,1.0,2.0,20,64,-1,1,0
P2,pre,filterbank_riemann_recentered,2.0,1.0,2.0,20,65,1,1,1
P2,pre,filterbank_riemann_recentered,2.0,1.0,2.0,20,66,-1,1,0
P2,pre,filterbank_riemann_recentered,2.0,1.0,2.0,20,67,1,1,1
P2,pre,filterbank_riemann_recentered,2.0,1.0,2.0,20,68,1,1,1
P2,pre,filterbank_riemann_recentered,2.0,1.0,2.0,20,69,1,1,1
P2,pre,filterbank_riemann_recentered,2.0,1.0,2.0,20,70,-1,1,0
P2,pre,filterbank_riemann_recentered,2.0,1.0,2.0,20,71,1,1,1
P2,pre,filterbank_riemann_recentered,2.0,1.0,2.0,20,72,-1,1,0
P2,pre,filterbank_riemann_recentered,2.0,1.0,2.0,20,73,-1,1,0
P2,pre,filterbank_riemann_recentered,2.0,1.0,2.0,20,74,-1,1,0
P2,pre,filterbank_riemann_recentered,2.0,1.0,2.0,20,75,-1,1,0
P2,pre,filterbank_riemann_recentered,2.0,1.0,2.0,20,76,1,-1,0
P2,pre,filterbank_riemann_recentered,2.0,1.0,2.0,20,77,-1,1,0
P2,pre,filterbank_riemann_recentered,2.0,1.0,2.0,20,78,-1,1,0
P2,pre,filterbank_riemann_recentered,2.0,1.0,2.0,20,79,1,1,1
P2,pre,filterbank_riemann_recentered,2.0,1.0,2.0,20,80,1,1,1
P2,pre,filterbank_riemann_recentered,2.0,1.0,2.0,40,61,-1,1,0
P2,pre,filterbank_riemann_recentered,2.0,1.0,2.0,40,62,-1,1,0
P2,pre,filterbank_riemann_recentered,2.0,1.0,2.0,40,63,1,-1,0
P2,pre,filterbank_riemann_recentered,2.0,1.0,2.0,40,64,-1,1,0
P2,pre,filterbank_riemann_recentered,2.0,1.0,2.0,40,65,1,-1,0
P2,pre,filterbank_riemann_recentered,2.0,1.0,2.0,40,66,-1,-1,1
P2,pre,filterbank_riemann_recentered,2.0,1.0,2.0,40,67,1,-1,0
P2,pre,filterbank_riemann_recentered,2.0,1.0,2.0,40,68,1,1,1
P2,pre,filterbank_riemann_recentered,2.0,1.0,2.0,40,69,1,1,1
P2,pre,filterbank_riemann_recentered,2.0,1.0,2.0,40,70,-1,-1,1
P2,pre,filterbank_riemann_recentered,2.0,1.0,2.0,40,71,1,-1,0
P2,pre,filterbank_riemann_recentered,2.0,1.0,2.0,40,72,-1,-1,1
P2,pre,filterbank_riemann_recentered,2.0,1.0,2.0,40,73,-1,-1,1
P2,pre,filterbank_riemann_recentered,2.0,1.0,2.0,40,74,-1,-1,1
P2,pre,filterbank_riemann_recentered,2.0,1.0,2.0,40,75,-1,-1,1
P2,pre,filterbank_riemann_recentered,2.0,1.0,2.0,40,76,1,-1,0
P2,pre,filterbank_riemann_recentered,2.0,1.0,2.0,40,77,-1,1,0
P2,pre,filterbank_riemann_recentered,2.0,1.0,2.0,40,78,-1,1,0
P2,pre,filterbank_riemann_recentered,2.0,1.0,2.0,40,79,1,-1,0
P2,pre,filterbank_riemann_recentered,2.0,1.0,2.0,40,80,1,-1,0
P2,pre,filterbank_riemann_recentered,2.0,1.0,2.0,60,61,-1,1,0
P2,pre,filterbank_riemann_recentered,2.0,1.0,2.0,60,62,-1,1,0
P2,pre,filterbank_riemann_recentered,2.0,1.0,2.0,60,63,1,-1,0
P2,pre,filterbank_riemann_recentered,2.0,1.0,2.0,60,64,-1,1,0
P2,pre,filterbank_riemann_recentered,2.0,1.0,2.0,60,65,1,-1,0
P2,pre,filterbank_riemann_recentered,2.0,1.0,2.0,60,66,-1,1,0
P2,pre,filterbank_riemann_recentered,2.0,1.0,2.0,60,67,1,-1,0
P2,pre,filterbank_riemann_recentered,2.0,1.0,2.0,60,68,1,1,1
P2,pre,filterbank_riemann_recentered,2.0,1.0,2.0,60,69,1,1,1
P2,pre,filterbank_riemann_recentered,2.0,1.0,2.0,60,70,-1,-1,1
P2,pre,filterbank_riemann_recentered,2.0,1.0,2.0,60,71,1,-1,0
P2,pre,filterbank_riemann_recentered,2.0,1.0,2.0,60,72,-1,-1,1
P2,pre,filterbank_riemann_recentered,2.0,1.0,2.0,60,73,-1,-1,1
P2,pre,filterbank_riemann_recentered,2.0,1.0,2.0,60,74,-1,-1,1
P2,pre,filterbank_riemann_recentered,2.0,1.0,2.0,60,75,-1,-1,1
P2,pre,filterbank_riemann_recentered,2.0,1.0,2.0,60,76,1,-1,0
P2,pre,filterbank_riemann_recentered,2.0,1.0,2.0,60,77,-1,1,0
P2,pre,filterbank_riemann_recentered,2.0,1.0,2.0,60,78,-1,1,0
P2,pre,filterbank_riemann_recentered,2.0,1.0,2.0,60,79,1,-1,0
P2,pre,filterbank_riemann_recentered,2.0,1.0,2.0,60,80,1,1,1
P2,pre,filterbank_csp_shrinkage_lda,3.5,2.5,3.5,10,61,-1,1,0
P2,pre,filterbank_csp_shrinkage_lda,3.5,2.5,3.5,10,62,-1,1,0
P2,pre,filterbank_csp_shrinkage_lda,3.5,2.5,3.5,10,63,1,1,1
P2,pre,filterbank_csp_shrinkage_lda,3.5,2.5,3.5,10,64,-1,1,0
P2,pre,filterbank_csp_shrinkage_lda,3.5,2.5,3.5,10,65,1,1,1
P2,pre,filterbank_csp_shrinkage_lda,3.5,2.5,3.5,10,66,-1,1,0
P2,pre,filterbank_csp_shrinkage_lda,3.5,2.5,3.5,10,67,1,1,1
P2,pre,filterbank_csp_shrinkage_lda,3.5,2.5,3.5,10,68,1,1,1
P2,pre,filterbank_csp_shrinkage_lda,3.5,2.5,3.5,10,69,1,1,1
P2,pre,filterbank_csp_shrinkage_lda,3.5,2.5,3.5,10,70,-1,1,0
P2,pre,filterbank_csp_shrinkage_lda,3.5,2.5,3.5,10,71,1,1,1
P2,pre,filterbank_csp_shrinkage_lda,3.5,2.5,3.5,10,72,-1,1,0
P2,pre,filterbank_csp_shrinkage_lda,3.5,2.5,3.5,10,73,-1,1,0
P2,pre,filterbank_csp_shrinkage_lda,3.5,2.5,3.5,10,74,-1,1,0
P2,pre,filterbank_csp_shrinkage_lda,3.5,2.5,3.5,10,75,-1,1,0
P2,pre,filterbank_csp_shrinkage_lda,3.5,2.5,3.5,10,76,1,1,1
P2,pre,filterbank_csp_shrinkage_lda,3.5,2.5,3.5,10,77,-1,1,0
P2,pre,filterbank_csp_shrinkage_lda,3.5,2.5,3.5,10,78,-1,1,0
P2,pre,filterbank_csp_shrinkage_lda,3.5,2.5,3.5,10,79,1,1,1
P2,pre,filterbank_csp_shrinkage_lda,3.5,2.5,3.5,10,80,1,1,1
P2,pre,filterbank_csp_shrinkage_lda,3.5,2.5,3.5,20,61,-1,1,0
P2,pre,filterbank_csp_shrinkage_lda,3.5,2.5,3.5,20,62,-1,1,0
P2,pre,filterbank_csp_shrinkage_lda,3.5,2.5,3.5,20,63,1,1,1
P2,pre,filterbank_csp_shrinkage_lda,3.5,2.5,3.5,20,64,-1,1,0
P2,pre,filterbank_csp_shrinkage_lda,3.5,2.5,3.5,20,65,1,1,1
P2,pre,filterbank_csp_shrinkage_lda,3.5,2.5,3.5,20,66,-1,1,0
P2,pre,filterbank_csp_shrinkage_lda,3.5,2.5,3.5,20,67,1,1,1
P2,pre,filterbank_csp_shrinkage_lda,3.5,2.5,3.5,20,68,1,1,1
P2,pre,filterbank_csp_shrinkage_lda,3.5,2.5,3.5,20,69,1,1,1
P2,pre,filterbank_csp_shrinkage_lda,3.5,2.5,3.5,20,70,-1,-1,1
P2,pre,filterbank_csp_shrinkage_lda,3.5,2.5,3.5,20,71,1,1,1
P2,pre,filterbank_csp_shrinkage_lda,3.5,2.5,3.5,20,72,-1,1,0
P2,pre,filterbank_csp_shrinkage_lda,3.5,2.5,3.5,20,73,-1,1,0
P2,pre,filterbank_csp_shrinkage_lda,3.5,2.5,3.5,20,74,-1,1,0
P2,pre,filterbank_csp_shrinkage_lda,3.5,2.5,3.5,20,75,-1,1,0
P2,pre,filterbank_csp_shrinkage_lda,3.5,2.5,3.5,20,76,1,-1,0
P2,pre,filterbank_csp_shrinkage_lda,3.5,2.5,3.5,20,77,-1,1,0
P2,pre,filterbank_csp_shrinkage_lda,3.5,2.5,3.5,20,78,-1,1,0
P2,pre,filterbank_csp_shrinkage_lda,3.5,2.5,3.5,20,79,1,1,1
P2,pre,filterbank_csp_shrinkage_lda,3.5,2.5,3.5,20,80,1,-1,0
P2,pre,filterbank_csp_shrinkage_lda,3.5,2.5,3.5,40,61,-1,-1,1
P2,pre,filterbank_csp_shrinkage_lda,3.5,2.5,3.5,40,62,-1,1,0
P2,pre,filterbank_csp_shrinkage_lda,3.5,2.5,3.5,40,63,1,-1,0
P2,pre,filterbank_csp_shrinkage_lda,3.5,2.5,3.5,40,64,-1,1,0
P2,pre,filterbank_csp_shrinkage_lda,3.5,2.5,3.5,40,65,1,1,1
P2,pre,filterbank_csp_shrinkage_lda,3.5,2.5,3.5,40,66,-1,1,0
P2,pre,filterbank_csp_shrinkage_lda,3.5,2.5,3.5,40,67,1,1,1
P2,pre,filterbank_csp_shrinkage_lda,3.5,2.5,3.5,40,68,1,1,1
P2,pre,filterbank_csp_shrinkage_lda,3.5,2.5,3.5,40,69,1,-1,0
P2,pre,filterbank_csp_shrinkage_lda,3.5,2.5,3.5,40,70,-1,-1,1
P2,pre,filterbank_csp_shrinkage_lda,3.5,2.5,3.5,40,71,1,1,1
P2,pre,filterbank_csp_shrinkage_lda,3.5,2.5,3.5,40,72,-1,-1,1
P2,pre,filterbank_csp_shrinkage_lda,3.5,2.5,3.5,40,73,-1,1,0
P2,pre,filterbank_csp_shrinkage_lda,3.5,2.5,3.5,40,74,-1,1,0
P2,pre,filterbank_csp_shrinkage_lda,3.5,2.5,3.5,40,75,-1,-1,1
P2,pre,filterbank_csp_shrinkage_lda,3.5,2.5,3.5,40,76,1,-1,0
P2,pre,filterbank_csp_shrinkage_lda,3.5,2.5,3.5,40,77,-1,1,0
P2,pre,filterbank_csp_shrinkage_lda,3.5,2.5,3.5,40,78,-1,1,0
P2,pre,filterbank_csp_shrinkage_lda,3.5,2.5,3.5,40,79,1,-1,0
P2,pre,filterbank_csp_shrinkage_lda,3.5,2.5,3.5,40,80,1,-1,0
P2,pre,filterbank_csp_shrinkage_lda,3.5,2.5,3.5,60,61,-1,-1,1
P2,pre,filterbank_csp_shrinkage_lda,3.5,2.5,3.5,60,62,-1,-1,1
P2,pre,filterbank_csp_shrinkage_lda,3.5,2.5,3.5,60,63,1,-1,0
P2,pre,filterbank_csp_shrinkage_lda,3.5,2.5,3.5,60,64,-1,-1,1
P2,pre,filterbank_csp_shrinkage_lda,3.5,2.5,3.5,60,65,1,1,1
P2,pre,filterbank_csp_shrinkage_lda,3.5,2.5,3.5,60,66,-1,-1,1
P2,pre,filterbank_csp_shrinkage_lda,3.5,2.5,3.5,60,67,1,1,1
P2,pre,filterbank_csp_shrinkage_lda,3.5,2.5,3.5,60,68,1,1,1
P2,pre,filterbank_csp_shrinkage_lda,3.5,2.5,3.5,60,69,1,-1,0
P2,pre,filterbank_csp_shrinkage_lda,3.5,2.5,3.5,60,70,-1,-1,1
P2,pre,filterbank_csp_shrinkage_lda,3.5,2.5,3.5,60,71,1,1,1
P2,pre,filterbank_csp_shrinkage_lda,3.5,2.5,3.5,60,72,-1,-1,1
P2,pre,filterbank_csp_shrinkage_lda,3.5,2.5,3.5,60,73,-1,1,0
P2,pre,filterbank_csp_shrinkage_lda,3.5,2.5,3.5,60,74,-1,1,0
P2,pre,filterbank_csp_shrinkage_lda,3.5,2.5,3.5,60,75,-1,1,0
P2,pre,filterbank_csp_shrinkage_lda,3.5,2.5,3.5,60,76,1,1,1
P2,pre,filterbank_csp_shrinkage_lda,3.5,2.5,3.5,60,77,-1,-1,1
P2,pre,filterbank_csp_shrinkage_lda,3.5,2.5,3.5,60,78,-1,1,0
P2,pre,filterbank_csp_shrinkage_lda,3.5,2.5,3.5,60,79,1,1,1
P2,pre,filterbank_csp_shrinkage_lda,3.5,2.5,3.5,60,80,1,-1,0
P2,pre,filterbank_riemann_recentered,3.5,2.5,3.5,10,61,-1,1,0
P2,pre,filterbank_riemann_recentered,3.5,2.5,3.5,10,62,-1,1,0
P2,pre,filterbank_riemann_recentered,3.5,2.5,3.5,10,63,1,1,1
P2,pre,filterbank_riemann_recentered,3.5,2.5,3.5,10,64,-1,1,0
P2,pre,filterbank_riemann_recentered,3.5,2.5,3.5,10,65,1,1,1
P2,pre,filterbank_riemann_recentered,3.5,2.5,3.5,10,66,-1,1,0
P2,pre,filterbank_riemann_recentered,3.5,2.5,3.5,10,67,1,1,1
P2,pre,filterbank_riemann_recentered,3.5,2.5,3.5,10,68,1,1,1
P2,pre,filterbank_riemann_recentered,3.5,2.5,3.5,10,69,1,1,1
P2,pre,filterbank_riemann_recentered,3.5,2.5,3.5,10,70,-1,1,0
P2,pre,filterbank_riemann_recentered,3.5,2.5,3.5,10,71,1,1,1
P2,pre,filterbank_riemann_recentered,3.5,2.5,3.5,10,72,-1,1,0
P2,pre,filterbank_riemann_recentered,3.5,2.5,3.5,10,73,-1,1,0
P2,pre,filterbank_riemann_recentered,3.5,2.5,3.5,10,74,-1,1,0
P2,pre,filterbank_riemann_recentered,3.5,2.5,3.5,10,75,-1,1,0
P2,pre,filterbank_riemann_recentered,3.5,2.5,3.5,10,76,1,1,1
P2,pre,filterbank_riemann_recentered,3.5,2.5,3.5,10,77,-1,1,0
P2,pre,filterbank_riemann_recentered,3.5,2.5,3.5,10,78,-1,1,0
P2,pre,filterbank_riemann_recentered,3.5,2.5,3.5,10,79,1,1,1
P2,pre,filterbank_riemann_recentered,3.5,2.5,3.5,10,80,1,1,1
P2,pre,filterbank_riemann_recentered,3.5,2.5,3.5,20,61,-1,1,0
P2,pre,filterbank_riemann_recentered,3.5,2.5,3.5,20,62,-1,1,0
P2,pre,filterbank_riemann_recentered,3.5,2.5,3.5,20,63,1,1,1
P2,pre,filterbank_riemann_recentered,3.5,2.5,3.5,20,64,-1,1,0
P2,pre,filterbank_riemann_recentered,3.5,2.5,3.5,20,65,1,1,1
P2,pre,filterbank_riemann_recentered,3.5,2.5,3.5,20,66,-1,1,0
P2,pre,filterbank_riemann_recentered,3.5,2.5,3.5,20,67,1,1,1
P2,pre,filterbank_riemann_recentered,3.5,2.5,3.5,20,68,1,1,1
P2,pre,filterbank_riemann_recentered,3.5,2.5,3.5,20,69,1,1,1
P2,pre,filterbank_riemann_recentered,3.5,2.5,3.5,20,70,-1,1,0
P2,pre,filterbank_riemann_recentered,3.5,2.5,3.5,20,71,1,1,1
P2,pre,filterbank_riemann_recentered,3.5,2.5,3.5,20,72,-1,1,0
P2,pre,filterbank_riemann_recentered,3.5,2.5,3.5,20,73,-1,1,0
P2,pre,filterbank_riemann_recentered,3.5,2.5,3.5,20,74,-1,1,0
P2,pre,filterbank_riemann_recentered,3.5,2.5,3.5,20,75,-1,1,0
P2,pre,filterbank_riemann_recentered,3.5,2.5,3.5,20,76,1,1,1
P2,pre,filterbank_riemann_recentered,3.5,2.5,3.5,20,77,-1,1,0
P2,pre,filterbank_riemann_recentered,3.5,2.5,3.5,20,78,-1,1,0
P2,pre,filterbank_riemann_recentered,3.5,2.5,3.5,20,79,1,1,1
P2,pre,filterbank_riemann_recentered,3.5,2.5,3.5,20,80,1,1,1
P2,pre,filterbank_riemann_recentered,3.5,2.5,3.5,40,61,-1,-1,1
P2,pre,filterbank_riemann_recentered,3.5,2.5,3.5,40,62,-1,1,0
P2,pre,filterbank_riemann_recentered,3.5,2.5,3.5,40,63,1,1,1
P2,pre,filterbank_riemann_recentered,3.5,2.5,3.5,40,64,-1,-1,1
P2,pre,filterbank_riemann_recentered,3.5,2.5,3.5,40,65,1,1,1
P2,pre,filterbank_riemann_recentered,3.5,2.5,3.5,40,66,-1,1,0
P2,pre,filterbank_riemann_recentered,3.5,2.5,3.5,40,67,1,-1,0
P2,pre,filterbank_riemann_recentered,3.5,2.5,3.5,40,68,1,1,1
P2,pre,filterbank_riemann_recentered,3.5,2.5,3.5,40,69,1,-1,0
P2,pre,filterbank_riemann_recentered,3.5,2.5,3.5,40,70,-1,-1,1
P2,pre,filterbank_riemann_recentered,3.5,2.5,3.5,40,71,1,-1,0
P2,pre,filterbank_riemann_recentered,3.5,2.5,3.5,40,72,-1,1,0
P2,pre,filterbank_riemann_recentered,3.5,2.5,3.5,40,73,-1,1,0
P2,pre,filterbank_riemann_recentered,3.5,2.5,3.5,40,74,-1,-1,1
P2,pre,filterbank_riemann_recentered,3.5,2.5,3.5,40,75,-1,-1,1
P2,pre,filterbank_riemann_recentered,3.5,2.5,3.5,40,76,1,1,1
P2,pre,filterbank_riemann_recentered,3.5,2.5,3.5,40,77,-1,1,0
P2,pre,filterbank_riemann_recentered,3.5,2.5,3.5,40,78,-1,-1,1
P2,pre,filterbank_riemann_recentered,3.5,2.5,3.5,40,79,1,-1,0
P2,pre,filterbank_riemann_recentered,3.5,2.5,3.5,40,80,1,-1,0
P2,pre,filterbank_riemann_recentered,3.5,2.5,3.5,60,61,-1,-1,1
P2,pre,filterbank_riemann_recentered,3.5,2.5,3.5,60,62,-1,1,0
P2,pre,filterbank_riemann_recentered,3.5,2.5,3.5,60,63,1,1,1
P2,pre,filterbank_riemann_recentered,3.5,2.5,3.5,60,64,-1,-1,1
P2,pre,filterbank_riemann_recentered,3.5,2.5,3.5,60,65,1,1,1
P2,pre,filterbank_riemann_recentered,3.5,2.5,3.5,60,66,-1,1,0
P2,pre,filterbank_riemann_recentered,3.5,2.5,3.5,60,67,1,-1,0
P2,pre,filterbank_riemann_recentered,3.5,2.5,3.5,60,68,1,1,1
P2,pre,filterbank_riemann_recentered,3.5,2.5,3.5,60,69,1,-1,0
P2,pre,filterbank_riemann_recentered,3.5,2.5,3.5,60,70,-1,1,0
P2,pre,filterbank_riemann_recentered,3.5,2.5,3.5,60,71,1,-1,0
P2,pre,filterbank_riemann_recentered,3.5,2.5,3.5,60,72,-1,1,0
P2,pre,filterbank_riemann_recentered,3.5,2.5,3.5,60,73,-1,1,0
P2,pre,filterbank_riemann_recentered,3.5,2.5,3.5,60,74,-1,1,0
P2,pre,filterbank_riemann_recentered,3.5,2.5,3.5,60,75,-1,-1,1
P2,pre,filterbank_riemann_recentered,3.5,2.5,3.5,60,76,1,1,1
P2,pre,filterbank_riemann_recentered,3.5,2.5,3.5,60,77,-1,1,0
P2,pre,filterbank_riemann_recentered,3.5,2.5,3.5,60,78,-1,-1,1
P2,pre,filterbank_riemann_recentered,3.5,2.5,3.5,60,79,1,-1,0
P2,pre,filterbank_riemann_recentered,3.5,2.5,3.5,60,80,1,-1,0
P2,pre,filterbank_csp_shrinkage_lda,4.25,3.25,4.25,10,61,-1,1,0
P2,pre,filterbank_csp_shrinkage_lda,4.25,3.25,4.25,10,62,-1,1,0
P2,pre,filterbank_csp_shrinkage_lda,4.25,3.25,4.25,10,63,1,1,1
P2,pre,filterbank_csp_shrinkage_lda,4.25,3.25,4.25,10,64,-1,1,0
P2,pre,filterbank_csp_shrinkage_lda,4.25,3.25,4.25,10,65,1,1,1
P2,pre,filterbank_csp_shrinkage_lda,4.25,3.25,4.25,10,66,-1,1,0
P2,pre,filterbank_csp_shrinkage_lda,4.25,3.25,4.25,10,67,1,1,1
P2,pre,filterbank_csp_shrinkage_lda,4.25,3.25,4.25,10,68,1,1,1
P2,pre,filterbank_csp_shrinkage_lda,4.25,3.25,4.25,10,69,1,1,1
P2,pre,filterbank_csp_shrinkage_lda,4.25,3.25,4.25,10,70,-1,1,0
P2,pre,filterbank_csp_shrinkage_lda,4.25,3.25,4.25,10,71,1,1,1
P2,pre,filterbank_csp_shrinkage_lda,4.25,3.25,4.25,10,72,-1,1,0
P2,pre,filterbank_csp_shrinkage_lda,4.25,3.25,4.25,10,73,-1,-1,1
P2,pre,filterbank_csp_shrinkage_lda,4.25,3.25,4.25,10,74,-1,1,0
P2,pre,filterbank_csp_shrinkage_lda,4.25,3.25,4.25,10,75,-1,1,0
P2,pre,filterbank_csp_shrinkage_lda,4.25,3.25,4.25,10,76,1,-1,0
P2,pre,filterbank_csp_shrinkage_lda,4.25,3.25,4.25,10,77,-1,-1,1
P2,pre,filterbank_csp_shrinkage_lda,4.25,3.25,4.25,10,78,-1,-1,1
P2,pre,filterbank_csp_shrinkage_lda,4.25,3.25,4.25,10,79,1,1,1
P2,pre,filterbank_csp_shrinkage_lda,4.25,3.25,4.25,10,80,1,1,1
P2,pre,filterbank_csp_shrinkage_lda,4.25,3.25,4.25,20,61,-1,1,0
P2,pre,filterbank_csp_shrinkage_lda,4.25,3.25,4.25,20,62,-1,1,0
P2,pre,filterbank_csp_shrinkage_lda,4.25,3.25,4.25,20,63,1,1,1
P2,pre,filterbank_csp_shrinkage_lda,4.25,3.25,4.25,20,64,-1,1,0
P2,pre,filterbank_csp_shrinkage_lda,4.25,3.25,4.25,20,65,1,1,1
P2,pre,filterbank_csp_shrinkage_lda,4.25,3.25,4.25,20,66,-1,1,0
P2,pre,filterbank_csp_shrinkage_lda,4.25,3.25,4.25,20,67,1,1,1
P2,pre,filterbank_csp_shrinkage_lda,4.25,3.25,4.25,20,68,1,1,1
P2,pre,filterbank_csp_shrinkage_lda,4.25,3.25,4.25,20,69,1,1,1
P2,pre,filterbank_csp_shrinkage_lda,4.25,3.25,4.25,20,70,-1,1,0
P2,pre,filterbank_csp_shrinkage_lda,4.25,3.25,4.25,20,71,1,1,1
P2,pre,filterbank_csp_shrinkage_lda,4.25,3.25,4.25,20,72,-1,1,0
P2,pre,filterbank_csp_shrinkage_lda,4.25,3.25,4.25,20,73,-1,1,0
P2,pre,filterbank_csp_shrinkage_lda,4.25,3.25,4.25,20,74,-1,1,0
P2,pre,filterbank_csp_shrinkage_lda,4.25,3.25,4.25,20,75,-1,1,0
P2,pre,filterbank_csp_shrinkage_lda,4.25,3.25,4.25,20,76,1,1,1
P2,pre,filterbank_csp_shrinkage_lda,4.25,3.25,4.25,20,77,-1,1,0
P2,pre,filterbank_csp_shrinkage_lda,4.25,3.25,4.25,20,78,-1,-1,1
P2,pre,filterbank_csp_shrinkage_lda,4.25,3.25,4.25,20,79,1,1,1
P2,pre,filterbank_csp_shrinkage_lda,4.25,3.25,4.25,20,80,1,1,1
P2,pre,filterbank_csp_shrinkage_lda,4.25,3.25,4.25,40,61,-1,-1,1
P2,pre,filterbank_csp_shrinkage_lda,4.25,3.25,4.25,40,62,-1,-1,1
P2,pre,filterbank_csp_shrinkage_lda,4.25,3.25,4.25,40,63,1,1,1
P2,pre,filterbank_csp_shrinkage_lda,4.25,3.25,4.25,40,64,-1,1,0
P2,pre,filterbank_csp_shrinkage_lda,4.25,3.25,4.25,40,65,1,1,1
P2,pre,filterbank_csp_shrinkage_lda,4.25,3.25,4.25,40,66,-1,1,0
P2,pre,filterbank_csp_shrinkage_lda,4.25,3.25,4.25,40,67,1,1,1
P2,pre,filterbank_csp_shrinkage_lda,4.25,3.25,4.25,40,68,1,-1,0
P2,pre,filterbank_csp_shrinkage_lda,4.25,3.25,4.25,40,69,1,1,1
P2,pre,filterbank_csp_shrinkage_lda,4.25,3.25,4.25,40,70,-1,-1,1
P2,pre,filterbank_csp_shrinkage_lda,4.25,3.25,4.25,40,71,1,1,1
P2,pre,filterbank_csp_shrinkage_lda,4.25,3.25,4.25,40,72,-1,-1,1
P2,pre,filterbank_csp_shrinkage_lda,4.25,3.25,4.25,40,73,-1,-1,1
P2,pre,filterbank_csp_shrinkage_lda,4.25,3.25,4.25,40,74,-1,1,0
P2,pre,filterbank_csp_shrinkage_lda,4.25,3.25,4.25,40,75,-1,-1,1
P2,pre,filterbank_csp_shrinkage_lda,4.25,3.25,4.25,40,76,1,1,1
P2,pre,filterbank_csp_shrinkage_lda,4.25,3.25,4.25,40,77,-1,-1,1
P2,pre,filterbank_csp_shrinkage_lda,4.25,3.25,4.25,40,78,-1,-1,1
P2,pre,filterbank_csp_shrinkage_lda,4.25,3.25,4.25,40,79,1,1,1
P2,pre,filterbank_csp_shrinkage_lda,4.25,3.25,4.25,40,80,1,-1,0
P2,pre,filterbank_csp_shrinkage_lda,4.25,3.25,4.25,60,61,-1,-1,1
P2,pre,filterbank_csp_shrinkage_lda,4.25,3.25,4.25,60,62,-1,1,0
P2,pre,filterbank_csp_shrinkage_lda,4.25,3.25,4.25,60,63,1,1,1
P2,pre,filterbank_csp_shrinkage_lda,4.25,3.25,4.25,60,64,-1,1,0
P2,pre,filterbank_csp_shrinkage_lda,4.25,3.25,4.25,60,65,1,1,1
P2,pre,filterbank_csp_shrinkage_lda,4.25,3.25,4.25,60,66,-1,1,0
P2,pre,filterbank_csp_shrinkage_lda,4.25,3.25,4.25,60,67,1,1,1
P2,pre,filterbank_csp_shrinkage_lda,4.25,3.25,4.25,60,68,1,1,1
P2,pre,filterbank_csp_shrinkage_lda,4.25,3.25,4.25,60,69,1,1,1
P2,pre,filterbank_csp_shrinkage_lda,4.25,3.25,4.25,60,70,-1,-1,1
P2,pre,filterbank_csp_shrinkage_lda,4.25,3.25,4.25,60,71,1,1,1
P2,pre,filterbank_csp_shrinkage_lda,4.25,3.25,4.25,60,72,-1,1,0
P2,pre,filterbank_csp_shrinkage_lda,4.25,3.25,4.25,60,73,-1,-1,1
P2,pre,filterbank_csp_shrinkage_lda,4.25,3.25,4.25,60,74,-1,1,0
P2,pre,filterbank_csp_shrinkage_lda,4.25,3.25,4.25,60,75,-1,-1,1
P2,pre,filterbank_csp_shrinkage_lda,4.25,3.25,4.25,60,76,1,1,1
P2,pre,filterbank_csp_shrinkage_lda,4.25,3.25,4.25,60,77,-1,-1,1
P2,pre,filterbank_csp_shrinkage_lda,4.25,3.25,4.25,60,78,-1,1,0
P2,pre,filterbank_csp_shrinkage_lda,4.25,3.25,4.25,60,79,1,1,1
P2,pre,filterbank_csp_shrinkage_lda,4.25,3.25,4.25,60,80,1,-1,0
P2,pre,filterbank_riemann_recentered,4.25,3.25,4.25,10,61,-1,1,0
P2,pre,filterbank_riemann_recentered,4.25,3.25,4.25,10,62,-1,1,0
P2,pre,filterbank_riemann_recentered,4.25,3.25,4.25,10,63,1,1,1
P2,pre,filterbank_riemann_recentered,4.25,3.25,4.25,10,64,-1,1,0
P2,pre,filterbank_riemann_recentered,4.25,3.25,4.25,10,65,1,1,1
P2,pre,filterbank_riemann_recentered,4.25,3.25,4.25,10,66,-1,1,0
P2,pre,filterbank_riemann_recentered,4.25,3.25,4.25,10,67,1,1,1
P2,pre,filterbank_riemann_recentered,4.25,3.25,4.25,10,68,1,1,1
P2,pre,filterbank_riemann_recentered,4.25,3.25,4.25,10,69,1,1,1
P2,pre,filterbank_riemann_recentered,4.25,3.25,4.25,10,70,-1,1,0
P2,pre,filterbank_riemann_recentered,4.25,3.25,4.25,10,71,1,1,1
P2,pre,filterbank_riemann_recentered,4.25,3.25,4.25,10,72,-1,1,0
P2,pre,filterbank_riemann_recentered,4.25,3.25,4.25,10,73,-1,1,0
P2,pre,filterbank_riemann_recentered,4.25,3.25,4.25,10,74,-1,1,0
P2,pre,filterbank_riemann_recentered,4.25,3.25,4.25,10,75,-1,1,0
P2,pre,filterbank_riemann_recentered,4.25,3.25,4.25,10,76,1,1,1
P2,pre,filterbank_riemann_recentered,4.25,3.25,4.25,10,77,-1,1,0
P2,pre,filterbank_riemann_recentered,4.25,3.25,4.25,10,78,-1,1,0
P2,pre,filterbank_riemann_recentered,4.25,3.25,4.25,10,79,1,1,1
P2,pre,filterbank_riemann_recentered,4.25,3.25,4.25,10,80,1,1,1
P2,pre,filterbank_riemann_recentered,4.25,3.25,4.25,20,61,-1,1,0
P2,pre,filterbank_riemann_recentered,4.25,3.25,4.25,20,62,-1,1,0
P2,pre,filterbank_riemann_recentered,4.25,3.25,4.25,20,63,1,1,1
P2,pre,filterbank_riemann_recentered,4.25,3.25,4.25,20,64,-1,1,0
P2,pre,filterbank_riemann_recentered,4.25,3.25,4.25,20,65,1,1,1
P2,pre,filterbank_riemann_recentered,4.25,3.25,4.25,20,66,-1,1,0
P2,pre,filterbank_riemann_recentered,4.25,3.25,4.25,20,67,1,1,1
P2,pre,filterbank_riemann_recentered,4.25,3.25,4.25,20,68,1,1,1
P2,pre,filterbank_riemann_recentered,4.25,3.25,4.25,20,69,1,1,1
P2,pre,filterbank_riemann_recentered,4.25,3.25,4.25,20,70,-1,1,0
P2,pre,filterbank_riemann_recentered,4.25,3.25,4.25,20,71,1,1,1
P2,pre,filterbank_riemann_recentered,4.25,3.25,4.25,20,72,-1,1,0
P2,pre,filterbank_riemann_recentered,4.25,3.25,4.25,20,73,-1,1,0
P2,pre,filterbank_riemann_recentered,4.25,3.25,4.25,20,74,-1,1,0
P2,pre,filterbank_riemann_recentered,4.25,3.25,4.25,20,75,-1,1,0
P2,pre,filterbank_riemann_recentered,4.25,3.25,4.25,20,76,1,1,1
P2,pre,filterbank_riemann_recentered,4.25,3.25,4.25,20,77,-1,1,0
P2,pre,filterbank_riemann_recentered,4.25,3.25,4.25,20,78,-1,1,0
P2,pre,filterbank_riemann_recentered,4.25,3.25,4.25,20,79,1,1,1
P2,pre,filterbank_riemann_recentered,4.25,3.25,4.25,20,80,1,1,1
P2,pre,filterbank_riemann_recentered,4.25,3.25,4.25,40,61,-1,-1,1
P2,pre,filterbank_riemann_recentered,4.25,3.25,4.25,40,62,-1,-1,1
P2,pre,filterbank_riemann_recentered,4.25,3.25,4.25,40,63,1,-1,0
P2,pre,filterbank_riemann_recentered,4.25,3.25,4.25,40,64,-1,-1,1
P2,pre,filterbank_riemann_recentered,4.25,3.25,4.25,40,65,1,1,1
P2,pre,filterbank_riemann_recentered,4.25,3.25,4.25,40,66,-1,-1,1
P2,pre,filterbank_riemann_recentered,4.25,3.25,4.25,40,67,1,-1,0
P2,pre,filterbank_riemann_recentered,4.25,3.25,4.25,40,68,1,-1,0
P2,pre,filterbank_riemann_recentered,4.25,3.25,4.25,40,69,1,1,1
P2,pre,filterbank_riemann_recentered,4.25,3.25,4.25,40,70,-1,-1,1
P2,pre,filterbank_riemann_recentered,4.25,3.25,4.25,40,71,1,1,1
P2,pre,filterbank_riemann_recentered,4.25,3.25,4.25,40,72,-1,-1,1
P2,pre,filterbank_riemann_recentered,4.25,3.25,4.25,40,73,-1,-1,1
P2,pre,filterbank_riemann_recentered,4.25,3.25,4.25,40,74,-1,-1,1
P2,pre,filterbank_riemann_recentered,4.25,3.25,4.25,40,75,-1,-1,1
P2,pre,filterbank_riemann_recentered,4.25,3.25,4.25,40,76,1,1,1
P2,pre,filterbank_riemann_recentered,4.25,3.25,4.25,40,77,-1,-1,1
P2,pre,filterbank_riemann_recentered,4.25,3.25,4.25,40,78,-1,-1,1
P2,pre,filterbank_riemann_recentered,4.25,3.25,4.25,40,79,1,1,1
P2,pre,filterbank_riemann_recentered,4.25,3.25,4.25,40,80,1,-1,0
P2,pre,filterbank_riemann_recentered,4.25,3.25,4.25,60,61,-1,-1,1
P2,pre,filterbank_riemann_recentered,4.25,3.25,4.25,60,62,-1,-1,1
P2,pre,filterbank_riemann_recentered,4.25,3.25,4.25,60,63,1,1,1
P2,pre,filterbank_riemann_recentered,4.25,3.25,4.25,60,64,-1,1,0
P2,pre,filterbank_riemann_recentered,4.25,3.25,4.25,60,65,1,1,1
P2,pre,filterbank_riemann_recentered,4.25,3.25,4.25,60,66,-1,-1,1
P2,pre,filterbank_riemann_recentered,4.25,3.25,4.25,60,67,1,1,1
P2,pre,filterbank_riemann_recentered,4.25,3.25,4.25,60,68,1,1,1
P2,pre,filterbank_riemann_recentered,4.25,3.25,4.25,60,69,1,1,1
P2,pre,filterbank_riemann_recentered,4.25,3.25,4.25,60,70,-1,1,0
P2,pre,filterbank_riemann_recentered,4.25,3.25,4.25,60,71,1,1,1
P2,pre,filterbank_riemann_recentered,4.25,3.25,4.25,60,72,-1,-1,1
P2,pre,filterbank_riemann_recentered,4.25,3.25,4.25,60,73,-1,-1,1
P2,pre,filterbank_riemann_recentered,4.25,3.25,4.25,60,74,-1,1,0
P2,pre,filterbank_riemann_recentered,4.25,3.25,4.25,60,75,-1,-1,1
P2,pre,filterbank_riemann_recentered,4.25,3.25,4.25,60,76,1,1,1
P2,pre,filterbank_riemann_recentered,4.25,3.25,4.25,60,77,-1,-1,1
P2,pre,filterbank_riemann_recentered,4.25,3.25,4.25,60,78,-1,-1,1
P2,pre,filterbank_riemann_recentered,4.25,3.25,4.25,60,79,1,1,1
P2,pre,filterbank_riemann_recentered,4.25,3.25,4.25,60,80,1,-1,0
P2,pre,filterbank_csp_shrinkage_lda,6.5,5.5,6.5,10,61,-1,1,0
P2,pre,filterbank_csp_shrinkage_lda,6.5,5.5,6.5,10,62,-1,1,0
P2,pre,filterbank_csp_shrinkage_lda,6.5,5.5,6.5,10,63,1,1,1
P2,pre,filterbank_csp_shrinkage_lda,6.5,5.5,6.5,10,64,-1,1,0
P2,pre,filterbank_csp_shrinkage_lda,6.5,5.5,6.5,10,65,1,1,1
P2,pre,filterbank_csp_shrinkage_lda,6.5,5.5,6.5,10,66,-1,1,0
P2,pre,filterbank_csp_shrinkage_lda,6.5,5.5,6.5,10,67,1,1,1
P2,pre,filterbank_csp_shrinkage_lda,6.5,5.5,6.5,10,68,1,1,1
P2,pre,filterbank_csp_shrinkage_lda,6.5,5.5,6.5,10,69,1,1,1
P2,pre,filterbank_csp_shrinkage_lda,6.5,5.5,6.5,10,70,-1,1,0
P2,pre,filterbank_csp_shrinkage_lda,6.5,5.5,6.5,10,71,1,1,1
P2,pre,filterbank_csp_shrinkage_lda,6.5,5.5,6.5,10,72,-1,1,0
P2,pre,filterbank_csp_shrinkage_lda,6.5,5.5,6.5,10,73,-1,1,0
P2,pre,filterbank_csp_shrinkage_lda,6.5,5.5,6.5,10,74,-1,1,0
P2,pre,filterbank_csp_shrinkage_lda,6.5,5.5,6.5,10,75,-1,1,0
P2,pre,filterbank_csp_shrinkage_lda,6.5,5.5,6.5,10,76,1,1,1
P2,pre,filterbank_csp_shrinkage_lda,6.5,5.5,6.5,10,77,-1,1,0
P2,pre,filterbank_csp_shrinkage_lda,6.5,5.5,6.5,10,78,-1,1,0
P2,pre,filterbank_csp_shrinkage_lda,6.5,5.5,6.5,10,79,1,1,1
P2,pre,filterbank_csp_shrinkage_lda,6.5,5.5,6.5,10,80,1,1,1
P2,pre,filterbank_csp_shrinkage_lda,6.5,5.5,6.5,20,61,-1,1,0
P2,pre,filterbank_csp_shrinkage_lda,6.5,5.5,6.5,20,62,-1,1,0
P2,pre,filterbank_csp_shrinkage_lda,6.5,5.5,6.5,20,63,1,1,1
P2,pre,filterbank_csp_shrinkage_lda,6.5,5.5,6.5,20,64,-1,1,0
P2,pre,filterbank_csp_shrinkage_lda,6.5,5.5,6.5,20,65,1,1,1
P2,pre,filterbank_csp_shrinkage_lda,6.5,5.5,6.5,20,66,-1,1,0
P2,pre,filterbank_csp_shrinkage_lda,6.5,5.5,6.5,20,67,1,1,1
P2,pre,filterbank_csp_shrinkage_lda,6.5,5.5,6.5,20,68,1,1,1
P2,pre,filterbank_csp_shrinkage_lda,6.5,5.5,6.5,20,69,1,1,1
P2,pre,filterbank_csp_shrinkage_lda,6.5,5.5,6.5,20,70,-1,1,0
P2,pre,filterbank_csp_shrinkage_lda,6.5,5.5,6.5,20,71,1,1,1
P2,pre,filterbank_csp_shrinkage_lda,6.5,5.5,6.5,20,72,-1,-1,1
P2,pre,filterbank_csp_shrinkage_lda,6.5,5.5,6.5,20,73,-1,1,0
P2,pre,filterbank_csp_shrinkage_lda,6.5,5.5,6.5,20,74,-1,-1,1
P2,pre,filterbank_csp_shrinkage_lda,6.5,5.5,6.5,20,75,-1,1,0
P2,pre,filterbank_csp_shrinkage_lda,6.5,5.5,6.5,20,76,1,1,1
P2,pre,filterbank_csp_shrinkage_lda,6.5,5.5,6.5,20,77,-1,1,0
P2,pre,filterbank_csp_shrinkage_lda,6.5,5.5,6.5,20,78,-1,1,0
P2,pre,filterbank_csp_shrinkage_lda,6.5,5.5,6.5,20,79,1,1,1
P2,pre,filterbank_csp_shrinkage_lda,6.5,5.5,6.5,20,80,1,1,1
P2,pre,filterbank_csp_shrinkage_lda,6.5,5.5,6.5,40,61,-1,1,0
P2,pre,filterbank_csp_shrinkage_lda,6.5,5.5,6.5,40,62,-1,1,0
P2,pre,filterbank_csp_shrinkage_lda,6.5,5.5,6.5,40,63,1,1,1
P2,pre,filterbank_csp_shrinkage_lda,6.5,5.5,6.5,40,64,-1,-1,1
P2,pre,filterbank_csp_shrinkage_lda,6.5,5.5,6.5,40,65,1,1,1
P2,pre,filterbank_csp_shrinkage_lda,6.5,5.5,6.5,40,66,-1,1,0
P2,pre,filterbank_csp_shrinkage_lda,6.5,5.5,6.5,40,67,1,1,1
P2,pre,filterbank_csp_shrinkage_lda,6.5,5.5,6.5,40,68,1,-1,0
P2,pre,filterbank_csp_shrinkage_lda,6.5,5.5,6.5,40,69,1,-1,0
P2,pre,filterbank_csp_shrinkage_lda,6.5,5.5,6.5,40,70,-1,-1,1
P2,pre,filterbank_csp_shrinkage_lda,6.5,5.5,6.5,40,71,1,-1,0
P2,pre,filterbank_csp_shrinkage_lda,6.5,5.5,6.5,40,72,-1,-1,1
P2,pre,filterbank_csp_shrinkage_lda,6.5,5.5,6.5,40,73,-1,-1,1
P2,pre,filterbank_csp_shrinkage_lda,6.5,5.5,6.5,40,74,-1,-1,1
P2,pre,filterbank_csp_shrinkage_lda,6.5,5.5,6.5,40,75,-1,-1,1
P2,pre,filterbank_csp_shrinkage_lda,6.5,5.5,6.5,40,76,1,1,1
P2,pre,filterbank_csp_shrinkage_lda,6.5,5.5,6.5,40,77,-1,-1,1
P2,pre,filterbank_csp_shrinkage_lda,6.5,5.5,6.5,40,78,-1,-1,1
P2,pre,filterbank_csp_shrinkage_lda,6.5,5.5,6.5,40,79,1,1,1
P2,pre,filterbank_csp_shrinkage_lda,6.5,5.5,6.5,40,80,1,-1,0
P2,pre,filterbank_csp_shrinkage_lda,6.5,5.5,6.5,60,61,-1,-1,1
P2,pre,filterbank_csp_shrinkage_lda,6.5,5.5,6.5,60,62,-1,1,0
P2,pre,filterbank_csp_shrinkage_lda,6.5,5.5,6.5,60,63,1,-1,0
P2,pre,filterbank_csp_shrinkage_lda,6.5,5.5,6.5,60,64,-1,-1,1
P2,pre,filterbank_csp_shrinkage_lda,6.5,5.5,6.5,60,65,1,1,1
P2,pre,filterbank_csp_shrinkage_lda,6.5,5.5,6.5,60,66,-1,1,0
P2,pre,filterbank_csp_shrinkage_lda,6.5,5.5,6.5,60,67,1,1,1
P2,pre,filterbank_csp_shrinkage_lda,6.5,5.5,6.5,60,68,1,1,1
P2,pre,filterbank_csp_shrinkage_lda,6.5,5.5,6.5,60,69,1,1,1
P2,pre,filterbank_csp_shrinkage_lda,6.5,5.5,6.5,60,70,-1,-1,1
P2,pre,filterbank_csp_shrinkage_lda,6.5,5.5,6.5,60,71,1,-1,0
P2,pre,filterbank_csp_shrinkage_lda,6.5,5.5,6.5,60,72,-1,-1,1
P2,pre,filterbank_csp_shrinkage_lda,6.5,5.5,6.5,60,73,-1,-1,1
P2,pre,filterbank_csp_shrinkage_lda,6.5,5.5,6.5,60,74,-1,-1,1
P2,pre,filterbank_csp_shrinkage_lda,6.5,5.5,6.5,60,75,-1,-1,1
P2,pre,filterbank_csp_shrinkage_lda,6.5,5.5,6.5,60,76,1,1,1
P2,pre,filterbank_csp_shrinkage_lda,6.5,5.5,6.5,60,77,-1,-1,1
P2,pre,filterbank_csp_shrinkage_lda,6.5,5.5,6.5,60,78,-1,-1,1
P2,pre,filterbank_csp_shrinkage_lda,6.5,5.5,6.5,60,79,1,-1,0
P2,pre,filterbank_csp_shrinkage_lda,6.5,5.5,6.5,60,80,1,1,1
P2,pre,filterbank_riemann_recentered,6.5,5.5,6.5,10,61,-1,1,0
P2,pre,filterbank_riemann_recentered,6.5,5.5,6.5,10,62,-1,1,0
P2,pre,filterbank_riemann_recentered,6.5,5.5,6.5,10,63,1,1,1
P2,pre,filterbank_riemann_recentered,6.5,5.5,6.5,10,64,-1,1,0
P2,pre,filterbank_riemann_recentered,6.5,5.5,6.5,10,65,1,1,1
P2,pre,filterbank_riemann_recentered,6.5,5.5,6.5,10,66,-1,1,0
P2,pre,filterbank_riemann_recentered,6.5,5.5,6.5,10,67,1,1,1
P2,pre,filterbank_riemann_recentered,6.5,5.5,6.5,10,68,1,1,1
P2,pre,filterbank_riemann_recentered,6.5,5.5,6.5,10,69,1,1,1
P2,pre,filterbank_riemann_recentered,6.5,5.5,6.5,10,70,-1,1,0
P2,pre,filterbank_riemann_recentered,6.5,5.5,6.5,10,71,1,1,1
P2,pre,filterbank_riemann_recentered,6.5,5.5,6.5,10,72,-1,1,0
P2,pre,filterbank_riemann_recentered,6.5,5.5,6.5,10,73,-1,1,0
P2,pre,filterbank_riemann_recentered,6.5,5.5,6.5,10,74,-1,1,0
P2,pre,filterbank_riemann_recentered,6.5,5.5,6.5,10,75,-1,1,0
P2,pre,filterbank_riemann_recentered,6.5,5.5,6.5,10,76,1,1,1
P2,pre,filterbank_riemann_recentered,6.5,5.5,6.5,10,77,-1,1,0
P2,pre,filterbank_riemann_recentered,6.5,5.5,6.5,10,78,-1,1,0
P2,pre,filterbank_riemann_recentered,6.5,5.5,6.5,10,79,1,1,1
P2,pre,filterbank_riemann_recentered,6.5,5.5,6.5,10,80,1,1,1
P2,pre,filterbank_riemann_recentered,6.5,5.5,6.5,20,61,-1,1,0
P2,pre,filterbank_riemann_recentered,6.5,5.5,6.5,20,62,-1,1,0
P2,pre,filterbank_riemann_recentered,6.5,5.5,6.5,20,63,1,1,1
P2,pre,filterbank_riemann_recentered,6.5,5.5,6.5,20,64,-1,1,0
P2,pre,filterbank_riemann_recentered,6.5,5.5,6.5,20,65,1,1,1
P2,pre,filterbank_riemann_recentered,6.5,5.5,6.5,20,66,-1,1,0
P2,pre,filterbank_riemann_recentered,6.5,5.5,6.5,20,67,1,1,1
P2,pre,filterbank_riemann_recentered,6.5,5.5,6.5,20,68,1,1,1
P2,pre,filterbank_riemann_recentered,6.5,5.5,6.5,20,69,1,1,1
P2,pre,filterbank_riemann_recentered,6.5,5.5,6.5,20,70,-1,1,0
P2,pre,filterbank_riemann_recentered,6.5,5.5,6.5,20,71,1,1,1
P2,pre,filterbank_riemann_recentered,6.5,5.5,6.5,20,72,-1,1,0
P2,pre,filterbank_riemann_recentered,6.5,5.5,6.5,20,73,-1,1,0
P2,pre,filterbank_riemann_recentered,6.5,5.5,6.5,20,74,-1,1,0
P2,pre,filterbank_riemann_recentered,6.5,5.5,6.5,20,75,-1,1,0
P2,pre,filterbank_riemann_recentered,6.5,5.5,6.5,20,76,1,1,1
P2,pre,filterbank_riemann_recentered,6.5,5.5,6.5,20,77,-1,1,0
P2,pre,filterbank_riemann_recentered,6.5,5.5,6.5,20,78,-1,1,0
P2,pre,filterbank_riemann_recentered,6.5,5.5,6.5,20,79,1,1,1
P2,pre,filterbank_riemann_recentered,6.5,5.5,6.5,20,80,1,1,1
P2,pre,filterbank_riemann_recentered,6.5,5.5,6.5,40,61,-1,-1,1
P2,pre,filterbank_riemann_recentered,6.5,5.5,6.5,40,62,-1,-1,1
P2,pre,filterbank_riemann_recentered,6.5,5.5,6.5,40,63,1,-1,0
P2,pre,filterbank_riemann_recentered,6.5,5.5,6.5,40,64,-1,-1,1
P2,pre,filterbank_riemann_recentered,6.5,5.5,6.5,40,65,1,1,1
P2,pre,filterbank_riemann_recentered,6.5,5.5,6.5,40,66,-1,-1,1
P2,pre,filterbank_riemann_recentered,6.5,5.5,6.5,40,67,1,1,1
P2,pre,filterbank_riemann_recentered,6.5,5.5,6.5,40,68,1,-1,0
P2,pre,filterbank_riemann_recentered,6.5,5.5,6.5,40,69,1,-1,0
P2,pre,filterbank_riemann_recentered,6.5,5.5,6.5,40,70,-1,-1,1
P2,pre,filterbank_riemann_recentered,6.5,5.5,6.5,40,71,1,-1,0
P2,pre,filterbank_riemann_recentered,6.5,5.5,6.5,40,72,-1,-1,1
P2,pre,filterbank_riemann_recentered,6.5,5.5,6.5,40,73,-1,-1,1
P2,pre,filterbank_riemann_recentered,6.5,5.5,6.5,40,74,-1,-1,1
P2,pre,filterbank_riemann_recentered,6.5,5.5,6.5,40,75,-1,-1,1
P2,pre,filterbank_riemann_recentered,6.5,5.5,6.5,40,76,1,1,1
P2,pre,filterbank_riemann_recentered,6.5,5.5,6.5,40,77,-1,-1,1
P2,pre,filterbank_riemann_recentered,6.5,5.5,6.5,40,78,-1,1,0
P2,pre,filterbank_riemann_recentered,6.5,5.5,6.5,40,79,1,-1,0
P2,pre,filterbank_riemann_recentered,6.5,5.5,6.5,40,80,1,1,1
P2,pre,filterbank_riemann_recentered,6.5,5.5,6.5,60,61,-1,-1,1
P2,pre,filterbank_riemann_recentered,6.5,5.5,6.5,60,62,-1,1,0
P2,pre,filterbank_riemann_recentered,6.5,5.5,6.5,60,63,1,1,1
P2,pre,filterbank_riemann_recentered,6.5,5.5,6.5,60,64,-1,-1,1
P2,pre,filterbank_riemann_recentered,6.5,5.5,6.5,60,65,1,1,1
P2,pre,filterbank_riemann_recentered,6.5,5.5,6.5,60,66,-1,1,0
P2,pre,filterbank_riemann_recentered,6.5,5.5,6.5,60,67,1,1,1
P2,pre,filterbank_riemann_recentered,6.5,5.5,6.5,60,68,1,1,1
P2,pre,filterbank_riemann_recentered,6.5,5.5,6.5,60,69,1,1,1
P2,pre,filterbank_riemann_recentered,6.5,5.5,6.5,60,70,-1,-1,1
P2,pre,filterbank_riemann_recentered,6.5,5.5,6.5,60,71,1,1,1
P2,pre,filterbank_riemann_recentered,6.5,5.5,6.5,60,72,-1,-1,1
P2,pre,filterbank_riemann_recentered,6.5,5.5,6.5,60,73,-1,-1,1
P2,pre,filterbank_riemann_recentered,6.5,5.5,6.5,60,74,-1,-1,1
P2,pre,filterbank_riemann_recentered,6.5,5.5,6.5,60,75,-1,-1,1
P2,pre,filterbank_riemann_recentered,6.5,5.5,6.5,60,76,1,1,1
P2,pre,filterbank_riemann_recentered,6.5,5.5,6.5,60,77,-1,-1,1
P2,pre,filterbank_riemann_recentered,6.5,5.5,6.5,60,78,-1,-1,1
P2,pre,filterbank_riemann_recentered,6.5,5.5,6.5,60,79,1,-1,0
P2,pre,filterbank_riemann_recentered,6.5,5.5,6.5,60,80,1,1,1
P2,post,filterbank_csp_shrinkage_lda,2.0,1.0,2.0,10,61,-1,-1,1
P2,post,filterbank_csp_shrinkage_lda,2.0,1.0,2.0,10,62,1,1,1
P2,post,filterbank_csp_shrinkage_lda,2.0,1.0,2.0,10,63,1,-1,0
P2,post,filterbank_csp_shrinkage_lda,2.0,1.0,2.0,10,64,-1,-1,1
P2,post,filterbank_csp_shrinkage_lda,2.0,1.0,2.0,10,65,1,-1,0
P2,post,filterbank_csp_shrinkage_lda,2.0,1.0,2.0,10,66,-1,-1,1
P2,post,filterbank_csp_shrinkage_lda,2.0,1.0,2.0,10,67,-1,-1,1
P2,post,filterbank_csp_shrinkage_lda,2.0,1.0,2.0,10,68,-1,-1,1
P2,post,filterbank_csp_shrinkage_lda,2.0,1.0,2.0,10,69,1,-1,0
P2,post,filterbank_csp_shrinkage_lda,2.0,1.0,2.0,10,70,1,-1,0
P2,post,filterbank_csp_shrinkage_lda,2.0,1.0,2.0,10,71,1,-1,0
P2,post,filterbank_csp_shrinkage_lda,2.0,1.0,2.0,10,72,-1,-1,1
P2,post,filterbank_csp_shrinkage_lda,2.0,1.0,2.0,10,73,1,-1,0
P2,post,filterbank_csp_shrinkage_lda,2.0,1.0,2.0,10,74,1,-1,0
P2,post,filterbank_csp_shrinkage_lda,2.0,1.0,2.0,10,75,1,-1,0
P2,post,filterbank_csp_shrinkage_lda,2.0,1.0,2.0,10,76,1,-1,0
P2,post,filterbank_csp_shrinkage_lda,2.0,1.0,2.0,10,77,1,-1,0
P2,post,filterbank_csp_shrinkage_lda,2.0,1.0,2.0,10,78,-1,-1,1
P2,post,filterbank_csp_shrinkage_lda,2.0,1.0,2.0,10,79,1,-1,0
P2,post,filterbank_csp_shrinkage_lda,2.0,1.0,2.0,10,80,-1,1,0
P2,post,filterbank_csp_shrinkage_lda,2.0,1.0,2.0,20,61,-1,-1,1
P2,post,filterbank_csp_shrinkage_lda,2.0,1.0,2.0,20,62,1,1,1
P2,post,filterbank_csp_shrinkage_lda,2.0,1.0,2.0,20,63,1,-1,0
P2,post,filterbank_csp_shrinkage_lda,2.0,1.0,2.0,20,64,-1,-1,1
P2,post,filterbank_csp_shrinkage_lda,2.0,1.0,2.0,20,65,1,1,1
P2,post,filterbank_csp_shrinkage_lda,2.0,1.0,2.0,20,66,-1,-1,1
P2,post,filterbank_csp_shrinkage_lda,2.0,1.0,2.0,20,67,-1,-1,1
P2,post,filterbank_csp_shrinkage_lda,2.0,1.0,2.0,20,68,-1,-1,1
P2,post,filterbank_csp_shrinkage_lda,2.0,1.0,2.0,20,69,1,1,1
P2,post,filterbank_csp_shrinkage_lda,2.0,1.0,2.0,20,70,1,1,1
P2,post,filterbank_csp_shrinkage_lda,2.0,1.0,2.0,20,71,1,-1,0
P2,post,filterbank_csp_shrinkage_lda,2.0,1.0,2.0,20,72,-1,-1,1
P2,post,filterbank_csp_shrinkage_lda,2.0,1.0,2.0,20,73,1,1,1
P2,post,filterbank_csp_shrinkage_lda,2.0,1.0,2.0,20,74,1,-1,0
P2,post,filterbank_csp_shrinkage_lda,2.0,1.0,2.0,20,75,1,1,1
P2,post,filterbank_csp_shrinkage_lda,2.0,1.0,2.0,20,76,1,-1,0
P2,post,filterbank_csp_shrinkage_lda,2.0,1.0,2.0,20,77,1,1,1
P2,post,filterbank_csp_shrinkage_lda,2.0,1.0,2.0,20,78,-1,-1,1
P2,post,filterbank_csp_shrinkage_lda,2.0,1.0,2.0,20,79,1,1,1
P2,post,filterbank_csp_shrinkage_lda,2.0,1.0,2.0,20,80,-1,-1,1
P2,post,filterbank_csp_shrinkage_lda,2.0,1.0,2.0,40,61,-1,1,0
P2,post,filterbank_csp_shrinkage_lda,2.0,1.0,2.0,40,62,1,1,1
P2,post,filterbank_csp_shrinkage_lda,2.0,1.0,2.0,40,63,1,1,1
P2,post,filterbank_csp_shrinkage_lda,2.0,1.0,2.0,40,64,-1,1,0
P2,post,filterbank_csp_shrinkage_lda,2.0,1.0,2.0,40,65,1,1,1
P2,post,filterbank_csp_shrinkage_lda,2.0,1.0,2.0,40,66,-1,-1,1
P2,post,filterbank_csp_shrinkage_lda,2.0,1.0,2.0,40,67,-1,-1,1
P2,post,filterbank_csp_shrinkage_lda,2.0,1.0,2.0,40,68,-1,-1,1
P2,post,filterbank_csp_shrinkage_lda,2.0,1.0,2.0,40,69,1,1,1
P2,post,filterbank_csp_shrinkage_lda,2.0,1.0,2.0,40,70,1,1,1
P2,post,filterbank_csp_shrinkage_lda,2.0,1.0,2.0,40,71,1,-1,0
P2,post,filterbank_csp_shrinkage_lda,2.0,1.0,2.0,40,72,-1,-1,1
P2,post,filterbank_csp_shrinkage_lda,2.0,1.0,2.0,40,73,1,1,1
P2,post,filterbank_csp_shrinkage_lda,2.0,1.0,2.0,40,74,1,-1,0
P2,post,filterbank_csp_shrinkage_lda,2.0,1.0,2.0,40,75,1,1,1
P2,post,filterbank_csp_shrinkage_lda,2.0,1.0,2.0,40,76,1,-1,0
P2,post,filterbank_csp_shrinkage_lda,2.0,1.0,2.0,40,77,1,-1,0
P2,post,filterbank_csp_shrinkage_lda,2.0,1.0,2.0,40,78,-1,1,0
P2,post,filterbank_csp_shrinkage_lda,2.0,1.0,2.0,40,79,1,1,1
P2,post,filterbank_csp_shrinkage_lda,2.0,1.0,2.0,40,80,-1,1,0
P2,post,filterbank_csp_shrinkage_lda,2.0,1.0,2.0,60,61,-1,-1,1
P2,post,filterbank_csp_shrinkage_lda,2.0,1.0,2.0,60,62,1,1,1
P2,post,filterbank_csp_shrinkage_lda,2.0,1.0,2.0,60,63,1,-1,0
P2,post,filterbank_csp_shrinkage_lda,2.0,1.0,2.0,60,64,-1,-1,1
P2,post,filterbank_csp_shrinkage_lda,2.0,1.0,2.0,60,65,1,-1,0
P2,post,filterbank_csp_shrinkage_lda,2.0,1.0,2.0,60,66,-1,-1,1
P2,post,filterbank_csp_shrinkage_lda,2.0,1.0,2.0,60,67,-1,-1,1
P2,post,filterbank_csp_shrinkage_lda,2.0,1.0,2.0,60,68,-1,1,0
P2,post,filterbank_csp_shrinkage_lda,2.0,1.0,2.0,60,69,1,1,1
P2,post,filterbank_csp_shrinkage_lda,2.0,1.0,2.0,60,70,1,-1,0
P2,post,filterbank_csp_shrinkage_lda,2.0,1.0,2.0,60,71,1,-1,0
P2,post,filterbank_csp_shrinkage_lda,2.0,1.0,2.0,60,72,-1,-1,1
P2,post,filterbank_csp_shrinkage_lda,2.0,1.0,2.0,60,73,1,-1,0
P2,post,filterbank_csp_shrinkage_lda,2.0,1.0,2.0,60,74,1,-1,0
P2,post,filterbank_csp_shrinkage_lda,2.0,1.0,2.0,60,75,1,-1,0
P2,post,filterbank_csp_shrinkage_lda,2.0,1.0,2.0,60,76,1,-1,0
P2,post,filterbank_csp_shrinkage_lda,2.0,1.0,2.0,60,77,1,-1,0
P2,post,filterbank_csp_shrinkage_lda,2.0,1.0,2.0,60,78,-1,-1,1
P2,post,filterbank_csp_shrinkage_lda,2.0,1.0,2.0,60,79,1,1,1
P2,post,filterbank_csp_shrinkage_lda,2.0,1.0,2.0,60,80,-1,-1,1
P2,post,filterbank_riemann_recentered,2.0,1.0,2.0,10,61,-1,-1,1
P2,post,filterbank_riemann_recentered,2.0,1.0,2.0,10,62,1,-1,0
P2,post,filterbank_riemann_recentered,2.0,1.0,2.0,10,63,1,-1,0
P2,post,filterbank_riemann_recentered,2.0,1.0,2.0,10,64,-1,-1,1
P2,post,filterbank_riemann_recentered,2.0,1.0,2.0,10,65,1,-1,0
P2,post,filterbank_riemann_recentered,2.0,1.0,2.0,10,66,-1,-1,1
P2,post,filterbank_riemann_recentered,2.0,1.0,2.0,10,67,-1,-1,1
P2,post,filterbank_riemann_recentered,2.0,1.0,2.0,10,68,-1,-1,1
P2,post,filterbank_riemann_recentered,2.0,1.0,2.0,10,69,1,-1,0
P2,post,filterbank_riemann_recentered,2.0,1.0,2.0,10,70,1,-1,0
P2,post,filterbank_riemann_recentered,2.0,1.0,2.0,10,71,1,-1,0
P2,post,filterbank_riemann_recentered,2.0,1.0,2.0,10,72,-1,-1,1
P2,post,filterbank_riemann_recentered,2.0,1.0,2.0,10,73,1,-1,0
P2,post,filterbank_riemann_recentered,2.0,1.0,2.0,10,74,1,-1,0
P2,post,filterbank_riemann_recentered,2.0,1.0,2.0,10,75,1,-1,0
P2,post,filterbank_riemann_recentered,2.0,1.0,2.0,10,76,1,-1,0
P2,post,filterbank_riemann_recentered,2.0,1.0,2.0,10,77,1,-1,0
P2,post,filterbank_riemann_recentered,2.0,1.0,2.0,10,78,-1,-1,1
P2,post,filterbank_riemann_recentered,2.0,1.0,2.0,10,79,1,-1,0
P2,post,filterbank_riemann_recentered,2.0,1.0,2.0,10,80,-1,-1,1
P2,post,filterbank_riemann_recentered,2.0,1.0,2.0,20,61,-1,1,0
P2,post,filterbank_riemann_recentered,2.0,1.0,2.0,20,62,1,1,1
P2,post,filterbank_riemann_recentered,2.0,1.0,2.0,20,63,1,1,1
P2,post,filterbank_riemann_recentered,2.0,1.0,2.0,20,64,-1,-1,1
P2,post,filterbank_riemann_recentered,2.0,1.0,2.0,20,65,1,1,1
P2,post,filterbank_riemann_recentered,2.0,1.0,2.0,20,66,-1,-1,1
P2,post,filterbank_riemann_recentered,2.0,1.0,2.0,20,67,-1,1,0
P2,post,filterbank_riemann_recentered,2.0,1.0,2.0,20,68,-1,1,0
P2,post,filterbank_riemann_recentered,2.0,1.0,2.0,20,69,1,1,1
P2,post,filterbank_riemann_recentered,2.0,1.0,2.0,20,70,1,1,1
P2,post,filterbank_riemann_recentered,2.0,1.0,2.0,20,71,1,1,1
P2,post,filterbank_riemann_recentered,2.0,1.0,2.0,20,72,-1,-1,1
P2,post,filterbank_riemann_recentered,2.0,1.0,2.0,20,73,1,1,1
P2,post,filterbank_riemann_recentered,2.0,1.0,2.0,20,74,1,1,1
P2,post,filterbank_riemann_recentered,2.0,1.0,2.0,20,75,1,1,1
P2,post,filterbank_riemann_recentered,2.0,1.0,2.0,20,76,1,-1,0
P2,post,filterbank_riemann_recentered,2.0,1.0,2.0,20,77,1,-1,0
P2,post,filterbank_riemann_recentered,2.0,1.0,2.0,20,78,-1,1,0
P2,post,filterbank_riemann_recentered,2.0,1.0,2.0,20,79,1,1,1
P2,post,filterbank_riemann_recentered,2.0,1.0,2.0,20,80,-1,1,0
P2,post,filterbank_riemann_recentered,2.0,1.0,2.0,40,61,-1,1,0
P2,post,filterbank_riemann_recentered,2.0,1.0,2.0,40,62,1,1,1
P2,post,filterbank_riemann_recentered,2.0,1.0,2.0,40,63,1,1,1
P2,post,filterbank_riemann_recentered,2.0,1.0,2.0,40,64,-1,-1,1
P2,post,filterbank_riemann_recentered,2.0,1.0,2.0,40,65,1,1,1
P2,post,filterbank_riemann_recentered,2.0,1.0,2.0,40,66,-1,-1,1
P2,post,filterbank_riemann_recentered,2.0,1.0,2.0,40,67,-1,-1,1
P2,post,filterbank_riemann_recentered,2.0,1.0,2.0,40,68,-1,-1,1
P2,post,filterbank_riemann_recentered,2.0,1.0,2.0,40,69,1,1,1
P2,post,filterbank_riemann_recentered,2.0,1.0,2.0,40,70,1,1,1
P2,post,filterbank_riemann_recentered,2.0,1.0,2.0,40,71,1,-1,0
P2,post,filterbank_riemann_recentered,2.0,1.0,2.0,40,72,-1,1,0
P2,post,filterbank_riemann_recentered,2.0,1.0,2.0,40,73,1,-1,0
P2,post,filterbank_riemann_recentered,2.0,1.0,2.0,40,74,1,1,1
P2,post,filterbank_riemann_recentered,2.0,1.0,2.0,40,75,1,1,1
P2,post,filterbank_riemann_recentered,2.0,1.0,2.0,40,76,1,-1,0
P2,post,filterbank_riemann_recentered,2.0,1.0,2.0,40,77,1,-1,0
P2,post,filterbank_riemann_recentered,2.0,1.0,2.0,40,78,-1,1,0
P2,post,filterbank_riemann_recentered,2.0,1.0,2.0,40,79,1,1,1
P2,post,filterbank_riemann_recentered,2.0,1.0,2.0,40,80,-1,1,0
P2,post,filterbank_riemann_recentered,2.0,1.0,2.0,60,61,-1,-1,1
P2,post,filterbank_riemann_recentered,2.0,1.0,2.0,60,62,1,-1,0
P2,post,filterbank_riemann_recentered,2.0,1.0,2.0,60,63,1,-1,0
P2,post,filterbank_riemann_recentered,2.0,1.0,2.0,60,64,-1,-1,1
P2,post,filterbank_riemann_recentered,2.0,1.0,2.0,60,65,1,-1,0
P2,post,filterbank_riemann_recentered,2.0,1.0,2.0,60,66,-1,-1,1
P2,post,filterbank_riemann_recentered,2.0,1.0,2.0,60,67,-1,-1,1
P2,post,filterbank_riemann_recentered,2.0,1.0,2.0,60,68,-1,-1,1
P2,post,filterbank_riemann_recentered,2.0,1.0,2.0,60,69,1,-1,0
P2,post,filterbank_riemann_recentered,2.0,1.0,2.0,60,70,1,-1,0
P2,post,filterbank_riemann_recentered,2.0,1.0,2.0,60,71,1,-1,0
P2,post,filterbank_riemann_recentered,2.0,1.0,2.0,60,72,-1,-1,1
P2,post,filterbank_riemann_recentered,2.0,1.0,2.0,60,73,1,-1,0
P2,post,filterbank_riemann_recentered,2.0,1.0,2.0,60,74,1,1,1
P2,post,filterbank_riemann_recentered,2.0,1.0,2.0,60,75,1,-1,0
P2,post,filterbank_riemann_recentered,2.0,1.0,2.0,60,76,1,-1,0
P2,post,filterbank_riemann_recentered,2.0,1.0,2.0,60,77,1,-1,0
P2,post,filterbank_riemann_recentered,2.0,1.0,2.0,60,78,-1,1,0
P2,post,filterbank_riemann_recentered,2.0,1.0,2.0,60,79,1,1,1
P2,post,filterbank_riemann_recentered,2.0,1.0,2.0,60,80,-1,1,0
P2,post,filterbank_csp_shrinkage_lda,3.5,2.5,3.5,10,61,-1,-1,1
P2,post,filterbank_csp_shrinkage_lda,3.5,2.5,3.5,10,62,1,-1,0
P2,post,filterbank_csp_shrinkage_lda,3.5,2.5,3.5,10,63,1,-1,0
P2,post,filterbank_csp_shrinkage_lda,3.5,2.5,3.5,10,64,-1,-1,1
P2,post,filterbank_csp_shrinkage_lda,3.5,2.5,3.5,10,65,1,1,1
P2,post,filterbank_csp_shrinkage_lda,3.5,2.5,3.5,10,66,-1,-1,1
P2,post,filterbank_csp_shrinkage_lda,3.5,2.5,3.5,10,67,-1,-1,1
P2,post,filterbank_csp_shrinkage_lda,3.5,2.5,3.5,10,68,-1,-1,1
P2,post,filterbank_csp_shrinkage_lda,3.5,2.5,3.5,10,69,1,-1,0
P2,post,filterbank_csp_shrinkage_lda,3.5,2.5,3.5,10,70,1,-1,0
P2,post,filterbank_csp_shrinkage_lda,3.5,2.5,3.5,10,71,1,-1,0
P2,post,filterbank_csp_shrinkage_lda,3.5,2.5,3.5,10,72,-1,-1,1
P2,post,filterbank_csp_shrinkage_lda,3.5,2.5,3.5,10,73,1,-1,0
P2,post,filterbank_csp_shrinkage_lda,3.5,2.5,3.5,10,74,1,-1,0
P2,post,filterbank_csp_shrinkage_lda,3.5,2.5,3.5,10,75,1,-1,0
P2,post,filterbank_csp_shrinkage_lda,3.5,2.5,3.5,10,76,1,-1,0
P2,post,filterbank_csp_shrinkage_lda,3.5,2.5,3.5,10,77,1,-1,0
P2,post,filterbank_csp_shrinkage_lda,3.5,2.5,3.5,10,78,-1,-1,1
P2,post,filterbank_csp_shrinkage_lda,3.5,2.5,3.5,10,79,1,-1,0
P2,post,filterbank_csp_shrinkage_lda,3.5,2.5,3.5,10,80,-1,-1,1
P2,post,filterbank_csp_shrinkage_lda,3.5,2.5,3.5,20,61,-1,1,0
P2,post,filterbank_csp_shrinkage_lda,3.5,2.5,3.5,20,62,1,1,1
P2,post,filterbank_csp_shrinkage_lda,3.5,2.5,3.5,20,63,1,-1,0
P2,post,filterbank_csp_shrinkage_lda,3.5,2.5,3.5,20,64,-1,-1,1
P2,post,filterbank_csp_shrinkage_lda,3.5,2.5,3.5,20,65,1,1,1
P2,post,filterbank_csp_shrinkage_lda,3.5,2.5,3.5,20,66,-1,1,0
P2,post,filterbank_csp_shrinkage_lda,3.5,2.5,3.5,20,67,-1,1,0
P2,post,filterbank_csp_shrinkage_lda,3.5,2.5,3.5,20,68,-1,1,0
P2,post,filterbank_csp_shrinkage_lda,3.5,2.5,3.5,20,69,1,1,1
P2,post,filterbank_csp_shrinkage_lda,3.5,2.5,3.5,20,70,1,-1,0
P2,post,filterbank_csp_shrinkage_lda,3.5,2.5,3.5,20,71,1,-1,0
P2,post,filterbank_csp_shrinkage_lda,3.5,2.5,3.5,20,72,-1,-1,1
P2,post,filterbank_csp_shrinkage_lda,3.5,2.5,3.5,20,73,1,1,1
P2,post,filterbank_csp_shrinkage_lda,3.5,2.5,3.5,20,74,1,-1,0
P2,post,filterbank_csp_shrinkage_lda,3.5,2.5,3.5,20,75,1,1,1
P2,post,filterbank_csp_shrinkage_lda,3.5,2.5,3.5,20,76,1,1,1
P2,post,filterbank_csp_shrinkage_lda,3.5,2.5,3.5,20,77,1,1,1
P2,post,filterbank_csp_shrinkage_lda,3.5,2.5,3.5,20,78,-1,1,0
P2,post,filterbank_csp_shrinkage_lda,3.5,2.5,3.5,20,79,1,-1,0
P2,post,filterbank_csp_shrinkage_lda,3.5,2.5,3.5,20,80,-1,1,0
P2,post,filterbank_csp_shrinkage_lda,3.5,2.5,3.5,40,61,-1,1,0
P2,post,filterbank_csp_shrinkage_lda,3.5,2.5,3.5,40,62,1,-1,0
P2,post,filterbank_csp_shrinkage_lda,3.5,2.5,3.5,40,63,1,-1,0
P2,post,filterbank_csp_shrinkage_lda,3.5,2.5,3.5,40,64,-1,-1,1
P2,post,filterbank_csp_shrinkage_lda,3.5,2.5,3.5,40,65,1,1,1
P2,post,filterbank_csp_shrinkage_lda,3.5,2.5,3.5,40,66,-1,-1,1
P2,post,filterbank_csp_shrinkage_lda,3.5,2.5,3.5,40,67,-1,-1,1
P2,post,filterbank_csp_shrinkage_lda,3.5,2.5,3.5,40,68,-1,-1,1
P2,post,filterbank_csp_shrinkage_lda,3.5,2.5,3.5,40,69,1,-1,0
P2,post,filterbank_csp_shrinkage_lda,3.5,2.5,3.5,40,70,1,-1,0
P2,post,filterbank_csp_shrinkage_lda,3.5,2.5,3.5,40,71,1,-1,0
P2,post,filterbank_csp_shrinkage_lda,3.5,2.5,3.5,40,72,-1,-1,1
P2,post,filterbank_csp_shrinkage_lda,3.5,2.5,3.5,40,73,1,1,1
P2,post,filterbank_csp_shrinkage_lda,3.5,2.5,3.5,40,74,1,1,1
P2,post,filterbank_csp_shrinkage_lda,3.5,2.5,3.5,40,75,1,1,1
P2,post,filterbank_csp_shrinkage_lda,3.5,2.5,3.5,40,76,1,1,1
P2,post,filterbank_csp_shrinkage_lda,3.5,2.5,3.5,40,77,1,1,1
P2,post,filterbank_csp_shrinkage_lda,3.5,2.5,3.5,40,78,-1,-1,1
P2,post,filterbank_csp_shrinkage_lda,3.5,2.5,3.5,40,79,1,1,1
P2,post,filterbank_csp_shrinkage_lda,3.5,2.5,3.5,40,80,-1,-1,1
P2,post,filterbank_csp_shrinkage_lda,3.5,2.5,3.5,60,61,-1,1,0
P2,post,filterbank_csp_shrinkage_lda,3.5,2.5,3.5,60,62,1,-1,0
P2,post,filterbank_csp_shrinkage_lda,3.5,2.5,3.5,60,63,1,1,1
P2,post,filterbank_csp_shrinkage_lda,3.5,2.5,3.5,60,64,-1,-1,1
P2,post,filterbank_csp_shrinkage_lda,3.5,2.5,3.5,60,65,1,1,1
P2,post,filterbank_csp_shrinkage_lda,3.5,2.5,3.5,60,66,-1,-1,1
P2,post,filterbank_csp_shrinkage_lda,3.5,2.5,3.5,60,67,-1,-1,1
P2,post,filterbank_csp_shrinkage_lda,3.5,2.5,3.5,60,68,-1,-1,1
P2,post,filterbank_csp_shrinkage_lda,3.5,2.5,3.5,60,69,1,-1,0
P2,post,filterbank_csp_shrinkage_lda,3.5,2.5,3.5,60,70,1,1,1
P2,post,filterbank_csp_shrinkage_lda,3.5,2.5,3.5,60,71,1,-1,0
P2,post,filterbank_csp_shrinkage_lda,3.5,2.5,3.5,60,72,-1,-1,1
P2,post,filterbank_csp_shrinkage_lda,3.5,2.5,3.5,60,73,1,-1,0
P2,post,filterbank_csp_shrinkage_lda,3.5,2.5,3.5,60,74,1,-1,0
P2,post,filterbank_csp_shrinkage_lda,3.5,2.5,3.5,60,75,1,1,1
P2,post,filterbank_csp_shrinkage_lda,3.5,2.5,3.5,60,76,1,-1,0
P2,post,filterbank_csp_shrinkage_lda,3.5,2.5,3.5,60,77,1,-1,0
P2,post,filterbank_csp_shrinkage_lda,3.5,2.5,3.5,60,78,-1,-1,1
P2,post,filterbank_csp_shrinkage_lda,3.5,2.5,3.5,60,79,1,1,1
P2,post,filterbank_csp_shrinkage_lda,3.5,2.5,3.5,60,80,-1,-1,1
P2,post,filterbank_riemann_recentered,3.5,2.5,3.5,10,61,-1,-1,1
P2,post,filterbank_riemann_recentered,3.5,2.5,3.5,10,62,1,-1,0
P2,post,filterbank_riemann_recentered,3.5,2.5,3.5,10,63,1,-1,0
P2,post,filterbank_riemann_recentered,3.5,2.5,3.5,10,64,-1,-1,1
P2,post,filterbank_riemann_recentered,3.5,2.5,3.5,10,65,1,-1,0
P2,post,filterbank_riemann_recentered,3.5,2.5,3.5,10,66,-1,-1,1
P2,post,filterbank_riemann_recentered,3.5,2.5,3.5,10,67,-1,-1,1
P2,post,filterbank_riemann_recentered,3.5,2.5,3.5,10,68,-1,-1,1
P2,post,filterbank_riemann_recentered,3.5,2.5,3.5,10,69,1,-1,0
P2,post,filterbank_riemann_recentered,3.5,2.5,3.5,10,70,1,-1,0
P2,post,filterbank_riemann_recentered,3.5,2.5,3.5,10,71,1,-1,0
P2,post,filterbank_riemann_recentered,3.5,2.5,3.5,10,72,-1,-1,1
P2,post,filterbank_riemann_recentered,3.5,2.5,3.5,10,73,1,-1,0
P2,post,filterbank_riemann_recentered,3.5,2.5,3.5,10,74,1,-1,0
P2,post,filterbank_riemann_recentered,3.5,2.5,3.5,10,75,1,-1,0
P2,post,filterbank_riemann_recentered,3.5,2.5,3.5,10,76,1,-1,0
P2,post,filterbank_riemann_recentered,3.5,2.5,3.5,10,77,1,-1,0
P2,post,filterbank_riemann_recentered,3.5,2.5,3.5,10,78,-1,-1,1
P2,post,filterbank_riemann_recentered,3.5,2.5,3.5,10,79,1,-1,0
P2,post,filterbank_riemann_recentered,3.5,2.5,3.5,10,80,-1,-1,1
P2,post,filterbank_riemann_recentered,3.5,2.5,3.5,20,61,-1,1,0
P2,post,filterbank_riemann_recentered,3.5,2.5,3.5,20,62,1,1,1
P2,post,filterbank_riemann_recentered,3.5,2.5,3.5,20,63,1,1,1
P2,post,filterbank_riemann_recentered,3.5,2.5,3.5,20,64,-1,-1,1
P2,post,filterbank_riemann_recentered,3.5,2.5,3.5,20,65,1,1,1
P2,post,filterbank_riemann_recentered,3.5,2.5,3.5,20,66,-1,1,0
P2,post,filterbank_riemann_recentered,3.5,2.5,3.5,20,67,-1,1,0
P2,post,filterbank_riemann_recentered,3.5,2.5,3.5,20,68,-1,1,0
P2,post,filterbank_riemann_recentered,3.5,2.5,3.5,20,69,1,-1,0
P2,post,filterbank_riemann_recentered,3.5,2.5,3.5,20,70,1,-1,0
P2,post,filterbank_riemann_recentered,3.5,2.5,3.5,20,71,1,-1,0
P2,post,filterbank_riemann_recentered,3.5,2.5,3.5,20,72,-1,1,0
P2,post,filterbank_riemann_recentered,3.5,2.5,3.5,20,73,1,1,1
P2,post,filterbank_riemann_recentered,3.5,2.5,3.5,20,74,1,-1,0
P2,post,filterbank_riemann_recentered,3.5,2.5,3.5,20,75,1,1,1
P2,post,filterbank_riemann_recentered,3.5,2.5,3.5,20,76,1,1,1
P2,post,filterbank_riemann_recentered,3.5,2.5,3.5,20,77,1,1,1
P2,post,filterbank_riemann_recentered,3.5,2.5,3.5,20,78,-1,-1,1
P2,post,filterbank_riemann_recentered,3.5,2.5,3.5,20,79,1,1,1
P2,post,filterbank_riemann_recentered,3.5,2.5,3.5,20,80,-1,1,0
P2,post,filterbank_riemann_recentered,3.5,2.5,3.5,40,61,-1,1,0
P2,post,filterbank_riemann_recentered,3.5,2.5,3.5,40,62,1,1,1
P2,post,filterbank_riemann_recentered,3.5,2.5,3.5,40,63,1,1,1
P2,post,filterbank_riemann_recentered,3.5,2.5,3.5,40,64,-1,-1,1
P2,post,filterbank_riemann_recentered,3.5,2.5,3.5,40,65,1,1,1
P2,post,filterbank_riemann_recentered,3.5,2.5,3.5,40,66,-1,1,0
P2,post,filterbank_riemann_recentered,3.5,2.5,3.5,40,67,-1,1,0
P2,post,filterbank_riemann_recentered,3.5,2.5,3.5,40,68,-1,1,0
P2,post,filterbank_riemann_recentered,3.5,2.5,3.5,40,69,1,-1,0
P2,post,filterbank_riemann_recentered,3.5,2.5,3.5,40,70,1,-1,0
P2,post,filterbank_riemann_recentered,3.5,2.5,3.5,40,71,1,-1,0
P2,post,filterbank_riemann_recentered,3.5,2.5,3.5,40,72,-1,1,0
P2,post,filterbank_riemann_recentered,3.5,2.5,3.5,40,73,1,-1,0
P2,post,filterbank_riemann_recentered,3.5,2.5,3.5,40,74,1,-1,0
P2,post,filterbank_riemann_recentered,3.5,2.5,3.5,40,75,1,1,1
P2,post,filterbank_riemann_recentered,3.5,2.5,3.5,40,76,1,1,1
P2,post,filterbank_riemann_recentered,3.5,2.5,3.5,40,77,1,1,1
P2,post,filterbank_riemann_recentered,3.5,2.5,3.5,40,78,-1,-1,1
P2,post,filterbank_riemann_recentered,3.5,2.5,3.5,40,79,1,1,1
P2,post,filterbank_riemann_recentered,3.5,2.5,3.5,40,80,-1,-1,1
P2,post,filterbank_riemann_recentered,3.5,2.5,3.5,60,61,-1,1,0
P2,post,filterbank_riemann_recentered,3.5,2.5,3.5,60,62,1,-1,0
P2,post,filterbank_riemann_recentered,3.5,2.5,3.5,60,63,1,-1,0
P2,post,filterbank_riemann_recentered,3.5,2.5,3.5,60,64,-1,-1,1
P2,post,filterbank_riemann_recentered,3.5,2.5,3.5,60,65,1,1,1
P2,post,filterbank_riemann_recentered,3.5,2.5,3.5,60,66,-1,1,0
P2,post,filterbank_riemann_recentered,3.5,2.5,3.5,60,67,-1,-1,1
P2,post,filterbank_riemann_recentered,3.5,2.5,3.5,60,68,-1,-1,1
P2,post,filterbank_riemann_recentered,3.5,2.5,3.5,60,69,1,-1,0
P2,post,filterbank_riemann_recentered,3.5,2.5,3.5,60,70,1,-1,0
P2,post,filterbank_riemann_recentered,3.5,2.5,3.5,60,71,1,-1,0
P2,post,filterbank_riemann_recentered,3.5,2.5,3.5,60,72,-1,-1,1
P2,post,filterbank_riemann_recentered,3.5,2.5,3.5,60,73,1,-1,0
P2,post,filterbank_riemann_recentered,3.5,2.5,3.5,60,74,1,-1,0
P2,post,filterbank_riemann_recentered,3.5,2.5,3.5,60,75,1,1,1
P2,post,filterbank_riemann_recentered,3.5,2.5,3.5,60,76,1,1,1
P2,post,filterbank_riemann_recentered,3.5,2.5,3.5,60,77,1,-1,0
P2,post,filterbank_riemann_recentered,3.5,2.5,3.5,60,78,-1,-1,1
P2,post,filterbank_riemann_recentered,3.5,2.5,3.5,60,79,1,1,1
P2,post,filterbank_riemann_recentered,3.5,2.5,3.5,60,80,-1,-1,1
P2,post,filterbank_csp_shrinkage_lda,4.25,3.25,4.25,10,61,-1,-1,1
P2,post,filterbank_csp_shrinkage_lda,4.25,3.25,4.25,10,62,1,1,1
P2,post,filterbank_csp_shrinkage_lda,4.25,3.25,4.25,10,63,1,-1,0
P2,post,filterbank_csp_shrinkage_lda,4.25,3.25,4.25,10,64,-1,-1,1
P2,post,filterbank_csp_shrinkage_lda,4.25,3.25,4.25,10,65,1,1,1
P2,post,filterbank_csp_shrinkage_lda,4.25,3.25,4.25,10,66,-1,-1,1
P2,post,filterbank_csp_shrinkage_lda,4.25,3.25,4.25,10,67,-1,-1,1
P2,post,filterbank_csp_shrinkage_lda,4.25,3.25,4.25,10,68,-1,-1,1
P2,post,filterbank_csp_shrinkage_lda,4.25,3.25,4.25,10,69,1,-1,0
P2,post,filterbank_csp_shrinkage_lda,4.25,3.25,4.25,10,70,1,-1,0
P2,post,filterbank_csp_shrinkage_lda,4.25,3.25,4.25,10,71,1,-1,0
P2,post,filterbank_csp_shrinkage_lda,4.25,3.25,4.25,10,72,-1,-1,1
P2,post,filterbank_csp_shrinkage_lda,4.25,3.25,4.25,10,73,1,-1,0
P2,post,filterbank_csp_shrinkage_lda,4.25,3.25,4.25,10,74,1,1,1
P2,post,filterbank_csp_shrinkage_lda,4.25,3.25,4.25,10,75,1,1,1
P2,post,filterbank_csp_shrinkage_lda,4.25,3.25,4.25,10,76,1,1,1
P2,post,filterbank_csp_shrinkage_lda,4.25,3.25,4.25,10,77,1,1,1
P2,post,filterbank_csp_shrinkage_lda,4.25,3.25,4.25,10,78,-1,-1,1
P2,post,filterbank_csp_shrinkage_lda,4.25,3.25,4.25,10,79,1,1,1
P2,post,filterbank_csp_shrinkage_lda,4.25,3.25,4.25,10,80,-1,-1,1
P2,post,filterbank_csp_shrinkage_lda,4.25,3.25,4.25,20,61,-1,-1,1
P2,post,filterbank_csp_shrinkage_lda,4.25,3.25,4.25,20,62,1,-1,0
P2,post,filterbank_csp_shrinkage_lda,4.25,3.25,4.25,20,63,1,1,1
P2,post,filterbank_csp_shrinkage_lda,4.25,3.25,4.25,20,64,-1,-1,1
P2,post,filterbank_csp_shrinkage_lda,4.25,3.25,4.25,20,65,1,1,1
P2,post,filterbank_csp_shrinkage_lda,4.25,3.25,4.25,20,66,-1,-1,1
P2,post,filterbank_csp_shrinkage_lda,4.25,3.25,4.25,20,67,-1,-1,1
P2,post,filterbank_csp_shrinkage_lda,4.25,3.25,4.25,20,68,-1,1,0
P2,post,filterbank_csp_shrinkage_lda,4.25,3.25,4.25,20,69,1,1,1
P2,post,filterbank_csp_shrinkage_lda,4.25,3.25,4.25,20,70,1,-1,0
P2,post,filterbank_csp_shrinkage_lda,4.25,3.25,4.25,20,71,1,1,1
P2,post,filterbank_csp_shrinkage_lda,4.25,3.25,4.25,20,72,-1,-1,1
P2,post,filterbank_csp_shrinkage_lda,4.25,3.25,4.25,20,73,1,1,1
P2,post,filterbank_csp_shrinkage_lda,4.25,3.25,4.25,20,74,1,1,1
P2,post,filterbank_csp_shrinkage_lda,4.25,3.25,4.25,20,75,1,1,1
P2,post,filterbank_csp_shrinkage_lda,4.25,3.25,4.25,20,76,1,1,1
P2,post,filterbank_csp_shrinkage_lda,4.25,3.25,4.25,20,77,1,1,1
P2,post,filterbank_csp_shrinkage_lda,4.25,3.25,4.25,20,78,-1,-1,1
P2,post,filterbank_csp_shrinkage_lda,4.25,3.25,4.25,20,79,1,1,1
P2,post,filterbank_csp_shrinkage_lda,4.25,3.25,4.25,20,80,-1,1,0
P2,post,filterbank_csp_shrinkage_lda,4.25,3.25,4.25,40,61,-1,-1,1
P2,post,filterbank_csp_shrinkage_lda,4.25,3.25,4.25,40,62,1,-1,0
P2,post,filterbank_csp_shrinkage_lda,4.25,3.25,4.25,40,63,1,1,1
P2,post,filterbank_csp_shrinkage_lda,4.25,3.25,4.25,40,64,-1,-1,1
P2,post,filterbank_csp_shrinkage_lda,4.25,3.25,4.25,40,65,1,1,1
P2,post,filterbank_csp_shrinkage_lda,4.25,3.25,4.25,40,66,-1,-1,1
P2,post,filterbank_csp_shrinkage_lda,4.25,3.25,4.25,40,67,-1,-1,1
P2,post,filterbank_csp_shrinkage_lda,4.25,3.25,4.25,40,68,-1,-1,1
P2,post,filterbank_csp_shrinkage_lda,4.25,3.25,4.25,40,69,1,1,1
P2,post,filterbank_csp_shrinkage_lda,4.25,3.25,4.25,40,70,1,-1,0
P2,post,filterbank_csp_shrinkage_lda,4.25,3.25,4.25,40,71,1,1,1
P2,post,filterbank_csp_shrinkage_lda,4.25,3.25,4.25,40,72,-1,-1,1
P2,post,filterbank_csp_shrinkage_lda,4.25,3.25,4.25,40,73,1,1,1
P2,post,filterbank_csp_shrinkage_lda,4.25,3.25,4.25,40,74,1,1,1
P2,post,filterbank_csp_shrinkage_lda,4.25,3.25,4.25,40,75,1,1,1
P2,post,filterbank_csp_shrinkage_lda,4.25,3.25,4.25,40,76,1,1,1
P2,post,filterbank_csp_shrinkage_lda,4.25,3.25,4.25,40,77,1,1,1
P2,post,filterbank_csp_shrinkage_lda,4.25,3.25,4.25,40,78,-1,-1,1
P2,post,filterbank_csp_shrinkage_lda,4.25,3.25,4.25,40,79,1,1,1
P2,post,filterbank_csp_shrinkage_lda,4.25,3.25,4.25,40,80,-1,-1,1
P2,post,filterbank_csp_shrinkage_lda,4.25,3.25,4.25,60,61,-1,-1,1
P2,post,filterbank_csp_shrinkage_lda,4.25,3.25,4.25,60,62,1,-1,0
P2,post,filterbank_csp_shrinkage_lda,4.25,3.25,4.25,60,63,1,-1,0
P2,post,filterbank_csp_shrinkage_lda,4.25,3.25,4.25,60,64,-1,-1,1
P2,post,filterbank_csp_shrinkage_lda,4.25,3.25,4.25,60,65,1,1,1
P2,post,filterbank_csp_shrinkage_lda,4.25,3.25,4.25,60,66,-1,-1,1
P2,post,filterbank_csp_shrinkage_lda,4.25,3.25,4.25,60,67,-1,-1,1
P2,post,filterbank_csp_shrinkage_lda,4.25,3.25,4.25,60,68,-1,-1,1
P2,post,filterbank_csp_shrinkage_lda,4.25,3.25,4.25,60,69,1,1,1
P2,post,filterbank_csp_shrinkage_lda,4.25,3.25,4.25,60,70,1,-1,0
P2,post,filterbank_csp_shrinkage_lda,4.25,3.25,4.25,60,71,1,1,1
P2,post,filterbank_csp_shrinkage_lda,4.25,3.25,4.25,60,72,-1,-1,1
P2,post,filterbank_csp_shrinkage_lda,4.25,3.25,4.25,60,73,1,1,1
P2,post,filterbank_csp_shrinkage_lda,4.25,3.25,4.25,60,74,1,1,1
P2,post,filterbank_csp_shrinkage_lda,4.25,3.25,4.25,60,75,1,1,1
P2,post,filterbank_csp_shrinkage_lda,4.25,3.25,4.25,60,76,1,1,1
P2,post,filterbank_csp_shrinkage_lda,4.25,3.25,4.25,60,77,1,1,1
P2,post,filterbank_csp_shrinkage_lda,4.25,3.25,4.25,60,78,-1,-1,1
P2,post,filterbank_csp_shrinkage_lda,4.25,3.25,4.25,60,79,1,1,1
P2,post,filterbank_csp_shrinkage_lda,4.25,3.25,4.25,60,80,-1,-1,1
P2,post,filterbank_riemann_recentered,4.25,3.25,4.25,10,61,-1,-1,1
P2,post,filterbank_riemann_recentered,4.25,3.25,4.25,10,62,1,-1,0
P2,post,filterbank_riemann_recentered,4.25,3.25,4.25,10,63,1,-1,0
P2,post,filterbank_riemann_recentered,4.25,3.25,4.25,10,64,-1,-1,1
P2,post,filterbank_riemann_recentered,4.25,3.25,4.25,10,65,1,-1,0
P2,post,filterbank_riemann_recentered,4.25,3.25,4.25,10,66,-1,-1,1
P2,post,filterbank_riemann_recentered,4.25,3.25,4.25,10,67,-1,-1,1
P2,post,filterbank_riemann_recentered,4.25,3.25,4.25,10,68,-1,-1,1
P2,post,filterbank_riemann_recentered,4.25,3.25,4.25,10,69,1,-1,0
P2,post,filterbank_riemann_recentered,4.25,3.25,4.25,10,70,1,-1,0
P2,post,filterbank_riemann_recentered,4.25,3.25,4.25,10,71,1,-1,0
P2,post,filterbank_riemann_recentered,4.25,3.25,4.25,10,72,-1,-1,1
P2,post,filterbank_riemann_recentered,4.25,3.25,4.25,10,73,1,-1,0
P2,post,filterbank_riemann_recentered,4.25,3.25,4.25,10,74,1,-1,0
P2,post,filterbank_riemann_recentered,4.25,3.25,4.25,10,75,1,1,1
P2,post,filterbank_riemann_recentered,4.25,3.25,4.25,10,76,1,-1,0
P2,post,filterbank_riemann_recentered,4.25,3.25,4.25,10,77,1,-1,0
P2,post,filterbank_riemann_recentered,4.25,3.25,4.25,10,78,-1,-1,1
P2,post,filterbank_riemann_recentered,4.25,3.25,4.25,10,79,1,-1,0
P2,post,filterbank_riemann_recentered,4.25,3.25,4.25,10,80,-1,-1,1
P2,post,filterbank_riemann_recentered,4.25,3.25,4.25,20,61,-1,-1,1
P2,post,filterbank_riemann_recentered,4.25,3.25,4.25,20,62,1,1,1
P2,post,filterbank_riemann_recentered,4.25,3.25,4.25,20,63,1,1,1
P2,post,filterbank_riemann_recentered,4.25,3.25,4.25,20,64,-1,-1,1
P2,post,filterbank_riemann_recentered,4.25,3.25,4.25,20,65,1,1,1
P2,post,filterbank_riemann_recentered,4.25,3.25,4.25,20,66,-1,-1,1
P2,post,filterbank_riemann_recentered,4.25,3.25,4.25,20,67,-1,1,0
P2,post,filterbank_riemann_recentered,4.25,3.25,4.25,20,68,-1,1,0
P2,post,filterbank_riemann_recentered,4.25,3.25,4.25,20,69,1,1,1
P2,post,filterbank_riemann_recentered,4.25,3.25,4.25,20,70,1,1,1
P2,post,filterbank_riemann_recentered,4.25,3.25,4.25,20,71,1,1,1
P2,post,filterbank_riemann_recentered,4.25,3.25,4.25,20,72,-1,1,0
P2,post,filterbank_riemann_recentered,4.25,3.25,4.25,20,73,1,1,1
P2,post,filterbank_riemann_recentered,4.25,3.25,4.25,20,74,1,1,1
P2,post,filterbank_riemann_recentered,4.25,3.25,4.25,20,75,1,1,1
P2,post,filterbank_riemann_recentered,4.25,3.25,4.25,20,76,1,1,1
P2,post,filterbank_riemann_recentered,4.25,3.25,4.25,20,77,1,1,1
P2,post,filterbank_riemann_recentered,4.25,3.25,4.25,20,78,-1,-1,1
P2,post,filterbank_riemann_recentered,4.25,3.25,4.25,20,79,1,1,1
P2,post,filterbank_riemann_recentered,4.25,3.25,4.25,20,80,-1,-1,1
P2,post,filterbank_riemann_recentered,4.25,3.25,4.25,40,61,-1,-1,1
P2,post,filterbank_riemann_recentered,4.25,3.25,4.25,40,62,1,1,1
P2,post,filterbank_riemann_recentered,4.25,3.25,4.25,40,63,1,1,1
P2,post,filterbank_riemann_recentered,4.25,3.25,4.25,40,64,-1,-1,1
P2,post,filterbank_riemann_recentered,4.25,3.25,4.25,40,65,1,1,1
P2,post,filterbank_riemann_recentered,4.25,3.25,4.25,40,66,-1,-1,1
P2,post,filterbank_riemann_recentered,4.25,3.25,4.25,40,67,-1,-1,1
P2,post,filterbank_riemann_recentered,4.25,3.25,4.25,40,68,-1,-1,1
P2,post,filterbank_riemann_recentered,4.25,3.25,4.25,40,69,1,1,1
P2,post,filterbank_riemann_recentered,4.25,3.25,4.25,40,70,1,1,1
P2,post,filterbank_riemann_recentered,4.25,3.25,4.25,40,71,1,1,1
P2,post,filterbank_riemann_recentered,4.25,3.25,4.25,40,72,-1,-1,1
P2,post,filterbank_riemann_recentered,4.25,3.25,4.25,40,73,1,1,1
P2,post,filterbank_riemann_recentered,4.25,3.25,4.25,40,74,1,1,1
P2,post,filterbank_riemann_recentered,4.25,3.25,4.25,40,75,1,1,1
P2,post,filterbank_riemann_recentered,4.25,3.25,4.25,40,76,1,1,1
P2,post,filterbank_riemann_recentered,4.25,3.25,4.25,40,77,1,1,1
P2,post,filterbank_riemann_recentered,4.25,3.25,4.25,40,78,-1,-1,1
P2,post,filterbank_riemann_recentered,4.25,3.25,4.25,40,79,1,1,1
P2,post,filterbank_riemann_recentered,4.25,3.25,4.25,40,80,-1,-1,1
P2,post,filterbank_riemann_recentered,4.25,3.25,4.25,60,61,-1,-1,1
P2,post,filterbank_riemann_recentered,4.25,3.25,4.25,60,62,1,1,1
P2,post,filterbank_riemann_recentered,4.25,3.25,4.25,60,63,1,1,1
P2,post,filterbank_riemann_recentered,4.25,3.25,4.25,60,64,-1,-1,1
P2,post,filterbank_riemann_recentered,4.25,3.25,4.25,60,65,1,1,1
P2,post,filterbank_riemann_recentered,4.25,3.25,4.25,60,66,-1,-1,1
P2,post,filterbank_riemann_recentered,4.25,3.25,4.25,60,67,-1,-1,1
P2,post,filterbank_riemann_recentered,4.25,3.25,4.25,60,68,-1,-1,1
P2,post,filterbank_riemann_recentered,4.25,3.25,4.25,60,69,1,1,1
P2,post,filterbank_riemann_recentered,4.25,3.25,4.25,60,70,1,-1,0
P2,post,filterbank_riemann_recentered,4.25,3.25,4.25,60,71,1,1,1
P2,post,filterbank_riemann_recentered,4.25,3.25,4.25,60,72,-1,-1,1
P2,post,filterbank_riemann_recentered,4.25,3.25,4.25,60,73,1,1,1
P2,post,filterbank_riemann_recentered,4.25,3.25,4.25,60,74,1,1,1
P2,post,filterbank_riemann_recentered,4.25,3.25,4.25,60,75,1,1,1
P2,post,filterbank_riemann_recentered,4.25,3.25,4.25,60,76,1,1,1
P2,post,filterbank_riemann_recentered,4.25,3.25,4.25,60,77,1,1,1
P2,post,filterbank_riemann_recentered,4.25,3.25,4.25,60,78,-1,-1,1
P2,post,filterbank_riemann_recentered,4.25,3.25,4.25,60,79,1,1,1
P2,post,filterbank_riemann_recentered,4.25,3.25,4.25,60,80,-1,-1,1
P2,post,filterbank_csp_shrinkage_lda,6.5,5.5,6.5,10,61,-1,-1,1
P2,post,filterbank_csp_shrinkage_lda,6.5,5.5,6.5,10,62,1,-1,0
P2,post,filterbank_csp_shrinkage_lda,6.5,5.5,6.5,10,63,1,-1,0
P2,post,filterbank_csp_shrinkage_lda,6.5,5.5,6.5,10,64,-1,-1,1
P2,post,filterbank_csp_shrinkage_lda,6.5,5.5,6.5,10,65,1,1,1
P2,post,filterbank_csp_shrinkage_lda,6.5,5.5,6.5,10,66,-1,-1,1
P2,post,filterbank_csp_shrinkage_lda,6.5,5.5,6.5,10,67,-1,-1,1
P2,post,filterbank_csp_shrinkage_lda,6.5,5.5,6.5,10,68,-1,-1,1
P2,post,filterbank_csp_shrinkage_lda,6.5,5.5,6.5,10,69,1,-1,0
P2,post,filterbank_csp_shrinkage_lda,6.5,5.5,6.5,10,70,1,-1,0
P2,post,filterbank_csp_shrinkage_lda,6.5,5.5,6.5,10,71,1,-1,0
P2,post,filterbank_csp_shrinkage_lda,6.5,5.5,6.5,10,72,-1,-1,1
P2,post,filterbank_csp_shrinkage_lda,6.5,5.5,6.5,10,73,1,-1,0
P2,post,filterbank_csp_shrinkage_lda,6.5,5.5,6.5,10,74,1,-1,0
P2,post,filterbank_csp_shrinkage_lda,6.5,5.5,6.5,10,75,1,-1,0
P2,post,filterbank_csp_shrinkage_lda,6.5,5.5,6.5,10,76,1,-1,0
P2,post,filterbank_csp_shrinkage_lda,6.5,5.5,6.5,10,77,1,-1,0
P2,post,filterbank_csp_shrinkage_lda,6.5,5.5,6.5,10,78,-1,-1,1
P2,post,filterbank_csp_shrinkage_lda,6.5,5.5,6.5,10,79,1,-1,0
P2,post,filterbank_csp_shrinkage_lda,6.5,5.5,6.5,10,80,-1,-1,1
P2,post,filterbank_csp_shrinkage_lda,6.5,5.5,6.5,20,61,-1,-1,1
P2,post,filterbank_csp_shrinkage_lda,6.5,5.5,6.5,20,62,1,1,1
P2,post,filterbank_csp_shrinkage_lda,6.5,5.5,6.5,20,63,1,1,1
P2,post,filterbank_csp_shrinkage_lda,6.5,5.5,6.5,20,64,-1,-1,1
P2,post,filterbank_csp_shrinkage_lda,6.5,5.5,6.5,20,65,1,1,1
P2,post,filterbank_csp_shrinkage_lda,6.5,5.5,6.5,20,66,-1,-1,1
P2,post,filterbank_csp_shrinkage_lda,6.5,5.5,6.5,20,67,-1,-1,1
P2,post,filterbank_csp_shrinkage_lda,6.5,5.5,6.5,20,68,-1,-1,1
P2,post,filterbank_csp_shrinkage_lda,6.5,5.5,6.5,20,69,1,-1,0
P2,post,filterbank_csp_shrinkage_lda,6.5,5.5,6.5,20,70,1,1,1
P2,post,filterbank_csp_shrinkage_lda,6.5,5.5,6.5,20,71,1,1,1
P2,post,filterbank_csp_shrinkage_lda,6.5,5.5,6.5,20,72,-1,-1,1
P2,post,filterbank_csp_shrinkage_lda,6.5,5.5,6.5,20,73,1,1,1
P2,post,filterbank_csp_shrinkage_lda,6.5,5.5,6.5,20,74,1,1,1
P2,post,filterbank_csp_shrinkage_lda,6.5,5.5,6.5,20,75,1,1,1
P2,post,filterbank_csp_shrinkage_lda,6.5,5.5,6.5,20,76,1,1,1
P2,post,filterbank_csp_shrinkage_lda,6.5,5.5,6.5,20,77,1,1,1
P2,post,filterbank_csp_shrinkage_lda,6.5,5.5,6.5,20,78,-1,-1,1
P2,post,filterbank_csp_shrinkage_lda,6.5,5.5,6.5,20,79,1,1,1
P2,post,filterbank_csp_shrinkage_lda,6.5,5.5,6.5,20,80,-1,-1,1
P2,post,filterbank_csp_shrinkage_lda,6.5,5.5,6.5,40,61,-1,-1,1
P2,post,filterbank_csp_shrinkage_lda,6.5,5.5,6.5,40,62,1,1,1
P2,post,filterbank_csp_shrinkage_lda,6.5,5.5,6.5,40,63,1,1,1
P2,post,filterbank_csp_shrinkage_lda,6.5,5.5,6.5,40,64,-1,-1,1
P2,post,filterbank_csp_shrinkage_lda,6.5,5.5,6.5,40,65,1,1,1
P2,post,filterbank_csp_shrinkage_lda,6.5,5.5,6.5,40,66,-1,-1,1
P2,post,filterbank_csp_shrinkage_lda,6.5,5.5,6.5,40,67,-1,-1,1
P2,post,filterbank_csp_shrinkage_lda,6.5,5.5,6.5,40,68,-1,-1,1
P2,post,filterbank_csp_shrinkage_lda,6.5,5.5,6.5,40,69,1,1,1
P2,post,filterbank_csp_shrinkage_lda,6.5,5.5,6.5,40,70,1,1,1
P2,post,filterbank_csp_shrinkage_lda,6.5,5.5,6.5,40,71,1,1,1
P2,post,filterbank_csp_shrinkage_lda,6.5,5.5,6.5,40,72,-1,-1,1
P2,post,filterbank_csp_shrinkage_lda,6.5,5.5,6.5,40,73,1,1,1
P2,post,filterbank_csp_shrinkage_lda,6.5,5.5,6.5,40,74,1,1,1
P2,post,filterbank_csp_shrinkage_lda,6.5,5.5,6.5,40,75,1,1,1
P2,post,filterbank_csp_shrinkage_lda,6.5,5.5,6.5,40,76,1,1,1
P2,post,filterbank_csp_shrinkage_lda,6.5,5.5,6.5,40,77,1,1,1
P2,post,filterbank_csp_shrinkage_lda,6.5,5.5,6.5,40,78,-1,-1,1
P2,post,filterbank_csp_shrinkage_lda,6.5,5.5,6.5,40,79,1,1,1
P2,post,filterbank_csp_shrinkage_lda,6.5,5.5,6.5,40,80,-1,-1,1
P2,post,filterbank_csp_shrinkage_lda,6.5,5.5,6.5,60,61,-1,-1,1
P2,post,filterbank_csp_shrinkage_lda,6.5,5.5,6.5,60,62,1,1,1
P2,post,filterbank_csp_shrinkage_lda,6.5,5.5,6.5,60,63,1,1,1
P2,post,filterbank_csp_shrinkage_lda,6.5,5.5,6.5,60,64,-1,-1,1
P2,post,filterbank_csp_shrinkage_lda,6.5,5.5,6.5,60,65,1,1,1
P2,post,filterbank_csp_shrinkage_lda,6.5,5.5,6.5,60,66,-1,-1,1
P2,post,filterbank_csp_shrinkage_lda,6.5,5.5,6.5,60,67,-1,-1,1
P2,post,filterbank_csp_shrinkage_lda,6.5,5.5,6.5,60,68,-1,-1,1
P2,post,filterbank_csp_shrinkage_lda,6.5,5.5,6.5,60,69,1,1,1
P2,post,filterbank_csp_shrinkage_lda,6.5,5.5,6.5,60,70,1,1,1
P2,post,filterbank_csp_shrinkage_lda,6.5,5.5,6.5,60,71,1,1,1
P2,post,filterbank_csp_shrinkage_lda,6.5,5.5,6.5,60,72,-1,-1,1
P2,post,filterbank_csp_shrinkage_lda,6.5,5.5,6.5,60,73,1,1,1
P2,post,filterbank_csp_shrinkage_lda,6.5,5.5,6.5,60,74,1,1,1
P2,post,filterbank_csp_shrinkage_lda,6.5,5.5,6.5,60,75,1,1,1
P2,post,filterbank_csp_shrinkage_lda,6.5,5.5,6.5,60,76,1,1,1
P2,post,filterbank_csp_shrinkage_lda,6.5,5.5,6.5,60,77,1,1,1
P2,post,filterbank_csp_shrinkage_lda,6.5,5.5,6.5,60,78,-1,-1,1
P2,post,filterbank_csp_shrinkage_lda,6.5,5.5,6.5,60,79,1,1,1
P2,post,filterbank_csp_shrinkage_lda,6.5,5.5,6.5,60,80,-1,-1,1
P2,post,filterbank_riemann_recentered,6.5,5.5,6.5,10,61,-1,-1,1
P2,post,filterbank_riemann_recentered,6.5,5.5,6.5,10,62,1,-1,0
P2,post,filterbank_riemann_recentered,6.5,5.5,6.5,10,63,1,-1,0
P2,post,filterbank_riemann_recentered,6.5,5.5,6.5,10,64,-1,-1,1
P2,post,filterbank_riemann_recentered,6.5,5.5,6.5,10,65,1,-1,0
P2,post,filterbank_riemann_recentered,6.5,5.5,6.5,10,66,-1,-1,1
P2,post,filterbank_riemann_recentered,6.5,5.5,6.5,10,67,-1,-1,1
P2,post,filterbank_riemann_recentered,6.5,5.5,6.5,10,68,-1,-1,1
P2,post,filterbank_riemann_recentered,6.5,5.5,6.5,10,69,1,-1,0
P2,post,filterbank_riemann_recentered,6.5,5.5,6.5,10,70,1,-1,0
P2,post,filterbank_riemann_recentered,6.5,5.5,6.5,10,71,1,-1,0
P2,post,filterbank_riemann_recentered,6.5,5.5,6.5,10,72,-1,-1,1
P2,post,filterbank_riemann_recentered,6.5,5.5,6.5,10,73,1,-1,0
P2,post,filterbank_riemann_recentered,6.5,5.5,6.5,10,74,1,-1,0
P2,post,filterbank_riemann_recentered,6.5,5.5,6.5,10,75,1,-1,0
P2,post,filterbank_riemann_recentered,6.5,5.5,6.5,10,76,1,-1,0
P2,post,filterbank_riemann_recentered,6.5,5.5,6.5,10,77,1,-1,0
P2,post,filterbank_riemann_recentered,6.5,5.5,6.5,10,78,-1,-1,1
P2,post,filterbank_riemann_recentered,6.5,5.5,6.5,10,79,1,-1,0
P2,post,filterbank_riemann_recentered,6.5,5.5,6.5,10,80,-1,-1,1
P2,post,filterbank_riemann_recentered,6.5,5.5,6.5,20,61,-1,-1,1
P2,post,filterbank_riemann_recentered,6.5,5.5,6.5,20,62,1,1,1
P2,post,filterbank_riemann_recentered,6.5,5.5,6.5,20,63,1,1,1
P2,post,filterbank_riemann_recentered,6.5,5.5,6.5,20,64,-1,-1,1
P2,post,filterbank_riemann_recentered,6.5,5.5,6.5,20,65,1,1,1
P2,post,filterbank_riemann_recentered,6.5,5.5,6.5,20,66,-1,-1,1
P2,post,filterbank_riemann_recentered,6.5,5.5,6.5,20,67,-1,1,0
P2,post,filterbank_riemann_recentered,6.5,5.5,6.5,20,68,-1,-1,1
P2,post,filterbank_riemann_recentered,6.5,5.5,6.5,20,69,1,1,1
P2,post,filterbank_riemann_recentered,6.5,5.5,6.5,20,70,1,1,1
P2,post,filterbank_riemann_recentered,6.5,5.5,6.5,20,71,1,1,1
P2,post,filterbank_riemann_recentered,6.5,5.5,6.5,20,72,-1,-1,1
P2,post,filterbank_riemann_recentered,6.5,5.5,6.5,20,73,1,1,1
P2,post,filterbank_riemann_recentered,6.5,5.5,6.5,20,74,1,1,1
P2,post,filterbank_riemann_recentered,6.5,5.5,6.5,20,75,1,1,1
P2,post,filterbank_riemann_recentered,6.5,5.5,6.5,20,76,1,1,1
P2,post,filterbank_riemann_recentered,6.5,5.5,6.5,20,77,1,1,1
P2,post,filterbank_riemann_recentered,6.5,5.5,6.5,20,78,-1,-1,1
P2,post,filterbank_riemann_recentered,6.5,5.5,6.5,20,79,1,1,1
P2,post,filterbank_riemann_recentered,6.5,5.5,6.5,20,80,-1,-1,1
P2,post,filterbank_riemann_recentered,6.5,5.5,6.5,40,61,-1,-1,1
P2,post,filterbank_riemann_recentered,6.5,5.5,6.5,40,62,1,1,1
P2,post,filterbank_riemann_recentered,6.5,5.5,6.5,40,63,1,1,1
P2,post,filterbank_riemann_recentered,6.5,5.5,6.5,40,64,-1,-1,1
P2,post,filterbank_riemann_recentered,6.5,5.5,6.5,40,65,1,1,1
P2,post,filterbank_riemann_recentered,6.5,5.5,6.5,40,66,-1,-1,1
P2,post,filterbank_riemann_recentered,6.5,5.5,6.5,40,67,-1,1,0
P2,post,filterbank_riemann_recentered,6.5,5.5,6.5,40,68,-1,-1,1
P2,post,filterbank_riemann_recentered,6.5,5.5,6.5,40,69,1,-1,0
P2,post,filterbank_riemann_recentered,6.5,5.5,6.5,40,70,1,1,1
P2,post,filterbank_riemann_recentered,6.5,5.5,6.5,40,71,1,1,1
P2,post,filterbank_riemann_recentered,6.5,5.5,6.5,40,72,-1,-1,1
P2,post,filterbank_riemann_recentered,6.5,5.5,6.5,40,73,1,1,1
P2,post,filterbank_riemann_recentered,6.5,5.5,6.5,40,74,1,1,1
P2,post,filterbank_riemann_recentered,6.5,5.5,6.5,40,75,1,1,1
P2,post,filterbank_riemann_recentered,6.5,5.5,6.5,40,76,1,1,1
P2,post,filterbank_riemann_recentered,6.5,5.5,6.5,40,77,1,1,1
P2,post,filterbank_riemann_recentered,6.5,5.5,6.5,40,78,-1,-1,1
P2,post,filterbank_riemann_recentered,6.5,5.5,6.5,40,79,1,1,1
P2,post,filterbank_riemann_recentered,6.5,5.5,6.5,40,80,-1,-1,1
P2,post,filterbank_riemann_recentered,6.5,5.5,6.5,60,61,-1,-1,1
P2,post,filterbank_riemann_recentered,6.5,5.5,6.5,60,62,1,1,1
P2,post,filterbank_riemann_recentered,6.5,5.5,6.5,60,63,1,1,1
P2,post,filterbank_riemann_recentered,6.5,5.5,6.5,60,64,-1,-1,1
P2,post,filterbank_riemann_recentered,6.5,5.5,6.5,60,65,1,1,1
P2,post,filterbank_riemann_recentered,6.5,5.5,6.5,60,66,-1,-1,1
P2,post,filterbank_riemann_recentered,6.5,5.5,6.5,60,67,-1,-1,1
P2,post,filterbank_riemann_recentered,6.5,5.5,6.5,60,68,-1,-1,1
P2,post,filterbank_riemann_recentered,6.5,5.5,6.5,60,69,1,-1,0
P2,post,filterbank_riemann_recentered,6.5,5.5,6.5,60,70,1,1,1
P2,post,filterbank_riemann_recentered,6.5,5.5,6.5,60,71,1,1,1
P2,post,filterbank_riemann_recentered,6.5,5.5,6.5,60,72,-1,-1,1
P2,post,filterbank_riemann_recentered,6.5,5.5,6.5,60,73,1,1,1
P2,post,filterbank_riemann_recentered,6.5,5.5,6.5,60,74,1,1,1
P2,post,filterbank_riemann_recentered,6.5,5.5,6.5,60,75,1,1,1
P2,post,filterbank_riemann_recentered,6.5,5.5,6.5,60,76,1,-1,0
P2,post,filterbank_riemann_recentered,6.5,5.5,6.5,60,77,1,1,1
P2,post,filterbank_riemann_recentered,6.5,5.5,6.5,60,78,-1,-1,1
P2,post,filterbank_riemann_recentered,6.5,5.5,6.5,60,79,1,1,1
P2,post,filterbank_riemann_recentered,6.5,5.5,6.5,60,80,-1,-1,1
P3,pre,filterbank_csp_shrinkage_lda,2.0,1.0,2.0,10,61,1,-1,0
P3,pre,filterbank_csp_shrinkage_lda,2.0,1.0,2.0,10,62,1,-1,0
P3,pre,filterbank_csp_shrinkage_lda,2.0,1.0,2.0,10,63,-1,-1,1
P3,pre,filterbank_csp_shrinkage_lda,2.0,1.0,2.0,10,64,-1,-1,1
P3,pre,filterbank_csp_shrinkage_lda,2.0,1.0,2.0,10,65,1,-1,0
P3,pre,filterbank_csp_shrinkage_lda,2.0,1.0,2.0,10,66,-1,-1,1
P3,pre,filterbank_csp_shrinkage_lda,2.0,1.0,2.0,10,67,-1,-1,1
P3,pre,filterbank_csp_shrinkage_lda,2.0,1.0,2.0,10,68,1,1,1
P3,pre,filterbank_csp_shrinkage_lda,2.0,1.0,2.0,10,69,1,-1,0
P3,pre,filterbank_csp_shrinkage_lda,2.0,1.0,2.0,10,70,-1,1,0
P3,pre,filterbank_csp_shrinkage_lda,2.0,1.0,2.0,10,71,-1,-1,1
P3,pre,filterbank_csp_shrinkage_lda,2.0,1.0,2.0,10,72,1,-1,0
P3,pre,filterbank_csp_shrinkage_lda,2.0,1.0,2.0,10,73,1,-1,0
P3,pre,filterbank_csp_shrinkage_lda,2.0,1.0,2.0,10,74,-1,-1,1
P3,pre,filterbank_csp_shrinkage_lda,2.0,1.0,2.0,10,75,-1,-1,1
P3,pre,filterbank_csp_shrinkage_lda,2.0,1.0,2.0,10,76,-1,-1,1
P3,pre,filterbank_csp_shrinkage_lda,2.0,1.0,2.0,10,77,1,-1,0
P3,pre,filterbank_csp_shrinkage_lda,2.0,1.0,2.0,10,78,1,1,1
P3,pre,filterbank_csp_shrinkage_lda,2.0,1.0,2.0,10,79,1,-1,0
P3,pre,filterbank_csp_shrinkage_lda,2.0,1.0,2.0,10,80,-1,-1,1
P3,pre,filterbank_csp_shrinkage_lda,2.0,1.0,2.0,20,61,1,1,1
P3,pre,filterbank_csp_shrinkage_lda,2.0,1.0,2.0,20,62,1,1,1
P3,pre,filterbank_csp_shrinkage_lda,2.0,1.0,2.0,20,63,-1,1,0
P3,pre,filterbank_csp_shrinkage_lda,2.0,1.0,2.0,20,64,-1,1,0
P3,pre,filterbank_csp_shrinkage_lda,2.0,1.0,2.0,20,65,1,1,1
P3,pre,filterbank_csp_shrinkage_lda,2.0,1.0,2.0,20,66,-1,1,0
P3,pre,filterbank_csp_shrinkage_lda,2.0,1.0,2.0,20,67,-1,-1,1
P3,pre,filterbank_csp_shrinkage_lda,2.0,1.0,2.0,20,68,1,1,1
P3,pre,filterbank_csp_shrinkage_lda,2.0,1.0,2.0,20,69,1,1,1
P3,pre,filterbank_csp_shrinkage_lda,2.0,1.0,2.0,20,70,-1,1,0
P3,pre,filterbank_csp_shrinkage_lda,2.0,1.0,2.0,20,71,-1,1,0
P3,pre,filterbank_csp_shrinkage_lda,2.0,1.0,2.0,20,72,1,1,1
P3,pre,filterbank_csp_shrinkage_lda,2.0,1.0,2.0,20,73,1,1,1
P3,pre,filterbank_csp_shrinkage_lda,2.0,1.0,2.0,20,74,-1,1,0
P3,pre,filterbank_csp_shrinkage_lda,2.0,1.0,2.0,20,75,-1,1,0
P3,pre,filterbank_csp_shrinkage_lda,2.0,1.0,2.0,20,76,-1,1,0
P3,pre,filterbank_csp_shrinkage_lda,2.0,1.0,2.0,20,77,1,1,1
P3,pre,filterbank_csp_shrinkage_lda,2.0,1.0,2.0,20,78,1,1,1
P3,pre,filterbank_csp_shrinkage_lda,2.0,1.0,2.0,20,79,1,1,1
P3,pre,filterbank_csp_shrinkage_lda,2.0,1.0,2.0,20,80,-1,1,0
P3,pre,filterbank_csp_shrinkage_lda,2.0,1.0,2.0,40,61,1,1,1
P3,pre,filterbank_csp_shrinkage_lda,2.0,1.0,2.0,40,62,1,1,1
P3,pre,filterbank_csp_shrinkage_lda,2.0,1.0,2.0,40,63,-1,-1,1
P3,pre,filterbank_csp_shrinkage_lda,2.0,1.0,2.0,40,64,-1,1,0
P3,pre,filterbank_csp_shrinkage_lda,2.0,1.0,2.0,40,65,1,1,1
P3,pre,filterbank_csp_shrinkage_lda,2.0,1.0,2.0,40,66,-1,1,0
P3,pre,filterbank_csp_shrinkage_lda,2.0,1.0,2.0,40,67,-1,1,0
P3,pre,filterbank_csp_shrinkage_lda,2.0,1.0,2.0,40,68,1,1,1
P3,pre,filterbank_csp_shrinkage_lda,2.0,1.0,2.0,40,69,1,-1,0
P3,pre,filterbank_csp_shrinkage_lda,2.0,1.0,2.0,40,70,-1,1,0
P3,pre,filterbank_csp_shrinkage_lda,2.0,1.0,2.0,40,71,-1,-1,1
P3,pre,filterbank_csp_shrinkage_lda,2.0,1.0,2.0,40,72,1,1,1
P3,pre,filterbank_csp_shrinkage_lda,2.0,1.0,2.0,40,73,1,-1,0
P3,pre,filterbank_csp_shrinkage_lda,2.0,1.0,2.0,40,74,-1,1,0
P3,pre,filterbank_csp_shrinkage_lda,2.0,1.0,2.0,40,75,-1,1,0
P3,pre,filterbank_csp_shrinkage_lda,2.0,1.0,2.0,40,76,-1,1,0
P3,pre,filterbank_csp_shrinkage_lda,2.0,1.0,2.0,40,77,1,1,1
P3,pre,filterbank_csp_shrinkage_lda,2.0,1.0,2.0,40,78,1,1,1
P3,pre,filterbank_csp_shrinkage_lda,2.0,1.0,2.0,40,79,1,1,1
P3,pre,filterbank_csp_shrinkage_lda,2.0,1.0,2.0,40,80,-1,1,0
P3,pre,filterbank_csp_shrinkage_lda,2.0,1.0,2.0,60,61,1,1,1
P3,pre,filterbank_csp_shrinkage_lda,2.0,1.0,2.0,60,62,1,1,1
P3,pre,filterbank_csp_shrinkage_lda,2.0,1.0,2.0,60,63,-1,-1,1
P3,pre,filterbank_csp_shrinkage_lda,2.0,1.0,2.0,60,64,-1,1,0
P3,pre,filterbank_csp_shrinkage_lda,2.0,1.0,2.0,60,65,1,-1,0
P3,pre,filterbank_csp_shrinkage_lda,2.0,1.0,2.0,60,66,-1,1,0
P3,pre,filterbank_csp_shrinkage_lda,2.0,1.0,2.0,60,67,-1,-1,1
P3,pre,filterbank_csp_shrinkage_lda,2.0,1.0,2.0,60,68,1,1,1
P3,pre,filterbank_csp_shrinkage_lda,2.0,1.0,2.0,60,69,1,-1,0
P3,pre,filterbank_csp_shrinkage_lda,2.0,1.0,2.0,60,70,-1,1,0
P3,pre,filterbank_csp_shrinkage_lda,2.0,1.0,2.0,60,71,-1,1,0
P3,pre,filterbank_csp_shrinkage_lda,2.0,1.0,2.0,60,72,1,1,1
P3,pre,filterbank_csp_shrinkage_lda,2.0,1.0,2.0,60,73,1,-1,0
P3,pre,filterbank_csp_shrinkage_lda,2.0,1.0,2.0,60,74,-1,1,0
P3,pre,filterbank_csp_shrinkage_lda,2.0,1.0,2.0,60,75,-1,1,0
P3,pre,filterbank_csp_shrinkage_lda,2.0,1.0,2.0,60,76,-1,1,0
P3,pre,filterbank_csp_shrinkage_lda,2.0,1.0,2.0,60,77,1,1,1
P3,pre,filterbank_csp_shrinkage_lda,2.0,1.0,2.0,60,78,1,-1,0
P3,pre,filterbank_csp_shrinkage_lda,2.0,1.0,2.0,60,79,1,1,1
P3,pre,filterbank_csp_shrinkage_lda,2.0,1.0,2.0,60,80,-1,1,0
P3,pre,filterbank_riemann_recentered,2.0,1.0,2.0,10,61,1,-1,0
P3,pre,filterbank_riemann_recentered,2.0,1.0,2.0,10,62,1,-1,0
P3,pre,filterbank_riemann_recentered,2.0,1.0,2.0,10,63,-1,-1,1
P3,pre,filterbank_riemann_recentered,2.0,1.0,2.0,10,64,-1,-1,1
P3,pre,filterbank_riemann_recentered,2.0,1.0,2.0,10,65,1,-1,0
P3,pre,filterbank_riemann_recentered,2.0,1.0,2.0,10,66,-1,-1,1
P3,pre,filterbank_riemann_recentered,2.0,1.0,2.0,10,67,-1,-1,1
P3,pre,filterbank_riemann_recentered,2.0,1.0,2.0,10,68,1,-1,0
P3,pre,filterbank_riemann_recentered,2.0,1.0,2.0,10,69,1,-1,0
P3,pre,filterbank_riemann_recentered,2.0,1.0,2.0,10,70,-1,-1,1
P3,pre,filterbank_riemann_recentered,2.0,1.0,2.0,10,71,-1,-1,1
P3,pre,filterbank_riemann_recentered,2.0,1.0,2.0,10,72,1,-1,0
P3,pre,filterbank_riemann_recentered,2.0,1.0,2.0,10,73,1,-1,0
P3,pre,filterbank_riemann_recentered,2.0,1.0,2.0,10,74,-1,-1,1
P3,pre,filterbank_riemann_recentered,2.0,1.0,2.0,10,75,-1,-1,1
P3,pre,filterbank_riemann_recentered,2.0,1.0,2.0,10,76,-1,-1,1
P3,pre,filterbank_riemann_recentered,2.0,1.0,2.0,10,77,1,-1,0
P3,pre,filterbank_riemann_recentered,2.0,1.0,2.0,10,78,1,1,1
P3,pre,filterbank_riemann_recentered,2.0,1.0,2.0,10,79,1,-1,0
P3,pre,filterbank_riemann_recentered,2.0,1.0,2.0,10,80,-1,-1,1
P3,pre,filterbank_riemann_recentered,2.0,1.0,2.0,20,61,1,1,1
P3,pre,filterbank_riemann_recentered,2.0,1.0,2.0,20,62,1,1,1
P3,pre,filterbank_riemann_recentered,2.0,1.0,2.0,20,63,-1,-1,1
P3,pre,filterbank_riemann_recentered,2.0,1.0,2.0,20,64,-1,1,0
P3,pre,filterbank_riemann_recentered,2.0,1.0,2.0,20,65,1,1,1
P3,pre,filterbank_riemann_recentered,2.0,1.0,2.0,20,66,-1,-1,1
P3,pre,filterbank_riemann_recentered,2.0,1.0,2.0,20,67,-1,1,0
P3,pre,filterbank_riemann_recentered,2.0,1.0,2.0,20,68,1,-1,0
P3,pre,filterbank_riemann_recentered,2.0,1.0,2.0,20,69,1,-1,0
P3,pre,filterbank_riemann_recentered,2.0,1.0,2.0,20,70,-1,-1,1
P3,pre,filterbank_riemann_recentered,2.0,1.0,2.0,20,71,-1,-1,1
P3,pre,filterbank_riemann_recentered,2.0,1.0,2.0,20,72,1,1,1
P3,pre,filterbank_riemann_recentered,2.0,1.0,2.0,20,73,1,-1,0
P3,pre,filterbank_riemann_recentered,2.0,1.0,2.0,20,74,-1,1,0
P3,pre,filterbank_riemann_recentered,2.0,1.0,2.0,20,75,-1,1,0
P3,pre,filterbank_riemann_recentered,2.0,1.0,2.0,20,76,-1,1,0
P3,pre,filterbank_riemann_recentered,2.0,1.0,2.0,20,77,1,1,1
P3,pre,filterbank_riemann_recentered,2.0,1.0,2.0,20,78,1,1,1
P3,pre,filterbank_riemann_recentered,2.0,1.0,2.0,20,79,1,1,1
P3,pre,filterbank_riemann_recentered,2.0,1.0,2.0,20,80,-1,1,0
P3,pre,filterbank_riemann_recentered,2.0,1.0,2.0,40,61,1,1,1
P3,pre,filterbank_riemann_recentered,2.0,1.0,2.0,40,62,1,1,1
P3,pre,filterbank_riemann_recentered,2.0,1.0,2.0,40,63,-1,-1,1
P3,pre,filterbank_riemann_recentered,2.0,1.0,2.0,40,64,-1,1,0
P3,pre,filterbank_riemann_recentered,2.0,1.0,2.0,40,65,1,-1,0
P3,pre,filterbank_riemann_recentered,2.0,1.0,2.0,40,66,-1,1,0
P3,pre,filterbank_riemann_recentered,2.0,1.0,2.0,40,67,-1,1,0
P3,pre,filterbank_riemann_recentered,2.0,1.0,2.0,40,68,1,1,1
P3,pre,filterbank_riemann_recentered,2.0,1.0,2.0,40,69,1,-1,0
P3,pre,filterbank_riemann_recentered,2.0,1.0,2.0,40,70,-1,-1,1
P3,pre,filterbank_riemann_recentered,2.0,1.0,2.0,40,71,-1,1,0
P3,pre,filterbank_riemann_recentered,2.0,1.0,2.0,40,72,1,-1,0
P3,pre,filterbank_riemann_recentered,2.0,1.0,2.0,40,73,1,-1,0
P3,pre,filterbank_riemann_recentered,2.0,1.0,2.0,40,74,-1,1,0
P3,pre,filterbank_riemann_recentered,2.0,1.0,2.0,40,75,-1,1,0
P3,pre,filterbank_riemann_recentered,2.0,1.0,2.0,40,76,-1,1,0
P3,pre,filterbank_riemann_recentered,2.0,1.0,2.0,40,77,1,-1,0
P3,pre,filterbank_riemann_recentered,2.0,1.0,2.0,40,78,1,1,1
P3,pre,filterbank_riemann_recentered,2.0,1.0,2.0,40,79,1,-1,0
P3,pre,filterbank_riemann_recentered,2.0,1.0,2.0,40,80,-1,1,0
P3,pre,filterbank_riemann_recentered,2.0,1.0,2.0,60,61,1,1,1
P3,pre,filterbank_riemann_recentered,2.0,1.0,2.0,60,62,1,1,1
P3,pre,filterbank_riemann_recentered,2.0,1.0,2.0,60,63,-1,-1,1
P3,pre,filterbank_riemann_recentered,2.0,1.0,2.0,60,64,-1,1,0
P3,pre,filterbank_riemann_recentered,2.0,1.0,2.0,60,65,1,-1,0
P3,pre,filterbank_riemann_recentered,2.0,1.0,2.0,60,66,-1,-1,1
P3,pre,filterbank_riemann_recentered,2.0,1.0,2.0,60,67,-1,1,0
P3,pre,filterbank_riemann_recentered,2.0,1.0,2.0,60,68,1,-1,0
P3,pre,filterbank_riemann_recentered,2.0,1.0,2.0,60,69,1,-1,0
P3,pre,filterbank_riemann_recentered,2.0,1.0,2.0,60,70,-1,-1,1
P3,pre,filterbank_riemann_recentered,2.0,1.0,2.0,60,71,-1,1,0
P3,pre,filterbank_riemann_recentered,2.0,1.0,2.0,60,72,1,-1,0
P3,pre,filterbank_riemann_recentered,2.0,1.0,2.0,60,73,1,-1,0
P3,pre,filterbank_riemann_recentered,2.0,1.0,2.0,60,74,-1,-1,1
P3,pre,filterbank_riemann_recentered,2.0,1.0,2.0,60,75,-1,1,0
P3,pre,filterbank_riemann_recentered,2.0,1.0,2.0,60,76,-1,1,0
P3,pre,filterbank_riemann_recentered,2.0,1.0,2.0,60,77,1,-1,0
P3,pre,filterbank_riemann_recentered,2.0,1.0,2.0,60,78,1,-1,0
P3,pre,filterbank_riemann_recentered,2.0,1.0,2.0,60,79,1,-1,0
P3,pre,filterbank_riemann_recentered,2.0,1.0,2.0,60,80,-1,1,0
P3,pre,filterbank_csp_shrinkage_lda,3.5,2.5,3.5,10,61,1,-1,0
P3,pre,filterbank_csp_shrinkage_lda,3.5,2.5,3.5,10,62,1,-1,0
P3,pre,filterbank_csp_shrinkage_lda,3.5,2.5,3.5,10,63,-1,-1,1
P3,pre,filterbank_csp_shrinkage_lda,3.5,2.5,3.5,10,64,-1,-1,1
P3,pre,filterbank_csp_shrinkage_lda,3.5,2.5,3.5,10,65,1,-1,0
P3,pre,filterbank_csp_shrinkage_lda,3.5,2.5,3.5,10,66,-1,-1,1
P3,pre,filterbank_csp_shrinkage_lda,3.5,2.5,3.5,10,67,-1,1,0
P3,pre,filterbank_csp_shrinkage_lda,3.5,2.5,3.5,10,68,1,-1,0
P3,pre,filterbank_csp_shrinkage_lda,3.5,2.5,3.5,10,69,1,-1,0
P3,pre,filterbank_csp_shrinkage_lda,3.5,2.5,3.5,10,70,-1,-1,1
P3,pre,filterbank_csp_shrinkage_lda,3.5,2.5,3.5,10,71,-1,-1,1
P3,pre,filterbank_csp_shrinkage_lda,3.5,2.5,3.5,10,72,1,-1,0
P3,pre,filterbank_csp_shrinkage_lda,3.5,2.5,3.5,10,73,1,-1,0
P3,pre,filterbank_csp_shrinkage_lda,3.5,2.5,3.5,10,74,-1,-1,1
P3,pre,filterbank_csp_shrinkage_lda,3.5,2.5,3.5,10,75,-1,-1,1
P3,pre,filterbank_csp_shrinkage_lda,3.5,2.5,3.5,10,76,-1,1,0
P3,pre,filterbank_csp_shrinkage_lda,3.5,2.5,3.5,10,77,1,-1,0
P3,pre,filterbank_csp_shrinkage_lda,3.5,2.5,3.5,10,78,1,-1,0
P3,pre,filterbank_csp_shrinkage_lda,3.5,2.5,3.5,10,79,1,-1,0
P3,pre,filterbank_csp_shrinkage_lda,3.5,2.5,3.5,10,80,-1,-1,1
P3,pre,filterbank_csp_shrinkage_lda,3.5,2.5,3.5,20,61,1,1,1
P3,pre,filterbank_csp_shrinkage_lda,3.5,2.5,3.5,20,62,1,-1,0
P3,pre,filterbank_csp_shrinkage_lda,3.5,2.5,3.5,20,63,-1,1,0
P3,pre,filterbank_csp_shrinkage_lda,3.5,2.5,3.5,20,64,-1,-1,1
P3,pre,filterbank_csp_shrinkage_lda,3.5,2.5,3.5,20,65,1,1,1
P3,pre,filterbank_csp_shrinkage_lda,3.5,2.5,3.5,20,66,-1,1,0
P3,pre,filterbank_csp_shrinkage_lda,3.5,2.5,3.5,20,67,-1,1,0
P3,pre,filterbank_csp_shrinkage_lda,3.5,2.5,3.5,20,68,1,1,1
P3,pre,filterbank_csp_shrinkage_lda,3.5,2.5,3.5,20,69,1,1,1
P3,pre,filterbank_csp_shrinkage_lda,3.5,2.5,3.5,20,70,-1,-1,1
P3,pre,filterbank_csp_shrinkage_lda,3.5,2.5,3.5,20,71,-1,1,0
P3,pre,filterbank_csp_shrinkage_lda,3.5,2.5,3.5,20,72,1,1,1
P3,pre,filterbank_csp_shrinkage_lda,3.5,2.5,3.5,20,73,1,-1,0
P3,pre,filterbank_csp_shrinkage_lda,3.5,2.5,3.5,20,74,-1,-1,1
P3,pre,filterbank_csp_shrinkage_lda,3.5,2.5,3.5,20,75,-1,-1,1
P3,pre,filterbank_csp_shrinkage_lda,3.5,2.5,3.5,20,76,-1,-1,1
P3,pre,filterbank_csp_shrinkage_lda,3.5,2.5,3.5,20,77,1,1,1
P3,pre,filterbank_csp_shrinkage_lda,3.5,2.5,3.5,20,78,1,1,1
P3,pre,filterbank_csp_shrinkage_lda,3.5,2.5,3.5,20,79,1,1,1
P3,pre,filterbank_csp_shrinkage_lda,3.5,2.5,3.5,20,80,-1,-1,1
P3,pre,filterbank_csp_shrinkage_lda,3.5,2.5,3.5,40,61,1,1,1
P3,pre,filterbank_csp_shrinkage_lda,3.5,2.5,3.5,40,62,1,1,1
P3,pre,filterbank_csp_shrinkage_lda,3.5,2.5,3.5,40,63,-1,1,0
P3,pre,filterbank_csp_shrinkage_lda,3.5,2.5,3.5,40,64,-1,1,0
P3,pre,filterbank_csp_shrinkage_lda,3.5,2.5,3.5,40,65,1,1,1
P3,pre,filterbank_csp_shrinkage_lda,3.5,2.5,3.5,40,66,-1,1,0
P3,pre,filterbank_csp_shrinkage_lda,3.5,2.5,3.5,40,67,-1,1,0
P3,pre,filterbank_csp_shrinkage_lda,3.5,2.5,3.5,40,68,1,1,1
P3,pre,filterbank_csp_shrinkage_lda,3.5,2.5,3.5,40,69,1,1,1
P3,pre,filterbank_csp_shrinkage_lda,3.5,2.5,3.5,40,70,-1,1,0
P3,pre,filterbank_csp_shrinkage_lda,3.5,2.5,3.5,40,71,-1,1,0
P3,pre,filterbank_csp_shrinkage_lda,3.5,2.5,3.5,40,72,1,1,1
P3,pre,filterbank_csp_shrinkage_lda,3.5,2.5,3.5,40,73,1,1,1
P3,pre,filterbank_csp_shrinkage_lda,3.5,2.5,3.5,40,74,-1,1,0
P3,pre,filterbank_csp_shrinkage_lda,3.5,2.5,3.5,40,75,-1,1,0
P3,pre,filterbank_csp_shrinkage_lda,3.5,2.5,3.5,40,76,-1,1,0
P3,pre,filterbank_csp_shrinkage_lda,3.5,2.5,3.5,40,77,1,1,1
P3,pre,filterbank_csp_shrinkage_lda,3.5,2.5,3.5,40,78,1,1,1
P3,pre,filterbank_csp_shrinkage_lda,3.5,2.5,3.5,40,79,1,1,1
P3,pre,filterbank_csp_shrinkage_lda,3.5,2.5,3.5,40,80,-1,-1,1
P3,pre,filterbank_csp_shrinkage_lda,3.5,2.5,3.5,60,61,1,1,1
P3,pre,filterbank_csp_shrinkage_lda,3.5,2.5,3.5,60,62,1,-1,0
P3,pre,filterbank_csp_shrinkage_lda,3.5,2.5,3.5,60,63,-1,1,0
P3,pre,filterbank_csp_shrinkage_lda,3.5,2.5,3.5,60,64,-1,1,0
P3,pre,filterbank_csp_shrinkage_lda,3.5,2.5,3.5,60,65,1,1,1
P3,pre,filterbank_csp_shrinkage_lda,3.5,2.5,3.5,60,66,-1,1,0
P3,pre,filterbank_csp_shrinkage_lda,3.5,2.5,3.5,60,67,-1,1,0
P3,pre,filterbank_csp_shrinkage_lda,3.5,2.5,3.5,60,68,1,1,1
P3,pre,filterbank_csp_shrinkage_lda,3.5,2.5,3.5,60,69,1,1,1
P3,pre,filterbank_csp_shrinkage_lda,3.5,2.5,3.5,60,70,-1,1,0
P3,pre,filterbank_csp_shrinkage_lda,3.5,2.5,3.5,60,71,-1,1,0
P3,pre,filterbank_csp_shrinkage_lda,3.5,2.5,3.5,60,72,1,1,1
P3,pre,filterbank_csp_shrinkage_lda,3.5,2.5,3.5,60,73,1,-1,0
P3,pre,filterbank_csp_shrinkage_lda,3.5,2.5,3.5,60,74,-1,1,0
P3,pre,filterbank_csp_shrinkage_lda,3.5,2.5,3.5,60,75,-1,1,0
P3,pre,filterbank_csp_shrinkage_lda,3.5,2.5,3.5,60,76,-1,1,0
P3,pre,filterbank_csp_shrinkage_lda,3.5,2.5,3.5,60,77,1,1,1
P3,pre,filterbank_csp_shrinkage_lda,3.5,2.5,3.5,60,78,1,1,1
P3,pre,filterbank_csp_shrinkage_lda,3.5,2.5,3.5,60,79,1,1,1
P3,pre,filterbank_csp_shrinkage_lda,3.5,2.5,3.5,60,80,-1,-1,1
P3,pre,filterbank_riemann_recentered,3.5,2.5,3.5,10,61,1,-1,0
P3,pre,filterbank_riemann_recentered,3.5,2.5,3.5,10,62,1,-1,0
P3,pre,filterbank_riemann_recentered,3.5,2.5,3.5,10,63,-1,-1,1
P3,pre,filterbank_riemann_recentered,3.5,2.5,3.5,10,64,-1,-1,1
P3,pre,filterbank_riemann_recentered,3.5,2.5,3.5,10,65,1,-1,0
P3,pre,filterbank_riemann_recentered,3.5,2.5,3.5,10,66,-1,-1,1
P3,pre,filterbank_riemann_recentered,3.5,2.5,3.5,10,67,-1,-1,1
P3,pre,filterbank_riemann_recentered,3.5,2.5,3.5,10,68,1,-1,0
P3,pre,filterbank_riemann_recentered,3.5,2.5,3.5,10,69,1,-1,0
P3,pre,filterbank_riemann_recentered,3.5,2.5,3.5,10,70,-1,-1,1
P3,pre,filterbank_riemann_recentered,3.5,2.5,3.5,10,71,-1,-1,1
P3,pre,filterbank_riemann_recentered,3.5,2.5,3.5,10,72,1,-1,0
P3,pre,filterbank_riemann_recentered,3.5,2.5,3.5,10,73,1,-1,0
P3,pre,filterbank_riemann_recentered,3.5,2.5,3.5,10,74,-1,-1,1
P3,pre,filterbank_riemann_recentered,3.5,2.5,3.5,10,75,-1,-1,1
P3,pre,filterbank_riemann_recentered,3.5,2.5,3.5,10,76,-1,-1,1
P3,pre,filterbank_riemann_recentered,3.5,2.5,3.5,10,77,1,-1,0
P3,pre,filterbank_riemann_recentered,3.5,2.5,3.5,10,78,1,1,1
P3,pre,filterbank_riemann_recentered,3.5,2.5,3.5,10,79,1,-1,0
P3,pre,filterbank_riemann_recentered,3.5,2.5,3.5,10,80,-1,-1,1
P3,pre,filterbank_riemann_recentered,3.5,2.5,3.5,20,61,1,1,1
P3,pre,filterbank_riemann_recentered,3.5,2.5,3.5,20,62,1,-1,0
P3,pre,filterbank_riemann_recentered,3.5,2.5,3.5,20,63,-1,-1,1
P3,pre,filterbank_riemann_recentered,3.5,2.5,3.5,20,64,-1,1,0
P3,pre,filterbank_riemann_recentered,3.5,2.5,3.5,20,65,1,1,1
P3,pre,filterbank_riemann_recentered,3.5,2.5,3.5,20,66,-1,-1,1
P3,pre,filterbank_riemann_recentered,3.5,2.5,3.5,20,67,-1,1,0
P3,pre,filterbank_riemann_recentered,3.5,2.5,3.5,20,68,1,1,1
P3,pre,filterbank_riemann_recentered,3.5,2.5,3.5,20,69,1,-1,0
P3,pre,filterbank_riemann_recentered,3.5,2.5,3.5,20,70,-1,-1,1
P3,pre,filterbank_riemann_recentered,3.5,2.5,3.5,20,71,-1,-1,1
P3,pre,filterbank_riemann_recentered,3.5,2.5,3.5,20,72,1,1,1
P3,pre,filterbank_riemann_recentered,3.5,2.5,3.5,20,73,1,-1,0
P3,pre,filterbank_riemann_recentered,3.5,2.5,3.5,20,74,-1,-1,1
P3,pre,filterbank_riemann_recentered,3.5,2.5,3.5,20,75,-1,1,0
P3,pre,filterbank_riemann_recentered,3.5,2.5,3.5,20,76,-1,1,0
P3,pre,filterbank_riemann_recentered,3.5,2.5,3.5,20,77,1,1,1
P3,pre,filterbank_riemann_recentered,3.5,2.5,3.5,20,78,1,1,1
P3,pre,filterbank_riemann_recentered,3.5,2.5,3.5,20,79,1,-1,0
P3,pre,filterbank_riemann_recentered,3.5,2.5,3.5,20,80,-1,1,0
P3,pre,filterbank_riemann_recentered,3.5,2.5,3.5,40,61,1,1,1
P3,pre,filterbank_riemann_recentered,3.5,2.5,3.5,40,62,1,-1,0
P3,pre,filterbank_riemann_recentered,3.5,2.5,3.5,40,63,-1,1,0
P3,pre,filterbank_riemann_recentered,3.5,2.5,3.5,40,64,-1,1,0
P3,pre,filterbank_riemann_recentered,3.5,2.5,3.5,40,65,1,1,1
P3,pre,filterbank_riemann_recentered,3.5,2.5,3.5,40,66,-1,-1,1
P3,pre,filterbank_riemann_recentered,3.5,2.5,3.5,40,67,-1,1,0
P3,pre,filterbank_riemann_recentered,3.5,2.5,3.5,40,68,1,1,1
P3,pre,filterbank_riemann_recentered,3.5,2.5,3.5,40,69,1,-1,0
P3,pre,filterbank_riemann_recentered,3.5,2.5,3.5,40,70,-1,-1,1
P3,pre,filterbank_riemann_recentered,3.5,2.5,3.5,40,71,-1,-1,1
P3,pre,filterbank_riemann_recentered,3.5,2.5,3.5,40,72,1,-1,0
P3,pre,filterbank_riemann_recentered,3.5,2.5,3.5,40,73,1,-1,0
P3,pre,filterbank_riemann_recentered,3.5,2.5,3.5,40,74,-1,-1,1
P3,pre,filterbank_riemann_recentered,3.5,2.5,3.5,40,75,-1,1,0
P3,pre,filterbank_riemann_recentered,3.5,2.5,3.5,40,76,-1,1,0
P3,pre,filterbank_riemann_recentered,3.5,2.5,3.5,40,77,1,1,1
P3,pre,filterbank_riemann_recentered,3.5,2.5,3.5,40,78,1,1,1
P3,pre,filterbank_riemann_recentered,3.5,2.5,3.5,40,79,1,-1,0
P3,pre,filterbank_riemann_recentered,3.5,2.5,3.5,40,80,-1,1,0
P3,pre,filterbank_riemann_recentered,3.5,2.5,3.5,60,61,1,1,1
P3,pre,filterbank_riemann_recentered,3.5,2.5,3.5,60,62,1,-1,0
P3,pre,filterbank_riemann_recentered,3.5,2.5,3.5,60,63,-1,1,0
P3,pre,filterbank_riemann_recentered,3.5,2.5,3.5,60,64,-1,-1,1
P3,pre,filterbank_riemann_recentered,3.5,2.5,3.5,60,65,1,1,1
P3,pre,filterbank_riemann_recentered,3.5,2.5,3.5,60,66,-1,-1,1
P3,pre,filterbank_riemann_recentered,3.5,2.5,3.5,60,67,-1,1,0
P3,pre,filterbank_riemann_recentered,3.5,2.5,3.5,60,68,1,1,1
P3,pre,filterbank_riemann_recentered,3.5,2.5,3.5,60,69,1,-1,0
P3,pre,filterbank_riemann_recentered,3.5,2.5,3.5,60,70,-1,-1,1
P3,pre,filterbank_riemann_recentered,3.5,2.5,3.5,60,71,-1,-1,1
P3,pre,filterbank_riemann_recentered,3.5,2.5,3.5,60,72,1,1,1
P3,pre,filterbank_riemann_recentered,3.5,2.5,3.5,60,73,1,-1,0
P3,pre,filterbank_riemann_recentered,3.5,2.5,3.5,60,74,-1,1,0
P3,pre,filterbank_riemann_recentered,3.5,2.5,3.5,60,75,-1,1,0
P3,pre,filterbank_riemann_recentered,3.5,2.5,3.5,60,76,-1,1,0
P3,pre,filterbank_riemann_recentered,3.5,2.5,3.5,60,77,1,1,1
P3,pre,filterbank_riemann_recentered,3.5,2.5,3.5,60,78,1,1,1
P3,pre,filterbank_riemann_recentered,3.5,2.5,3.5,60,79,1,1,1
P3,pre,filterbank_riemann_recentered,3.5,2.5,3.5,60,80,-1,-1,1
P3,pre,filterbank_csp_shrinkage_lda,4.25,3.25,4.25,10,61,1,1,1
P3,pre,filterbank_csp_shrinkage_lda,4.25,3.25,4.25,10,62,1,-1,0
P3,pre,filterbank_csp_shrinkage_lda,4.25,3.25,4.25,10,63,-1,-1,1
P3,pre,filterbank_csp_shrinkage_lda,4.25,3.25,4.25,10,64,-1,-1,1
P3,pre,filterbank_csp_shrinkage_lda,4.25,3.25,4.25,10,65,1,-1,0
P3,pre,filterbank_csp_shrinkage_lda,4.25,3.25,4.25,10,66,-1,-1,1
P3,pre,filterbank_csp_shrinkage_lda,4.25,3.25,4.25,10,67,-1,-1,1
P3,pre,filterbank_csp_shrinkage_lda,4.25,3.25,4.25,10,68,1,1,1
P3,pre,filterbank_csp_shrinkage_lda,4.25,3.25,4.25,10,69,1,-1,0
P3,pre,filterbank_csp_shrinkage_lda,4.25,3.25,4.25,10,70,-1,-1,1
P3,pre,filterbank_csp_shrinkage_lda,4.25,3.25,4.25,10,71,-1,-1,1
P3,pre,filterbank_csp_shrinkage_lda,4.25,3.25,4.25,10,72,1,-1,0
P3,pre,filterbank_csp_shrinkage_lda,4.25,3.25,4.25,10,73,1,-1,0
P3,pre,filterbank_csp_shrinkage_lda,4.25,3.25,4.25,10,74,-1,-1,1
P3,pre,filterbank_csp_shrinkage_lda,4.25,3.25,4.25,10,75,-1,-1,1
P3,pre,filterbank_csp_shrinkage_lda,4.25,3.25,4.25,10,76,-1,-1,1
P3,pre,filterbank_csp_shrinkage_lda,4.25,3.25,4.25,10,77,1,-1,0
P3,pre,filterbank_csp_shrinkage_lda,4.25,3.25,4.25,10,78,1,-1,0
P3,pre,filterbank_csp_shrinkage_lda,4.25,3.25,4.25,10,79,1,-1,0
P3,pre,filterbank_csp_shrinkage_lda,4.25,3.25,4.25,10,80,-1,-1,1
P3,pre,filterbank_csp_shrinkage_lda,4.25,3.25,4.25,20,61,1,1,1
P3,pre,filterbank_csp_shrinkage_lda,4.25,3.25,4.25,20,62,1,1,1
P3,pre,filterbank_csp_shrinkage_lda,4.25,3.25,4.25,20,63,-1,-1,1
P3,pre,filterbank_csp_shrinkage_lda,4.25,3.25,4.25,20,64,-1,1,0
P3,pre,filterbank_csp_shrinkage_lda,4.25,3.25,4.25,20,65,1,1,1
P3,pre,filterbank_csp_shrinkage_lda,4.25,3.25,4.25,20,66,-1,1,0
P3,pre,filterbank_csp_shrinkage_lda,4.25,3.25,4.25,20,67,-1,1,0
P3,pre,filterbank_csp_shrinkage_lda,4.25,3.25,4.25,20,68,1,1,1
P3,pre,filterbank_csp_shrinkage_lda,4.25,3.25,4.25,20,69,1,1,1
P3,pre,filterbank_csp_shrinkage_lda,4.25,3.25,4.25,20,70,-1,-1,1
P3,pre,filterbank_csp_shrinkage_lda,4.25,3.25,4.25,20,71,-1,-1,1
P3,pre,filterbank_csp_shrinkage_lda,4.25,3.25,4.25,20,72,1,1,1
P3,pre,filterbank_csp_shrinkage_lda,4.25,3.25,4.25,20,73,1,1,1
P3,pre,filterbank_csp_shrinkage_lda,4.25,3.25,4.25,20,74,-1,-1,1
P3,pre,filterbank_csp_shrinkage_lda,4.25,3.25,4.25,20,75,-1,-1,1
P3,pre,filterbank_csp_shrinkage_lda,4.25,3.25,4.25,20,76,-1,-1,1
P3,pre,filterbank_csp_shrinkage_lda,4.25,3.25,4.25,20,77,1,-1,0
P3,pre,filterbank_csp_shrinkage_lda,4.25,3.25,4.25,20,78,1,1,1
P3,pre,filterbank_csp_shrinkage_lda,4.25,3.25,4.25,20,79,1,1,1
P3,pre,filterbank_csp_shrinkage_lda,4.25,3.25,4.25,20,80,-1,-1,1
P3,pre,filterbank_csp_shrinkage_lda,4.25,3.25,4.25,40,61,1,1,1
P3,pre,filterbank_csp_shrinkage_lda,4.25,3.25,4.25,40,62,1,1,1
P3,pre,filterbank_csp_shrinkage_lda,4.25,3.25,4.25,40,63,-1,-1,1
P3,pre,filterbank_csp_shrinkage_lda,4.25,3.25,4.25,40,64,-1,1,0
P3,pre,filterbank_csp_shrinkage_lda,4.25,3.25,4.25,40,65,1,1,1
P3,pre,filterbank_csp_shrinkage_lda,4.25,3.25,4.25,40,66,-1,-1,1
P3,pre,filterbank_csp_shrinkage_lda,4.25,3.25,4.25,40,67,-1,1,0
P3,pre,filterbank_csp_shrinkage_lda,4.25,3.25,4.25,40,68,1,1,1
P3,pre,filterbank_csp_shrinkage_lda,4.25,3.25,4.25,40,69,1,1,1
P3,pre,filterbank_csp_shrinkage_lda,4.25,3.25,4.25,40,70,-1,-1,1
P3,pre,filterbank_csp_shrinkage_lda,4.25,3.25,4.25,40,71,-1,1,0
P3,pre,filterbank_csp_shrinkage_lda,4.25,3.25,4.25,40,72,1,1,1
P3,pre,filterbank_csp_shrinkage_lda,4.25,3.25,4.25,40,73,1,1,1
P3,pre,filterbank_csp_shrinkage_lda,4.25,3.25,4.25,40,74,-1,-1,1
P3,pre,filterbank_csp_shrinkage_lda,4.25,3.25,4.25,40,75,-1,1,0
P3,pre,filterbank_csp_shrinkage_lda,4.25,3.25,4.25,40,76,-1,-1,1
P3,pre,filterbank_csp_shrinkage_lda,4.25,3.25,4.25,40,77,1,1,1
P3,pre,filterbank_csp_shrinkage_lda,4.25,3.25,4.25,40,78,1,1,1
P3,pre,filterbank_csp_shrinkage_lda,4.25,3.25,4.25,40,79,1,1,1
P3,pre,filterbank_csp_shrinkage_lda,4.25,3.25,4.25,40,80,-1,-1,1
P3,pre,filterbank_csp_shrinkage_lda,4.25,3.25,4.25,60,61,1,1,1
P3,pre,filterbank_csp_shrinkage_lda,4.25,3.25,4.25,60,62,1,1,1
P3,pre,filterbank_csp_shrinkage_lda,4.25,3.25,4.25,60,63,-1,-1,1
P3,pre,filterbank_csp_shrinkage_lda,4.25,3.25,4.25,60,64,-1,1,0
P3,pre,filterbank_csp_shrinkage_lda,4.25,3.25,4.25,60,65,1,1,1
P3,pre,filterbank_csp_shrinkage_lda,4.25,3.25,4.25,60,66,-1,-1,1
P3,pre,filterbank_csp_shrinkage_lda,4.25,3.25,4.25,60,67,-1,1,0
P3,pre,filterbank_csp_shrinkage_lda,4.25,3.25,4.25,60,68,1,1,1
P3,pre,filterbank_csp_shrinkage_lda,4.25,3.25,4.25,60,69,1,1,1
P3,pre,filterbank_csp_shrinkage_lda,4.25,3.25,4.25,60,70,-1,-1,1
P3,pre,filterbank_csp_shrinkage_lda,4.25,3.25,4.25,60,71,-1,1,0
P3,pre,filterbank_csp_shrinkage_lda,4.25,3.25,4.25,60,72,1,1,1
P3,pre,filterbank_csp_shrinkage_lda,4.25,3.25,4.25,60,73,1,1,1
P3,pre,filterbank_csp_shrinkage_lda,4.25,3.25,4.25,60,74,-1,-1,1
P3,pre,filterbank_csp_shrinkage_lda,4.25,3.25,4.25,60,75,-1,1,0
P3,pre,filterbank_csp_shrinkage_lda,4.25,3.25,4.25,60,76,-1,-1,1
P3,pre,filterbank_csp_shrinkage_lda,4.25,3.25,4.25,60,77,1,1,1
P3,pre,filterbank_csp_shrinkage_lda,4.25,3.25,4.25,60,78,1,1,1
P3,pre,filterbank_csp_shrinkage_lda,4.25,3.25,4.25,60,79,1,1,1
P3,pre,filterbank_csp_shrinkage_lda,4.25,3.25,4.25,60,80,-1,-1,1
P3,pre,filterbank_riemann_recentered,4.25,3.25,4.25,10,61,1,-1,0
P3,pre,filterbank_riemann_recentered,4.25,3.25,4.25,10,62,1,-1,0
P3,pre,filterbank_riemann_recentered,4.25,3.25,4.25,10,63,-1,-1,1
P3,pre,filterbank_riemann_recentered,4.25,3.25,4.25,10,64,-1,-1,1
P3,pre,filterbank_riemann_recentered,4.25,3.25,4.25,10,65,1,-1,0
P3,pre,filterbank_riemann_recentered,4.25,3.25,4.25,10,66,-1,-1,1
P3,pre,filterbank_riemann_recentered,4.25,3.25,4.25,10,67,-1,-1,1
P3,pre,filterbank_riemann_recentered,4.25,3.25,4.25,10,68,1,-1,0
P3,pre,filterbank_riemann_recentered,4.25,3.25,4.25,10,69,1,-1,0
P3,pre,filterbank_riemann_recentered,4.25,3.25,4.25,10,70,-1,-1,1
P3,pre,filterbank_riemann_recentered,4.25,3.25,4.25,10,71,-1,-1,1
P3,pre,filterbank_riemann_recentered,4.25,3.25,4.25,10,72,1,-1,0
P3,pre,filterbank_riemann_recentered,4.25,3.25,4.25,10,73,1,-1,0
P3,pre,filterbank_riemann_recentered,4.25,3.25,4.25,10,74,-1,-1,1
P3,pre,filterbank_riemann_recentered,4.25,3.25,4.25,10,75,-1,-1,1
P3,pre,filterbank_riemann_recentered,4.25,3.25,4.25,10,76,-1,-1,1
P3,pre,filterbank_riemann_recentered,4.25,3.25,4.25,10,77,1,-1,0
P3,pre,filterbank_riemann_recentered,4.25,3.25,4.25,10,78,1,-1,0
P3,pre,filterbank_riemann_recentered,4.25,3.25,4.25,10,79,1,-1,0
P3,pre,filterbank_riemann_recentered,4.25,3.25,4.25,10,80,-1,-1,1
P3,pre,filterbank_riemann_recentered,4.25,3.25,4.25,20,61,1,1,1
P3,pre,filterbank_riemann_recentered,4.25,3.25,4.25,20,62,1,1,1
P3,pre,filterbank_riemann_recentered,4.25,3.25,4.25,20,63,-1,-1,1
P3,pre,filterbank_riemann_recentered,4.25,3.25,4.25,20,64,-1,-1,1
P3,pre,filterbank_riemann_recentered,4.25,3.25,4.25,20,65,1,-1,0
P3,pre,filterbank_riemann_recentered,4.25,3.25,4.25,20,66,-1,-1,1
P3,pre,filterbank_riemann_recentered,4.25,3.25,4.25,20,67,-1,-1,1
P3,pre,filterbank_riemann_recentered,4.25,3.25,4.25,20,68,1,1,1
P3,pre,filterbank_riemann_recentered,4.25,3.25,4.25,20,69,1,1,1
P3,pre,filterbank_riemann_recentered,4.25,3.25,4.25,20,70,-1,-1,1
P3,pre,filterbank_riemann_recentered,4.25,3.25,4.25,20,71,-1,-1,1
P3,pre,filterbank_riemann_recentered,4.25,3.25,4.25,20,72,1,1,1
P3,pre,filterbank_riemann_recentered,4.25,3.25,4.25,20,73,1,1,1
P3,pre,filterbank_riemann_recentered,4.25,3.25,4.25,20,74,-1,-1,1
P3,pre,filterbank_riemann_recentered,4.25,3.25,4.25,20,75,-1,-1,1
P3,pre,filterbank_riemann_recentered,4.25,3.25,4.25,20,76,-1,-1,1
P3,pre,filterbank_riemann_recentered,4.25,3.25,4.25,20,77,1,1,1
P3,pre,filterbank_riemann_recentered,4.25,3.25,4.25,20,78,1,1,1
P3,pre,filterbank_riemann_recentered,4.25,3.25,4.25,20,79,1,1,1
P3,pre,filterbank_riemann_recentered,4.25,3.25,4.25,20,80,-1,-1,1
P3,pre,filterbank_riemann_recentered,4.25,3.25,4.25,40,61,1,1,1
P3,pre,filterbank_riemann_recentered,4.25,3.25,4.25,40,62,1,1,1
P3,pre,filterbank_riemann_recentered,4.25,3.25,4.25,40,63,-1,-1,1
P3,pre,filterbank_riemann_recentered,4.25,3.25,4.25,40,64,-1,-1,1
P3,pre,filterbank_riemann_recentered,4.25,3.25,4.25,40,65,1,-1,0
P3,pre,filterbank_riemann_recentered,4.25,3.25,4.25,40,66,-1,-1,1
P3,pre,filterbank_riemann_recentered,4.25,3.25,4.25,40,67,-1,1,0
P3,pre,filterbank_riemann_recentered,4.25,3.25,4.25,40,68,1,1,1
P3,pre,filterbank_riemann_recentered,4.25,3.25,4.25,40,69,1,1,1
P3,pre,filterbank_riemann_recentered,4.25,3.25,4.25,40,70,-1,-1,1
P3,pre,filterbank_riemann_recentered,4.25,3.25,4.25,40,71,-1,-1,1
P3,pre,filterbank_riemann_recentered,4.25,3.25,4.25,40,72,1,1,1
P3,pre,filterbank_riemann_recentered,4.25,3.25,4.25,40,73,1,1,1
P3,pre,filterbank_riemann_recentered,4.25,3.25,4.25,40,74,-1,-1,1
P3,pre,filterbank_riemann_recentered,4.25,3.25,4.25,40,75,-1,-1,1
P3,pre,filterbank_riemann_recentered,4.25,3.25,4.25,40,76,-1,1,0
P3,pre,filterbank_riemann_recentered,4.25,3.25,4.25,40,77,1,1,1
P3,pre,filterbank_riemann_recentered,4.25,3.25,4.25,40,78,1,1,1
P3,pre,filterbank_riemann_recentered,4.25,3.25,4.25,40,79,1,1,1
P3,pre,filterbank_riemann_recentered,4.25,3.25,4.25,40,80,-1,-1,1
P3,pre,filterbank_riemann_recentered,4.25,3.25,4.25,60,61,1,1,1
P3,pre,filterbank_riemann_recentered,4.25,3.25,4.25,60,62,1,1,1
P3,pre,filterbank_riemann_recentered,4.25,3.25,4.25,60,63,-1,-1,1
P3,pre,filterbank_riemann_recentered,4.25,3.25,4.25,60,64,-1,-1,1
P3,pre,filterbank_riemann_recentered,4.25,3.25,4.25,60,65,1,-1,0
P3,pre,filterbank_riemann_recentered,4.25,3.25,4.25,60,66,-1,-1,1
P3,pre,filterbank_riemann_recentered,4.25,3.25,4.25,60,67,-1,-1,1
P3,pre,filterbank_riemann_recentered,4.25,3.25,4.25,60,68,1,1,1
P3,pre,filterbank_riemann_recentered,4.25,3.25,4.25,60,69,1,1,1
P3,pre,filterbank_riemann_recentered,4.25,3.25,4.25,60,70,-1,-1,1
P3,pre,filterbank_riemann_recentered,4.25,3.25,4.25,60,71,-1,-1,1
P3,pre,filterbank_riemann_recentered,4.25,3.25,4.25,60,72,1,1,1
P3,pre,filterbank_riemann_recentered,4.25,3.25,4.25,60,73,1,1,1
P3,pre,filterbank_riemann_recentered,4.25,3.25,4.25,60,74,-1,-1,1
P3,pre,filterbank_riemann_recentered,4.25,3.25,4.25,60,75,-1,-1,1
P3,pre,filterbank_riemann_recentered,4.25,3.25,4.25,60,76,-1,-1,1
P3,pre,filterbank_riemann_recentered,4.25,3.25,4.25,60,77,1,1,1
P3,pre,filterbank_riemann_recentered,4.25,3.25,4.25,60,78,1,1,1
P3,pre,filterbank_riemann_recentered,4.25,3.25,4.25,60,79,1,1,1
P3,pre,filterbank_riemann_recentered,4.25,3.25,4.25,60,80,-1,-1,1
P3,pre,filterbank_csp_shrinkage_lda,6.5,5.5,6.5,10,61,1,-1,0
P3,pre,filterbank_csp_shrinkage_lda,6.5,5.5,6.5,10,62,1,-1,0
P3,pre,filterbank_csp_shrinkage_lda,6.5,5.5,6.5,10,63,-1,-1,1
P3,pre,filterbank_csp_shrinkage_lda,6.5,5.5,6.5,10,64,-1,-1,1
P3,pre,filterbank_csp_shrinkage_lda,6.5,5.5,6.5,10,65,1,-1,0
P3,pre,filterbank_csp_shrinkage_lda,6.5,5.5,6.5,10,66,-1,-1,1
P3,pre,filterbank_csp_shrinkage_lda,6.5,5.5,6.5,10,67,-1,-1,1
P3,pre,filterbank_csp_shrinkage_lda,6.5,5.5,6.5,10,68,1,-1,0
P3,pre,filterbank_csp_shrinkage_lda,6.5,5.5,6.5,10,69,1,-1,0
P3,pre,filterbank_csp_shrinkage_lda,6.5,5.5,6.5,10,70,-1,-1,1
P3,pre,filterbank_csp_shrinkage_lda,6.5,5.5,6.5,10,71,-1,-1,1
P3,pre,filterbank_csp_shrinkage_lda,6.5,5.5,6.5,10,72,1,-1,0
P3,pre,filterbank_csp_shrinkage_lda,6.5,5.5,6.5,10,73,1,-1,0
P3,pre,filterbank_csp_shrinkage_lda,6.5,5.5,6.5,10,74,-1,-1,1
P3,pre,filterbank_csp_shrinkage_lda,6.5,5.5,6.5,10,75,-1,-1,1
P3,pre,filterbank_csp_shrinkage_lda,6.5,5.5,6.5,10,76,-1,-1,1
P3,pre,filterbank_csp_shrinkage_lda,6.5,5.5,6.5,10,77,1,-1,0
P3,pre,filterbank_csp_shrinkage_lda,6.5,5.5,6.5,10,78,1,-1,0
P3,pre,filterbank_csp_shrinkage_lda,6.5,5.5,6.5,10,79,1,-1,0
P3,pre,filterbank_csp_shrinkage_lda,6.5,5.5,6.5,10,80,-1,-1,1
P3,pre,filterbank_csp_shrinkage_lda,6.5,5.5,6.5,20,61,1,1,1
P3,pre,filterbank_csp_shrinkage_lda,6.5,5.5,6.5,20,62,1,1,1
P3,pre,filterbank_csp_shrinkage_lda,6.5,5.5,6.5,20,63,-1,-1,1
P3,pre,filterbank_csp_shrinkage_lda,6.5,5.5,6.5,20,64,-1,-1,1
P3,pre,filterbank_csp_shrinkage_lda,6.5,5.5,6.5,20,65,1,-1,0
P3,pre,filterbank_csp_shrinkage_lda,6.5,5.5,6.5,20,66,-1,-1,1
P3,pre,filterbank_csp_shrinkage_lda,6.5,5.5,6.5,20,67,-1,-1,1
P3,pre,filterbank_csp_shrinkage_lda,6.5,5.5,6.5,20,68,1,-1,0
P3,pre,filterbank_csp_shrinkage_lda,6.5,5.5,6.5,20,69,1,1,1
P3,pre,filterbank_csp_shrinkage_lda,6.5,5.5,6.5,20,70,-1,-1,1
P3,pre,filterbank_csp_shrinkage_lda,6.5,5.5,6.5,20,71,-1,-1,1
P3,pre,filterbank_csp_shrinkage_lda,6.5,5.5,6.5,20,72,1,1,1
P3,pre,filterbank_csp_shrinkage_lda,6.5,5.5,6.5,20,73,1,-1,0
P3,pre,filterbank_csp_shrinkage_lda,6.5,5.5,6.5,20,74,-1,-1,1
P3,pre,filterbank_csp_shrinkage_lda,6.5,5.5,6.5,20,75,-1,-1,1
P3,pre,filterbank_csp_shrinkage_lda,6.5,5.5,6.5,20,76,-1,-1,1
P3,pre,filterbank_csp_shrinkage_lda,6.5,5.5,6.5,20,77,1,1,1
P3,pre,filterbank_csp_shrinkage_lda,6.5,5.5,6.5,20,78,1,1,1
P3,pre,filterbank_csp_shrinkage_lda,6.5,5.5,6.5,20,79,1,-1,0
P3,pre,filterbank_csp_shrinkage_lda,6.5,5.5,6.5,20,80,-1,-1,1
P3,pre,filterbank_csp_shrinkage_lda,6.5,5.5,6.5,40,61,1,1,1
P3,pre,filterbank_csp_shrinkage_lda,6.5,5.5,6.5,40,62,1,-1,0
P3,pre,filterbank_csp_shrinkage_lda,6.5,5.5,6.5,40,63,-1,-1,1
P3,pre,filterbank_csp_shrinkage_lda,6.5,5.5,6.5,40,64,-1,-1,1
P3,pre,filterbank_csp_shrinkage_lda,6.5,5.5,6.5,40,65,1,1,1
P3,pre,filterbank_csp_shrinkage_lda,6.5,5.5,6.5,40,66,-1,-1,1
P3,pre,filterbank_csp_shrinkage_lda,6.5,5.5,6.5,40,67,-1,-1,1
P3,pre,filterbank_csp_shrinkage_lda,6.5,5.5,6.5,40,68,1,-1,0
P3,pre,filterbank_csp_shrinkage_lda,6.5,5.5,6.5,40,69,1,1,1
P3,pre,filterbank_csp_shrinkage_lda,6.5,5.5,6.5,40,70,-1,-1,1
P3,pre,filterbank_csp_shrinkage_lda,6.5,5.5,6.5,40,71,-1,-1,1
P3,pre,filterbank_csp_shrinkage_lda,6.5,5.5,6.5,40,72,1,1,1
P3,pre,filterbank_csp_shrinkage_lda,6.5,5.5,6.5,40,73,1,-1,0
P3,pre,filterbank_csp_shrinkage_lda,6.5,5.5,6.5,40,74,-1,-1,1
P3,pre,filterbank_csp_shrinkage_lda,6.5,5.5,6.5,40,75,-1,1,0
P3,pre,filterbank_csp_shrinkage_lda,6.5,5.5,6.5,40,76,-1,-1,1
P3,pre,filterbank_csp_shrinkage_lda,6.5,5.5,6.5,40,77,1,1,1
P3,pre,filterbank_csp_shrinkage_lda,6.5,5.5,6.5,40,78,1,1,1
P3,pre,filterbank_csp_shrinkage_lda,6.5,5.5,6.5,40,79,1,1,1
P3,pre,filterbank_csp_shrinkage_lda,6.5,5.5,6.5,40,80,-1,-1,1
P3,pre,filterbank_csp_shrinkage_lda,6.5,5.5,6.5,60,61,1,1,1
P3,pre,filterbank_csp_shrinkage_lda,6.5,5.5,6.5,60,62,1,1,1
P3,pre,filterbank_csp_shrinkage_lda,6.5,5.5,6.5,60,63,-1,-1,1
P3,pre,filterbank_csp_shrinkage_lda,6.5,5.5,6.5,60,64,-1,-1,1
P3,pre,filterbank_csp_shrinkage_lda,6.5,5.5,6.5,60,65,1,1,1
P3,pre,filterbank_csp_shrinkage_lda,6.5,5.5,6.5,60,66,-1,-1,1
P3,pre,filterbank_csp_shrinkage_lda,6.5,5.5,6.5,60,67,-1,-1,1
P3,pre,filterbank_csp_shrinkage_lda,6.5,5.5,6.5,60,68,1,-1,0
P3,pre,filterbank_csp_shrinkage_lda,6.5,5.5,6.5,60,69,1,1,1
P3,pre,filterbank_csp_shrinkage_lda,6.5,5.5,6.5,60,70,-1,-1,1
P3,pre,filterbank_csp_shrinkage_lda,6.5,5.5,6.5,60,71,-1,-1,1
P3,pre,filterbank_csp_shrinkage_lda,6.5,5.5,6.5,60,72,1,1,1
P3,pre,filterbank_csp_shrinkage_lda,6.5,5.5,6.5,60,73,1,-1,0
P3,pre,filterbank_csp_shrinkage_lda,6.5,5.5,6.5,60,74,-1,-1,1
P3,pre,filterbank_csp_shrinkage_lda,6.5,5.5,6.5,60,75,-1,-1,1
P3,pre,filterbank_csp_shrinkage_lda,6.5,5.5,6.5,60,76,-1,-1,1
P3,pre,filterbank_csp_shrinkage_lda,6.5,5.5,6.5,60,77,1,1,1
P3,pre,filterbank_csp_shrinkage_lda,6.5,5.5,6.5,60,78,1,1,1
P3,pre,filterbank_csp_shrinkage_lda,6.5,5.5,6.5,60,79,1,-1,0
P3,pre,filterbank_csp_shrinkage_lda,6.5,5.5,6.5,60,80,-1,-1,1
P3,pre,filterbank_riemann_recentered,6.5,5.5,6.5,10,61,1,-1,0
P3,pre,filterbank_riemann_recentered,6.5,5.5,6.5,10,62,1,-1,0
P3,pre,filterbank_riemann_recentered,6.5,5.5,6.5,10,63,-1,-1,1
P3,pre,filterbank_riemann_recentered,6.5,5.5,6.5,10,64,-1,-1,1
P3,pre,filterbank_riemann_recentered,6.5,5.5,6.5,10,65,1,-1,0
P3,pre,filterbank_riemann_recentered,6.5,5.5,6.5,10,66,-1,-1,1
P3,pre,filterbank_riemann_recentered,6.5,5.5,6.5,10,67,-1,-1,1
P3,pre,filterbank_riemann_recentered,6.5,5.5,6.5,10,68,1,-1,0
P3,pre,filterbank_riemann_recentered,6.5,5.5,6.5,10,69,1,-1,0
P3,pre,filterbank_riemann_recentered,6.5,5.5,6.5,10,70,-1,-1,1
P3,pre,filterbank_riemann_recentered,6.5,5.5,6.5,10,71,-1,-1,1
P3,pre,filterbank_riemann_recentered,6.5,5.5,6.5,10,72,1,-1,0
P3,pre,filterbank_riemann_recentered,6.5,5.5,6.5,10,73,1,-1,0
P3,pre,filterbank_riemann_recentered,6.5,5.5,6.5,10,74,-1,-1,1
P3,pre,filterbank_riemann_recentered,6.5,5.5,6.5,10,75,-1,-1,1
P3,pre,filterbank_riemann_recentered,6.5,5.5,6.5,10,76,-1,-1,1
P3,pre,filterbank_riemann_recentered,6.5,5.5,6.5,10,77,1,-1,0
P3,pre,filterbank_riemann_recentered,6.5,5.5,6.5,10,78,1,1,1
P3,pre,filterbank_riemann_recentered,6.5,5.5,6.5,10,79,1,-1,0
P3,pre,filterbank_riemann_recentered,6.5,5.5,6.5,10,80,-1,-1,1
P3,pre,filterbank_riemann_recentered,6.5,5.5,6.5,20,61,1,1,1
P3,pre,filterbank_riemann_recentered,6.5,5.5,6.5,20,62,1,1,1
P3,pre,filterbank_riemann_recentered,6.5,5.5,6.5,20,63,-1,-1,1
P3,pre,filterbank_riemann_recentered,6.5,5.5,6.5,20,64,-1,-1,1
P3,pre,filterbank_riemann_recentered,6.5,5.5,6.5,20,65,1,1,1
P3,pre,filterbank_riemann_recentered,6.5,5.5,6.5,20,66,-1,-1,1
P3,pre,filterbank_riemann_recentered,6.5,5.5,6.5,20,67,-1,-1,1
P3,pre,filterbank_riemann_recentered,6.5,5.5,6.5,20,68,1,-1,0
P3,pre,filterbank_riemann_recentered,6.5,5.5,6.5,20,69,1,1,1
P3,pre,filterbank_riemann_recentered,6.5,5.5,6.5,20,70,-1,-1,1
P3,pre,filterbank_riemann_recentered,6.5,5.5,6.5,20,71,-1,-1,1
P3,pre,filterbank_riemann_recentered,6.5,5.5,6.5,20,72,1,1,1
P3,pre,filterbank_riemann_recentered,6.5,5.5,6.5,20,73,1,-1,0
P3,pre,filterbank_riemann_recentered,6.5,5.5,6.5,20,74,-1,-1,1
P3,pre,filterbank_riemann_recentered,6.5,5.5,6.5,20,75,-1,-1,1
P3,pre,filterbank_riemann_recentered,6.5,5.5,6.5,20,76,-1,-1,1
P3,pre,filterbank_riemann_recentered,6.5,5.5,6.5,20,77,1,-1,0
P3,pre,filterbank_riemann_recentered,6.5,5.5,6.5,20,78,1,1,1
P3,pre,filterbank_riemann_recentered,6.5,5.5,6.5,20,79,1,1,1
P3,pre,filterbank_riemann_recentered,6.5,5.5,6.5,20,80,-1,-1,1
P3,pre,filterbank_riemann_recentered,6.5,5.5,6.5,40,61,1,1,1
P3,pre,filterbank_riemann_recentered,6.5,5.5,6.5,40,62,1,1,1
P3,pre,filterbank_riemann_recentered,6.5,5.5,6.5,40,63,-1,-1,1
P3,pre,filterbank_riemann_recentered,6.5,5.5,6.5,40,64,-1,-1,1
P3,pre,filterbank_riemann_recentered,6.5,5.5,6.5,40,65,1,1,1
P3,pre,filterbank_riemann_recentered,6.5,5.5,6.5,40,66,-1,-1,1
P3,pre,filterbank_riemann_recentered,6.5,5.5,6.5,40,67,-1,-1,1
P3,pre,filterbank_riemann_recentered,6.5,5.5,6.5,40,68,1,-1,0
P3,pre,filterbank_riemann_recentered,6.5,5.5,6.5,40,69,1,1,1
P3,pre,filterbank_riemann_recentered,6.5,5.5,6.5,40,70,-1,-1,1
P3,pre,filterbank_riemann_recentered,6.5,5.5,6.5,40,71,-1,-1,1
P3,pre,filterbank_riemann_recentered,6.5,5.5,6.5,40,72,1,1,1
P3,pre,filterbank_riemann_recentered,6.5,5.5,6.5,40,73,1,1,1
P3,pre,filterbank_riemann_recentered,6.5,5.5,6.5,40,74,-1,-1,1
P3,pre,filterbank_riemann_recentered,6.5,5.5,6.5,40,75,-1,-1,1
P3,pre,filterbank_riemann_recentered,6.5,5.5,6.5,40,76,-1,-1,1
P3,pre,filterbank_riemann_recentered,6.5,5.5,6.5,40,77,1,1,1
P3,pre,filterbank_riemann_recentered,6.5,5.5,6.5,40,78,1,1,1
P3,pre,filterbank_riemann_recentered,6.5,5.5,6.5,40,79,1,1,1
P3,pre,filterbank_riemann_recentered,6.5,5.5,6.5,40,80,-1,-1,1
P3,pre,filterbank_riemann_recentered,6.5,5.5,6.5,60,61,1,1,1
P3,pre,filterbank_riemann_recentered,6.5,5.5,6.5,60,62,1,1,1
P3,pre,filterbank_riemann_recentered,6.5,5.5,6.5,60,63,-1,-1,1
P3,pre,filterbank_riemann_recentered,6.5,5.5,6.5,60,64,-1,-1,1
P3,pre,filterbank_riemann_recentered,6.5,5.5,6.5,60,65,1,-1,0
P3,pre,filterbank_riemann_recentered,6.5,5.5,6.5,60,66,-1,-1,1
P3,pre,filterbank_riemann_recentered,6.5,5.5,6.5,60,67,-1,-1,1
P3,pre,filterbank_riemann_recentered,6.5,5.5,6.5,60,68,1,-1,0
P3,pre,filterbank_riemann_recentered,6.5,5.5,6.5,60,69,1,1,1
P3,pre,filterbank_riemann_recentered,6.5,5.5,6.5,60,70,-1,-1,1
P3,pre,filterbank_riemann_recentered,6.5,5.5,6.5,60,71,-1,-1,1
P3,pre,filterbank_riemann_recentered,6.5,5.5,6.5,60,72,1,1,1
P3,pre,filterbank_riemann_recentered,6.5,5.5,6.5,60,73,1,-1,0
P3,pre,filterbank_riemann_recentered,6.5,5.5,6.5,60,74,-1,-1,1
P3,pre,filterbank_riemann_recentered,6.5,5.5,6.5,60,75,-1,-1,1
P3,pre,filterbank_riemann_recentered,6.5,5.5,6.5,60,76,-1,-1,1
P3,pre,filterbank_riemann_recentered,6.5,5.5,6.5,60,77,1,1,1
P3,pre,filterbank_riemann_recentered,6.5,5.5,6.5,60,78,1,1,1
P3,pre,filterbank_riemann_recentered,6.5,5.5,6.5,60,79,1,1,1
P3,pre,filterbank_riemann_recentered,6.5,5.5,6.5,60,80,-1,-1,1
P3,post,filterbank_csp_shrinkage_lda,2.0,1.0,2.0,10,61,1,-1,0
P3,post,filterbank_csp_shrinkage_lda,2.0,1.0,2.0,10,62,1,-1,0
P3,post,filterbank_csp_shrinkage_lda,2.0,1.0,2.0,10,63,1,1,1
P3,post,filterbank_csp_shrinkage_lda,2.0,1.0,2.0,10,64,-1,-1,1
P3,post,filterbank_csp_shrinkage_lda,2.0,1.0,2.0,10,65,1,-1,0
P3,post,filterbank_csp_shrinkage_lda,2.0,1.0,2.0,10,66,1,-1,0
P3,post,filterbank_csp_shrinkage_lda,2.0,1.0,2.0,10,67,-1,-1,1
P3,post,filterbank_csp_shrinkage_lda,2.0,1.0,2.0,10,68,-1,-1,1
P3,post,filterbank_csp_shrinkage_lda,2.0,1.0,2.0,10,69,-1,-1,1
P3,post,filterbank_csp_shrinkage_lda,2.0,1.0,2.0,10,70,1,-1,0
P3,post,filterbank_csp_shrinkage_lda,2.0,1.0,2.0,10,71,1,-1,0
P3,post,filterbank_csp_shrinkage_lda,2.0,1.0,2.0,10,72,1,-1,0
P3,post,filterbank_csp_shrinkage_lda,2.0,1.0,2.0,10,73,1,-1,0
P3,post,filterbank_csp_shrinkage_lda,2.0,1.0,2.0,10,74,1,-1,0
P3,post,filterbank_csp_shrinkage_lda,2.0,1.0,2.0,10,75,-1,-1,1
P3,post,filterbank_csp_shrinkage_lda,2.0,1.0,2.0,10,76,-1,-1,1
P3,post,filterbank_csp_shrinkage_lda,2.0,1.0,2.0,10,77,-1,-1,1
P3,post,filterbank_csp_shrinkage_lda,2.0,1.0,2.0,10,78,1,-1,0
P3,post,filterbank_csp_shrinkage_lda,2.0,1.0,2.0,10,79,1,-1,0
P3,post,filterbank_csp_shrinkage_lda,2.0,1.0,2.0,10,80,1,-1,0
P3,post,filterbank_csp_shrinkage_lda,2.0,1.0,2.0,20,61,1,-1,0
P3,post,filterbank_csp_shrinkage_lda,2.0,1.0,2.0,20,62,1,-1,0
P3,post,filterbank_csp_shrinkage_lda,2.0,1.0,2.0,20,63,1,-1,0
P3,post,filterbank_csp_shrinkage_lda,2.0,1.0,2.0,20,64,-1,-1,1
P3,post,filterbank_csp_shrinkage_lda,2.0,1.0,2.0,20,65,1,-1,0
P3,post,filterbank_csp_shrinkage_lda,2.0,1.0,2.0,20,66,1,-1,0
P3,post,filterbank_csp_shrinkage_lda,2.0,1.0,2.0,20,67,-1,-1,1
P3,post,filterbank_csp_shrinkage_lda,2.0,1.0,2.0,20,68,-1,-1,1
P3,post,filterbank_csp_shrinkage_lda,2.0,1.0,2.0,20,69,-1,-1,1
P3,post,filterbank_csp_shrinkage_lda,2.0,1.0,2.0,20,70,1,-1,0
P3,post,filterbank_csp_shrinkage_lda,2.0,1.0,2.0,20,71,1,-1,0
P3,post,filterbank_csp_shrinkage_lda,2.0,1.0,2.0,20,72,1,-1,0
P3,post,filterbank_csp_shrinkage_lda,2.0,1.0,2.0,20,73,1,-1,0
P3,post,filterbank_csp_shrinkage_lda,2.0,1.0,2.0,20,74,1,-1,0
P3,post,filterbank_csp_shrinkage_lda,2.0,1.0,2.0,20,75,-1,-1,1
P3,post,filterbank_csp_shrinkage_lda,2.0,1.0,2.0,20,76,-1,-1,1
P3,post,filterbank_csp_shrinkage_lda,2.0,1.0,2.0,20,77,-1,-1,1
P3,post,filterbank_csp_shrinkage_lda,2.0,1.0,2.0,20,78,1,-1,0
P3,post,filterbank_csp_shrinkage_lda,2.0,1.0,2.0,20,79,1,-1,0
P3,post,filterbank_csp_shrinkage_lda,2.0,1.0,2.0,20,80,1,-1,0
P3,post,filterbank_csp_shrinkage_lda,2.0,1.0,2.0,40,61,1,1,1
P3,post,filterbank_csp_shrinkage_lda,2.0,1.0,2.0,40,62,1,-1,0
P3,post,filterbank_csp_shrinkage_lda,2.0,1.0,2.0,40,63,1,1,1
P3,post,filterbank_csp_shrinkage_lda,2.0,1.0,2.0,40,64,-1,-1,1
P3,post,filterbank_csp_shrinkage_lda,2.0,1.0,2.0,40,65,1,-1,0
P3,post,filterbank_csp_shrinkage_lda,2.0,1.0,2.0,40,66,1,-1,0
P3,post,filterbank_csp_shrinkage_lda,2.0,1.0,2.0,40,67,-1,1,0
P3,post,filterbank_csp_shrinkage_lda,2.0,1.0,2.0,40,68,-1,1,0
P3,post,filterbank_csp_shrinkage_lda,2.0,1.0,2.0,40,69,-1,-1,1
P3,post,filterbank_csp_shrinkage_lda,2.0,1.0,2.0,40,70,1,1,1
P3,post,filterbank_csp_shrinkage_lda,2.0,1.0,2.0,40,71,1,-1,0
P3,post,filterbank_csp_shrinkage_lda,2.0,1.0,2.0,40,72,1,-1,0
P3,post,filterbank_csp_shrinkage_lda,2.0,1.0,2.0,40,73,1,-1,0
P3,post,filterbank_csp_shrinkage_lda,2.0,1.0,2.0,40,74,1,-1,0
P3,post,filterbank_csp_shrinkage_lda,2.0,1.0,2.0,40,75,-1,-1,1
P3,post,filterbank_csp_shrinkage_lda,2.0,1.0,2.0,40,76,-1,1,0
P3,post,filterbank_csp_shrinkage_lda,2.0,1.0,2.0,40,77,-1,1,0
P3,post,filterbank_csp_shrinkage_lda,2.0,1.0,2.0,40,78,1,-1,0
P3,post,filterbank_csp_shrinkage_lda,2.0,1.0,2.0,40,79,1,1,1
P3,post,filterbank_csp_shrinkage_lda,2.0,1.0,2.0,40,80,1,-1,0
P3,post,filterbank_csp_shrinkage_lda,2.0,1.0,2.0,60,61,1,1,1
P3,post,filterbank_csp_shrinkage_lda,2.0,1.0,2.0,60,62,1,-1,0
P3,post,filterbank_csp_shrinkage_lda,2.0,1.0,2.0,60,63,1,1,1
P3,post,filterbank_csp_shrinkage_lda,2.0,1.0,2.0,60,64,-1,1,0
P3,post,filterbank_csp_shrinkage_lda,2.0,1.0,2.0,60,65,1,-1,0
P3,post,filterbank_csp_shrinkage_lda,2.0,1.0,2.0,60,66,1,1,1
P3,post,filterbank_csp_shrinkage_lda,2.0,1.0,2.0,60,67,-1,1,0
P3,post,filterbank_csp_shrinkage_lda,2.0,1.0,2.0,60,68,-1,-1,1
P3,post,filterbank_csp_shrinkage_lda,2.0,1.0,2.0,60,69,-1,-1,1
P3,post,filterbank_csp_shrinkage_lda,2.0,1.0,2.0,60,70,1,1,1
P3,post,filterbank_csp_shrinkage_lda,2.0,1.0,2.0,60,71,1,1,1
P3,post,filterbank_csp_shrinkage_lda,2.0,1.0,2.0,60,72,1,1,1
P3,post,filterbank_csp_shrinkage_lda,2.0,1.0,2.0,60,73,1,-1,0
P3,post,filterbank_csp_shrinkage_lda,2.0,1.0,2.0,60,74,1,1,1
P3,post,filterbank_csp_shrinkage_lda,2.0,1.0,2.0,60,75,-1,1,0
P3,post,filterbank_csp_shrinkage_lda,2.0,1.0,2.0,60,76,-1,1,0
P3,post,filterbank_csp_shrinkage_lda,2.0,1.0,2.0,60,77,-1,1,0
P3,post,filterbank_csp_shrinkage_lda,2.0,1.0,2.0,60,78,1,1,1
P3,post,filterbank_csp_shrinkage_lda,2.0,1.0,2.0,60,79,1,-1,0
P3,post,filterbank_csp_shrinkage_lda,2.0,1.0,2.0,60,80,1,1,1
P3,post,filterbank_riemann_recentered,2.0,1.0,2.0,10,61,1,-1,0
P3,post,filterbank_riemann_recentered,2.0,1.0,2.0,10,62,1,-1,0
P3,post,filterbank_riemann_recentered,2.0,1.0,2.0,10,63,1,-1,0
P3,post,filterbank_riemann_recentered,2.0,1.0,2.0,10,64,-1,-1,1
P3,post,filterbank_riemann_recentered,2.0,1.0,2.0,10,65,1,-1,0
P3,post,filterbank_riemann_recentered,2.0,1.0,2.0,10,66,1,-1,0
P3,post,filterbank_riemann_recentered,2.0,1.0,2.0,10,67,-1,-1,1
P3,post,filterbank_riemann_recentered,2.0,1.0,2.0,10,68,-1,-1,1
P3,post,filterbank_riemann_recentered,2.0,1.0,2.0,10,69,-1,-1,1
P3,post,filterbank_riemann_recentered,2.0,1.0,2.0,10,70,1,-1,0
P3,post,filterbank_riemann_recentered,2.0,1.0,2.0,10,71,1,-1,0
P3,post,filterbank_riemann_recentered,2.0,1.0,2.0,10,72,1,-1,0
P3,post,filterbank_riemann_recentered,2.0,1.0,2.0,10,73,1,-1,0
P3,post,filterbank_riemann_recentered,2.0,1.0,2.0,10,74,1,-1,0
P3,post,filterbank_riemann_recentered,2.0,1.0,2.0,10,75,-1,-1,1
P3,post,filterbank_riemann_recentered,2.0,1.0,2.0,10,76,-1,-1,1
P3,post,filterbank_riemann_recentered,2.0,1.0,2.0,10,77,-1,-1,1
P3,post,filterbank_riemann_recentered,2.0,1.0,2.0,10,78,1,-1,0
P3,post,filterbank_riemann_recentered,2.0,1.0,2.0,10,79,1,-1,0
P3,post,filterbank_riemann_recentered,2.0,1.0,2.0,10,80,1,-1,0
P3,post,filterbank_riemann_recentered,2.0,1.0,2.0,20,61,1,-1,0
P3,post,filterbank_riemann_recentered,2.0,1.0,2.0,20,62,1,-1,0
P3,post,filterbank_riemann_recentered,2.0,1.0,2.0,20,63,1,-1,0
P3,post,filterbank_riemann_recentered,2.0,1.0,2.0,20,64,-1,-1,1
P3,post,filterbank_riemann_recentered,2.0,1.0,2.0,20,65,1,-1,0
P3,post,filterbank_riemann_recentered,2.0,1.0,2.0,20,66,1,-1,0
P3,post,filterbank_riemann_recentered,2.0,1.0,2.0,20,67,-1,-1,1
P3,post,filterbank_riemann_recentered,2.0,1.0,2.0,20,68,-1,-1,1
P3,post,filterbank_riemann_recentered,2.0,1.0,2.0,20,69,-1,-1,1
P3,post,filterbank_riemann_recentered,2.0,1.0,2.0,20,70,1,-1,0
P3,post,filterbank_riemann_recentered,2.0,1.0,2.0,20,71,1,-1,0
P3,post,filterbank_riemann_recentered,2.0,1.0,2.0,20,72,1,-1,0
P3,post,filterbank_riemann_recentered,2.0,1.0,2.0,20,73,1,-1,0
P3,post,filterbank_riemann_recentered,2.0,1.0,2.0,20,74,1,-1,0
P3,post,filterbank_riemann_recentered,2.0,1.0,2.0,20,75,-1,-1,1
P3,post,filterbank_riemann_recentered,2.0,1.0,2.0,20,76,-1,-1,1
P3,post,filterbank_riemann_recentered,2.0,1.0,2.0,20,77,-1,-1,1
P3,post,filterbank_riemann_recentered,2.0,1.0,2.0,20,78,1,-1,0
P3,post,filterbank_riemann_recentered,2.0,1.0,2.0,20,79,1,-1,0
P3,post,filterbank_riemann_recentered,2.0,1.0,2.0,20,80,1,-1,0
P3,post,filterbank_riemann_recentered,2.0,1.0,2.0,40,61,1,-1,0
P3,post,filterbank_riemann_recentered,2.0,1.0,2.0,40,62,1,-1,0
P3,post,filterbank_riemann_recentered,2.0,1.0,2.0,40,63,1,-1,0
P3,post,filterbank_riemann_recentered,2.0,1.0,2.0,40,64,-1,1,0
P3,post,filterbank_riemann_recentered,2.0,1.0,2.0,40,65,1,-1,0
P3,post,filterbank_riemann_recentered,2.0,1.0,2.0,40,66,1,-1,0
P3,post,filterbank_riemann_recentered,2.0,1.0,2.0,40,67,-1,-1,1
P3,post,filterbank_riemann_recentered,2.0,1.0,2.0,40,68,-1,-1,1
P3,post,filterbank_riemann_recentered,2.0,1.0,2.0,40,69,-1,-1,1
P3,post,filterbank_riemann_recentered,2.0,1.0,2.0,40,70,1,-1,0
P3,post,filterbank_riemann_recentered,2.0,1.0,2.0,40,71,1,-1,0
P3,post,filterbank_riemann_recentered,2.0,1.0,2.0,40,72,1,-1,0
P3,post,filterbank_riemann_recentered,2.0,1.0,2.0,40,73,1,-1,0
P3,post,filterbank_riemann_recentered,2.0,1.0,2.0,40,74,1,-1,0
P3,post,filterbank_riemann_recentered,2.0,1.0,2.0,40,75,-1,-1,1
P3,post,filterbank_riemann_recentered,2.0,1.0,2.0,40,76,-1,-1,1
P3,post,filterbank_riemann_recentered,2.0,1.0,2.0,40,77,-1,-1,1
P3,post,filterbank_riemann_recentered,2.0,1.0,2.0,40,78,1,-1,0
P3,post,filterbank_riemann_recentered,2.0,1.0,2.0,40,79,1,1,1
P3,post,filterbank_riemann_recentered,2.0,1.0,2.0,40,80,1,1,1
P3,post,filterbank_riemann_recentered,2.0,1.0,2.0,60,61,1,1,1
P3,post,filterbank_riemann_recentered,2.0,1.0,2.0,60,62,1,-1,0
P3,post,filterbank_riemann_recentered,2.0,1.0,2.0,60,63,1,-1,0
P3,post,filterbank_riemann_recentered,2.0,1.0,2.0,60,64,-1,1,0
P3,post,filterbank_riemann_recentered,2.0,1.0,2.0,60,65,1,-1,0
P3,post,filterbank_riemann_recentered,2.0,1.0,2.0,60,66,1,1,1
P3,post,filterbank_riemann_recentered,2.0,1.0,2.0,60,67,-1,1,0
P3,post,filterbank_riemann_recentered,2.0,1.0,2.0,60,68,-1,-1,1
P3,post,filterbank_riemann_recentered,2.0,1.0,2.0,60,69,-1,-1,1
P3,post,filterbank_riemann_recentered,2.0,1.0,2.0,60,70,1,-1,0
P3,post,filterbank_riemann_recentered,2.0,1.0,2.0,60,71,1,-1,0
P3,post,filterbank_riemann_recentered,2.0,1.0,2.0,60,72,1,-1,0
P3,post,filterbank_riemann_recentered,2.0,1.0,2.0,60,73,1,-1,0
P3,post,filterbank_riemann_recentered,2.0,1.0,2.0,60,74,1,-1,0
P3,post,filterbank_riemann_recentered,2.0,1.0,2.0,60,75,-1,-1,1
P3,post,filterbank_riemann_recentered,2.0,1.0,2.0,60,76,-1,-1,1
P3,post,filterbank_riemann_recentered,2.0,1.0,2.0,60,77,-1,1,0
P3,post,filterbank_riemann_recentered,2.0,1.0,2.0,60,78,1,-1,0
P3,post,filterbank_riemann_recentered,2.0,1.0,2.0,60,79,1,-1,0
P3,post,filterbank_riemann_recentered,2.0,1.0,2.0,60,80,1,1,1
P3,post,filterbank_csp_shrinkage_lda,3.5,2.5,3.5,10,61,1,-1,0
P3,post,filterbank_csp_shrinkage_lda,3.5,2.5,3.5,10,62,1,-1,0
P3,post,filterbank_csp_shrinkage_lda,3.5,2.5,3.5,10,63,1,-1,0
P3,post,filterbank_csp_shrinkage_lda,3.5,2.5,3.5,10,64,-1,-1,1
P3,post,filterbank_csp_shrinkage_lda,3.5,2.5,3.5,10,65,1,-1,0
P3,post,filterbank_csp_shrinkage_lda,3.5,2.5,3.5,10,66,1,-1,0
P3,post,filterbank_csp_shrinkage_lda,3.5,2.5,3.5,10,67,-1,-1,1
P3,post,filterbank_csp_shrinkage_lda,3.5,2.5,3.5,10,68,-1,-1,1
P3,post,filterbank_csp_shrinkage_lda,3.5,2.5,3.5,10,69,-1,-1,1
P3,post,filterbank_csp_shrinkage_lda,3.5,2.5,3.5,10,70,1,-1,0
P3,post,filterbank_csp_shrinkage_lda,3.5,2.5,3.5,10,71,1,1,1
P3,post,filterbank_csp_shrinkage_lda,3.5,2.5,3.5,10,72,1,1,1
P3,post,filterbank_csp_shrinkage_lda,3.5,2.5,3.5,10,73,1,-1,0
P3,post,filterbank_csp_shrinkage_lda,3.5,2.5,3.5,10,74,1,-1,0
P3,post,filterbank_csp_shrinkage_lda,3.5,2.5,3.5,10,75,-1,-1,1
P3,post,filterbank_csp_shrinkage_lda,3.5,2.5,3.5,10,76,-1,-1,1
P3,post,filterbank_csp_shrinkage_lda,3.5,2.5,3.5,10,77,-1,-1,1
P3,post,filterbank_csp_shrinkage_lda,3.5,2.5,3.5,10,78,1,1,1
P3,post,filterbank_csp_shrinkage_lda,3.5,2.5,3.5,10,79,1,-1,0
P3,post,filterbank_csp_shrinkage_lda,3.5,2.5,3.5,10,80,1,1,1
P3,post,filterbank_csp_shrinkage_lda,3.5,2.5,3.5,20,61,1,-1,0
P3,post,filterbank_csp_shrinkage_lda,3.5,2.5,3.5,20,62,1,-1,0
P3,post,filterbank_csp_shrinkage_lda,3.5,2.5,3.5,20,63,1,-1,0
P3,post,filterbank_csp_shrinkage_lda,3.5,2.5,3.5,20,64,-1,-1,1
P3,post,filterbank_csp_shrinkage_lda,3.5,2.5,3.5,20,65,1,-1,0
P3,post,filterbank_csp_shrinkage_lda,3.5,2.5,3.5,20,66,1,-1,0
P3,post,filterbank_csp_shrinkage_lda,3.5,2.5,3.5,20,67,-1,-1,1
P3,post,filterbank_csp_shrinkage_lda,3.5,2.5,3.5,20,68,-1,-1,1
P3,post,filterbank_csp_shrinkage_lda,3.5,2.5,3.5,20,69,-1,-1,1
P3,post,filterbank_csp_shrinkage_lda,3.5,2.5,3.5,20,70,1,-1,0
P3,post,filterbank_csp_shrinkage_lda,3.5,2.5,3.5,20,71,1,-1,0
P3,post,filterbank_csp_shrinkage_lda,3.5,2.5,3.5,20,72,1,1,1
P3,post,filterbank_csp_shrinkage_lda,3.5,2.5,3.5,20,73,1,-1,0
P3,post,filterbank_csp_shrinkage_lda,3.5,2.5,3.5,20,74,1,-1,0
P3,post,filterbank_csp_shrinkage_lda,3.5,2.5,3.5,20,75,-1,-1,1
P3,post,filterbank_csp_shrinkage_lda,3.5,2.5,3.5,20,76,-1,-1,1
P3,post,filterbank_csp_shrinkage_lda,3.5,2.5,3.5,20,77,-1,-1,1
P3,post,filterbank_csp_shrinkage_lda,3.5,2.5,3.5,20,78,1,1,1
P3,post,filterbank_csp_shrinkage_lda,3.5,2.5,3.5,20,79,1,-1,0
P3,post,filterbank_csp_shrinkage_lda,3.5,2.5,3.5,20,80,1,1,1
P3,post,filterbank_csp_shrinkage_lda,3.5,2.5,3.5,40,61,1,-1,0
P3,post,filterbank_csp_shrinkage_lda,3.5,2.5,3.5,40,62,1,-1,0
P3,post,filterbank_csp_shrinkage_lda,3.5,2.5,3.5,40,63,1,-1,0
P3,post,filterbank_csp_shrinkage_lda,3.5,2.5,3.5,40,64,-1,1,0
P3,post,filterbank_csp_shrinkage_lda,3.5,2.5,3.5,40,65,1,-1,0
P3,post,filterbank_csp_shrinkage_lda,3.5,2.5,3.5,40,66,1,-1,0
P3,post,filterbank_csp_shrinkage_lda,3.5,2.5,3.5,40,67,-1,-1,1
P3,post,filterbank_csp_shrinkage_lda,3.5,2.5,3.5,40,68,-1,-1,1
P3,post,filterbank_csp_shrinkage_lda,3.5,2.5,3.5,40,69,-1,-1,1
P3,post,filterbank_csp_shrinkage_lda,3.5,2.5,3.5,40,70,1,1,1
P3,post,filterbank_csp_shrinkage_lda,3.5,2.5,3.5,40,71,1,1,1
P3,post,filterbank_csp_shrinkage_lda,3.5,2.5,3.5,40,72,1,1,1
P3,post,filterbank_csp_shrinkage_lda,3.5,2.5,3.5,40,73,1,-1,0
P3,post,filterbank_csp_shrinkage_lda,3.5,2.5,3.5,40,74,1,-1,0
P3,post,filterbank_csp_shrinkage_lda,3.5,2.5,3.5,40,75,-1,-1,1
P3,post,filterbank_csp_shrinkage_lda,3.5,2.5,3.5,40,76,-1,-1,1
P3,post,filterbank_csp_shrinkage_lda,3.5,2.5,3.5,40,77,-1,-1,1
P3,post,filterbank_csp_shrinkage_lda,3.5,2.5,3.5,40,78,1,1,1
P3,post,filterbank_csp_shrinkage_lda,3.5,2.5,3.5,40,79,1,1,1
P3,post,filterbank_csp_shrinkage_lda,3.5,2.5,3.5,40,80,1,1,1
P3,post,filterbank_csp_shrinkage_lda,3.5,2.5,3.5,60,61,1,-1,0
P3,post,filterbank_csp_shrinkage_lda,3.5,2.5,3.5,60,62,1,1,1
P3,post,filterbank_csp_shrinkage_lda,3.5,2.5,3.5,60,63,1,-1,0
P3,post,filterbank_csp_shrinkage_lda,3.5,2.5,3.5,60,64,-1,-1,1
P3,post,filterbank_csp_shrinkage_lda,3.5,2.5,3.5,60,65,1,-1,0
P3,post,filterbank_csp_shrinkage_lda,3.5,2.5,3.5,60,66,1,-1,0
P3,post,filterbank_csp_shrinkage_lda,3.5,2.5,3.5,60,67,-1,1,0
P3,post,filterbank_csp_shrinkage_lda,3.5,2.5,3.5,60,68,-1,-1,1
P3,post,filterbank_csp_shrinkage_lda,3.5,2.5,3.5,60,69,-1,1,0
P3,post,filterbank_csp_shrinkage_lda,3.5,2.5,3.5,60,70,1,1,1
P3,post,filterbank_csp_shrinkage_lda,3.5,2.5,3.5,60,71,1,1,1
P3,post,filterbank_csp_shrinkage_lda,3.5,2.5,3.5,60,72,1,-1,0
P3,post,filterbank_csp_shrinkage_lda,3.5,2.5,3.5,60,73,1,1,1
P3,post,filterbank_csp_shrinkage_lda,3.5,2.5,3.5,60,74,1,-1,0
P3,post,filterbank_csp_shrinkage_lda,3.5,2.5,3.5,60,75,-1,-1,1
P3,post,filterbank_csp_shrinkage_lda,3.5,2.5,3.5,60,76,-1,-1,1
P3,post,filterbank_csp_shrinkage_lda,3.5,2.5,3.5,60,77,-1,-1,1
P3,post,filterbank_csp_shrinkage_lda,3.5,2.5,3.5,60,78,1,-1,0
P3,post,filterbank_csp_shrinkage_lda,3.5,2.5,3.5,60,79,1,1,1
P3,post,filterbank_csp_shrinkage_lda,3.5,2.5,3.5,60,80,1,1,1
P3,post,filterbank_riemann_recentered,3.5,2.5,3.5,10,61,1,-1,0
P3,post,filterbank_riemann_recentered,3.5,2.5,3.5,10,62,1,-1,0
P3,post,filterbank_riemann_recentered,3.5,2.5,3.5,10,63,1,-1,0
P3,post,filterbank_riemann_recentered,3.5,2.5,3.5,10,64,-1,-1,1
P3,post,filterbank_riemann_recentered,3.5,2.5,3.5,10,65,1,-1,0
P3,post,filterbank_riemann_recentered,3.5,2.5,3.5,10,66,1,-1,0
P3,post,filterbank_riemann_recentered,3.5,2.5,3.5,10,67,-1,-1,1
P3,post,filterbank_riemann_recentered,3.5,2.5,3.5,10,68,-1,-1,1
P3,post,filterbank_riemann_recentered,3.5,2.5,3.5,10,69,-1,-1,1
P3,post,filterbank_riemann_recentered,3.5,2.5,3.5,10,70,1,-1,0
P3,post,filterbank_riemann_recentered,3.5,2.5,3.5,10,71,1,-1,0
P3,post,filterbank_riemann_recentered,3.5,2.5,3.5,10,72,1,-1,0
P3,post,filterbank_riemann_recentered,3.5,2.5,3.5,10,73,1,-1,0
P3,post,filterbank_riemann_recentered,3.5,2.5,3.5,10,74,1,-1,0
P3,post,filterbank_riemann_recentered,3.5,2.5,3.5,10,75,-1,-1,1
P3,post,filterbank_riemann_recentered,3.5,2.5,3.5,10,76,-1,-1,1
P3,post,filterbank_riemann_recentered,3.5,2.5,3.5,10,77,-1,-1,1
P3,post,filterbank_riemann_recentered,3.5,2.5,3.5,10,78,1,-1,0
P3,post,filterbank_riemann_recentered,3.5,2.5,3.5,10,79,1,-1,0
P3,post,filterbank_riemann_recentered,3.5,2.5,3.5,10,80,1,-1,0
P3,post,filterbank_riemann_recentered,3.5,2.5,3.5,20,61,1,-1,0
P3,post,filterbank_riemann_recentered,3.5,2.5,3.5,20,62,1,-1,0
P3,post,filterbank_riemann_recentered,3.5,2.5,3.5,20,63,1,-1,0
P3,post,filterbank_riemann_recentered,3.5,2.5,3.5,20,64,-1,-1,1
P3,post,filterbank_riemann_recentered,3.5,2.5,3.5,20,65,1,-1,0
P3,post,filterbank_riemann_recentered,3.5,2.5,3.5,20,66,1,-1,0
P3,post,filterbank_riemann_recentered,3.5,2.5,3.5,20,67,-1,-1,1
P3,post,filterbank_riemann_recentered,3.5,2.5,3.5,20,68,-1,-1,1
P3,post,filterbank_riemann_recentered,3.5,2.5,3.5,20,69,-1,-1,1
P3,post,filterbank_riemann_recentered,3.5,2.5,3.5,20,70,1,-1,0
P3,post,filterbank_riemann_recentered,3.5,2.5,3.5,20,71,1,-1,0
P3,post,filterbank_riemann_recentered,3.5,2.5,3.5,20,72,1,-1,0
P3,post,filterbank_riemann_recentered,3.5,2.5,3.5,20,73,1,-1,0
P3,post,filterbank_riemann_recentered,3.5,2.5,3.5,20,74,1,-1,0
P3,post,filterbank_riemann_recentered,3.5,2.5,3.5,20,75,-1,-1,1
P3,post,filterbank_riemann_recentered,3.5,2.5,3.5,20,76,-1,-1,1
P3,post,filterbank_riemann_recentered,3.5,2.5,3.5,20,77,-1,-1,1
P3,post,filterbank_riemann_recentered,3.5,2.5,3.5,20,78,1,-1,0
P3,post,filterbank_riemann_recentered,3.5,2.5,3.5,20,79,1,-1,0
P3,post,filterbank_riemann_recentered,3.5,2.5,3.5,20,80,1,1,1
P3,post,filterbank_riemann_recentered,3.5,2.5,3.5,40,61,1,-1,0
P3,post,filterbank_riemann_recentered,3.5,2.5,3.5,40,62,1,-1,0
P3,post,filterbank_riemann_recentered,3.5,2.5,3.5,40,63,1,-1,0
P3,post,filterbank_riemann_recentered,3.5,2.5,3.5,40,64,-1,-1,1
P3,post,filterbank_riemann_recentered,3.5,2.5,3.5,40,65,1,-1,0
P3,post,filterbank_riemann_recentered,3.5,2.5,3.5,40,66,1,-1,0
P3,post,filterbank_riemann_recentered,3.5,2.5,3.5,40,67,-1,-1,1
P3,post,filterbank_riemann_recentered,3.5,2.5,3.5,40,68,-1,-1,1
P3,post,filterbank_riemann_recentered,3.5,2.5,3.5,40,69,-1,-1,1
P3,post,filterbank_riemann_recentered,3.5,2.5,3.5,40,70,1,1,1
P3,post,filterbank_riemann_recentered,3.5,2.5,3.5,40,71,1,1,1
P3,post,filterbank_riemann_recentered,3.5,2.5,3.5,40,72,1,1,1
P3,post,filterbank_riemann_recentered,3.5,2.5,3.5,40,73,1,-1,0
P3,post,filterbank_riemann_recentered,3.5,2.5,3.5,40,74,1,-1,0
P3,post,filterbank_riemann_recentered,3.5,2.5,3.5,40,75,-1,-1,1
P3,post,filterbank_riemann_recentered,3.5,2.5,3.5,40,76,-1,-1,1
P3,post,filterbank_riemann_recentered,3.5,2.5,3.5,40,77,-1,-1,1
P3,post,filterbank_riemann_recentered,3.5,2.5,3.5,40,78,1,-1,0
P3,post,filterbank_riemann_recentered,3.5,2.5,3.5,40,79,1,-1,0
P3,post,filterbank_riemann_recentered,3.5,2.5,3.5,40,80,1,1,1
P3,post,filterbank_riemann_recentered,3.5,2.5,3.5,60,61,1,-1,0
P3,post,filterbank_riemann_recentered,3.5,2.5,3.5,60,62,1,1,1
P3,post,filterbank_riemann_recentered,3.5,2.5,3.5,60,63,1,-1,0
P3,post,filterbank_riemann_recentered,3.5,2.5,3.5,60,64,-1,-1,1
P3,post,filterbank_riemann_recentered,3.5,2.5,3.5,60,65,1,-1,0
P3,post,filterbank_riemann_recentered,3.5,2.5,3.5,60,66,1,-1,0
P3,post,filterbank_riemann_recentered,3.5,2.5,3.5,60,67,-1,1,0
P3,post,filterbank_riemann_recentered,3.5,2.5,3.5,60,68,-1,-1,1
P3,post,filterbank_riemann_recentered,3.5,2.5,3.5,60,69,-1,1,0
P3,post,filterbank_riemann_recentered,3.5,2.5,3.5,60,70,1,1,1
P3,post,filterbank_riemann_recentered,3.5,2.5,3.5,60,71,1,1,1
P3,post,filterbank_riemann_recentered,3.5,2.5,3.5,60,72,1,1,1
P3,post,filterbank_riemann_recentered,3.5,2.5,3.5,60,73,1,-1,0
P3,post,filterbank_riemann_recentered,3.5,2.5,3.5,60,74,1,-1,0
P3,post,filterbank_riemann_recentered,3.5,2.5,3.5,60,75,-1,-1,1
P3,post,filterbank_riemann_recentered,3.5,2.5,3.5,60,76,-1,-1,1
P3,post,filterbank_riemann_recentered,3.5,2.5,3.5,60,77,-1,-1,1
P3,post,filterbank_riemann_recentered,3.5,2.5,3.5,60,78,1,-1,0
P3,post,filterbank_riemann_recentered,3.5,2.5,3.5,60,79,1,-1,0
P3,post,filterbank_riemann_recentered,3.5,2.5,3.5,60,80,1,1,1
P3,post,filterbank_csp_shrinkage_lda,4.25,3.25,4.25,10,61,1,-1,0
P3,post,filterbank_csp_shrinkage_lda,4.25,3.25,4.25,10,62,1,1,1
P3,post,filterbank_csp_shrinkage_lda,4.25,3.25,4.25,10,63,1,-1,0
P3,post,filterbank_csp_shrinkage_lda,4.25,3.25,4.25,10,64,-1,-1,1
P3,post,filterbank_csp_shrinkage_lda,4.25,3.25,4.25,10,65,1,1,1
P3,post,filterbank_csp_shrinkage_lda,4.25,3.25,4.25,10,66,1,1,1
P3,post,filterbank_csp_shrinkage_lda,4.25,3.25,4.25,10,67,-1,1,0
P3,post,filterbank_csp_shrinkage_lda,4.25,3.25,4.25,10,68,-1,-1,1
P3,post,filterbank_csp_shrinkage_lda,4.25,3.25,4.25,10,69,-1,-1,1
P3,post,filterbank_csp_shrinkage_lda,4.25,3.25,4.25,10,70,1,-1,0
P3,post,filterbank_csp_shrinkage_lda,4.25,3.25,4.25,10,71,1,1,1
P3,post,filterbank_csp_shrinkage_lda,4.25,3.25,4.25,10,72,1,-1,0
P3,post,filterbank_csp_shrinkage_lda,4.25,3.25,4.25,10,73,1,-1,0
P3,post,filterbank_csp_shrinkage_lda,4.25,3.25,4.25,10,74,1,1,1
P3,post,filterbank_csp_shrinkage_lda,4.25,3.25,4.25,10,75,-1,-1,1
P3,post,filterbank_csp_shrinkage_lda,4.25,3.25,4.25,10,76,-1,-1,1
P3,post,filterbank_csp_shrinkage_lda,4.25,3.25,4.25,10,77,-1,-1,1
P3,post,filterbank_csp_shrinkage_lda,4.25,3.25,4.25,10,78,1,1,1
P3,post,filterbank_csp_shrinkage_lda,4.25,3.25,4.25,10,79,1,1,1
P3,post,filterbank_csp_shrinkage_lda,4.25,3.25,4.25,10,80,1,-1,0
P3,post,filterbank_csp_shrinkage_lda,4.25,3.25,4.25,20,61,1,-1,0
P3,post,filterbank_csp_shrinkage_lda,4.25,3.25,4.25,20,62,1,1,1
P3,post,filterbank_csp_shrinkage_lda,4.25,3.25,4.25,20,63,1,-1,0
P3,post,filterbank_csp_shrinkage_lda,4.25,3.25,4.25,20,64,-1,-1,1
P3,post,filterbank_csp_shrinkage_lda,4.25,3.25,4.25,20,65,1,1,1
P3,post,filterbank_csp_shrinkage_lda,4.25,3.25,4.25,20,66,1,1,1
P3,post,filterbank_csp_shrinkage_lda,4.25,3.25,4.25,20,67,-1,-1,1
P3,post,filterbank_csp_shrinkage_lda,4.25,3.25,4.25,20,68,-1,-1,1
P3,post,filterbank_csp_shrinkage_lda,4.25,3.25,4.25,20,69,-1,-1,1
P3,post,filterbank_csp_shrinkage_lda,4.25,3.25,4.25,20,70,1,-1,0
P3,post,filterbank_csp_shrinkage_lda,4.25,3.25,4.25,20,71,1,1,1
P3,post,filterbank_csp_shrinkage_lda,4.25,3.25,4.25,20,72,1,-1,0
P3,post,filterbank_csp_shrinkage_lda,4.25,3.25,4.25,20,73,1,-1,0
P3,post,filterbank_csp_shrinkage_lda,4.25,3.25,4.25,20,74,1,1,1
P3,post,filterbank_csp_shrinkage_lda,4.25,3.25,4.25,20,75,-1,-1,1
P3,post,filterbank_csp_shrinkage_lda,4.25,3.25,4.25,20,76,-1,-1,1
P3,post,filterbank_csp_shrinkage_lda,4.25,3.25,4.25,20,77,-1,-1,1
P3,post,filterbank_csp_shrinkage_lda,4.25,3.25,4.25,20,78,1,1,1
P3,post,filterbank_csp_shrinkage_lda,4.25,3.25,4.25,20,79,1,1,1
P3,post,filterbank_csp_shrinkage_lda,4.25,3.25,4.25,20,80,1,-1,0
P3,post,filterbank_csp_shrinkage_lda,4.25,3.25,4.25,40,61,1,-1,0
P3,post,filterbank_csp_shrinkage_lda,4.25,3.25,4.25,40,62,1,1,1
P3,post,filterbank_csp_shrinkage_lda,4.25,3.25,4.25,40,63,1,1,1
P3,post,filterbank_csp_shrinkage_lda,4.25,3.25,4.25,40,64,-1,-1,1
P3,post,filterbank_csp_shrinkage_lda,4.25,3.25,4.25,40,65,1,1,1
P3,post,filterbank_csp_shrinkage_lda,4.25,3.25,4.25,40,66,1,-1,0
P3,post,filterbank_csp_shrinkage_lda,4.25,3.25,4.25,40,67,-1,-1,1
P3,post,filterbank_csp_shrinkage_lda,4.25,3.25,4.25,40,68,-1,-1,1
P3,post,filterbank_csp_shrinkage_lda,4.25,3.25,4.25,40,69,-1,-1,1
P3,post,filterbank_csp_shrinkage_lda,4.25,3.25,4.25,40,70,1,-1,0
P3,post,filterbank_csp_shrinkage_lda,4.25,3.25,4.25,40,71,1,1,1
P3,post,filterbank_csp_shrinkage_lda,4.25,3.25,4.25,40,72,1,1,1
P3,post,filterbank_csp_shrinkage_lda,4.25,3.25,4.25,40,73,1,-1,0
P3,post,filterbank_csp_shrinkage_lda,4.25,3.25,4.25,40,74,1,-1,0
P3,post,filterbank_csp_shrinkage_lda,4.25,3.25,4.25,40,75,-1,-1,1
P3,post,filterbank_csp_shrinkage_lda,4.25,3.25,4.25,40,76,-1,-1,1
P3,post,filterbank_csp_shrinkage_lda,4.25,3.25,4.25,40,77,-1,-1,1
P3,post,filterbank_csp_shrinkage_lda,4.25,3.25,4.25,40,78,1,-1,0
P3,post,filterbank_csp_shrinkage_lda,4.25,3.25,4.25,40,79,1,1,1
P3,post,filterbank_csp_shrinkage_lda,4.25,3.25,4.25,40,80,1,1,1
P3,post,filterbank_csp_shrinkage_lda,4.25,3.25,4.25,60,61,1,1,1
P3,post,filterbank_csp_shrinkage_lda,4.25,3.25,4.25,60,62,1,1,1
P3,post,filterbank_csp_shrinkage_lda,4.25,3.25,4.25,60,63,1,1,1
P3,post,filterbank_csp_shrinkage_lda,4.25,3.25,4.25,60,64,-1,-1,1
P3,post,filterbank_csp_shrinkage_lda,4.25,3.25,4.25,60,65,1,1,1
P3,post,filterbank_csp_shrinkage_lda,4.25,3.25,4.25,60,66,1,-1,0
P3,post,filterbank_csp_shrinkage_lda,4.25,3.25,4.25,60,67,-1,-1,1
P3,post,filterbank_csp_shrinkage_lda,4.25,3.25,4.25,60,68,-1,1,0
P3,post,filterbank_csp_shrinkage_lda,4.25,3.25,4.25,60,69,-1,-1,1
P3,post,filterbank_csp_shrinkage_lda,4.25,3.25,4.25,60,70,1,-1,0
P3,post,filterbank_csp_shrinkage_lda,4.25,3.25,4.25,60,71,1,1,1
P3,post,filterbank_csp_shrinkage_lda,4.25,3.25,4.25,60,72,1,1,1
P3,post,filterbank_csp_shrinkage_lda,4.25,3.25,4.25,60,73,1,1,1
P3,post,filterbank_csp_shrinkage_lda,4.25,3.25,4.25,60,74,1,1,1
P3,post,filterbank_csp_shrinkage_lda,4.25,3.25,4.25,60,75,-1,-1,1
P3,post,filterbank_csp_shrinkage_lda,4.25,3.25,4.25,60,76,-1,-1,1
P3,post,filterbank_csp_shrinkage_lda,4.25,3.25,4.25,60,77,-1,1,0
P3,post,filterbank_csp_shrinkage_lda,4.25,3.25,4.25,60,78,1,1,1
P3,post,filterbank_csp_shrinkage_lda,4.25,3.25,4.25,60,79,1,1,1
P3,post,filterbank_csp_shrinkage_lda,4.25,3.25,4.25,60,80,1,1,1
P3,post,filterbank_riemann_recentered,4.25,3.25,4.25,10,61,1,-1,0
P3,post,filterbank_riemann_recentered,4.25,3.25,4.25,10,62,1,-1,0
P3,post,filterbank_riemann_recentered,4.25,3.25,4.25,10,63,1,-1,0
P3,post,filterbank_riemann_recentered,4.25,3.25,4.25,10,64,-1,-1,1
P3,post,filterbank_riemann_recentered,4.25,3.25,4.25,10,65,1,-1,0
P3,post,filterbank_riemann_recentered,4.25,3.25,4.25,10,66,1,-1,0
P3,post,filterbank_riemann_recentered,4.25,3.25,4.25,10,67,-1,-1,1
P3,post,filterbank_riemann_recentered,4.25,3.25,4.25,10,68,-1,-1,1
P3,post,filterbank_riemann_recentered,4.25,3.25,4.25,10,69,-1,-1,1
P3,post,filterbank_riemann_recentered,4.25,3.25,4.25,10,70,1,-1,0
P3,post,filterbank_riemann_recentered,4.25,3.25,4.25,10,71,1,-1,0
P3,post,filterbank_riemann_recentered,4.25,3.25,4.25,10,72,1,-1,0
P3,post,filterbank_riemann_recentered,4.25,3.25,4.25,10,73,1,-1,0
P3,post,filterbank_riemann_recentered,4.25,3.25,4.25,10,74,1,-1,0
P3,post,filterbank_riemann_recentered,4.25,3.25,4.25,10,75,-1,-1,1
P3,post,filterbank_riemann_recentered,4.25,3.25,4.25,10,76,-1,-1,1
P3,post,filterbank_riemann_recentered,4.25,3.25,4.25,10,77,-1,-1,1
P3,post,filterbank_riemann_recentered,4.25,3.25,4.25,10,78,1,-1,0
P3,post,filterbank_riemann_recentered,4.25,3.25,4.25,10,79,1,-1,0
P3,post,filterbank_riemann_recentered,4.25,3.25,4.25,10,80,1,-1,0
P3,post,filterbank_riemann_recentered,4.25,3.25,4.25,20,61,1,-1,0
P3,post,filterbank_riemann_recentered,4.25,3.25,4.25,20,62,1,-1,0
P3,post,filterbank_riemann_recentered,4.25,3.25,4.25,20,63,1,-1,0
P3,post,filterbank_riemann_recentered,4.25,3.25,4.25,20,64,-1,-1,1
P3,post,filterbank_riemann_recentered,4.25,3.25,4.25,20,65,1,-1,0
P3,post,filterbank_riemann_recentered,4.25,3.25,4.25,20,66,1,-1,0
P3,post,filterbank_riemann_recentered,4.25,3.25,4.25,20,67,-1,-1,1
P3,post,filterbank_riemann_recentered,4.25,3.25,4.25,20,68,-1,-1,1
P3,post,filterbank_riemann_recentered,4.25,3.25,4.25,20,69,-1,-1,1
P3,post,filterbank_riemann_recentered,4.25,3.25,4.25,20,70,1,-1,0
P3,post,filterbank_riemann_recentered,4.25,3.25,4.25,20,71,1,-1,0
P3,post,filterbank_riemann_recentered,4.25,3.25,4.25,20,72,1,-1,0
P3,post,filterbank_riemann_recentered,4.25,3.25,4.25,20,73,1,-1,0
P3,post,filterbank_riemann_recentered,4.25,3.25,4.25,20,74,1,-1,0
P3,post,filterbank_riemann_recentered,4.25,3.25,4.25,20,75,-1,-1,1
P3,post,filterbank_riemann_recentered,4.25,3.25,4.25,20,76,-1,-1,1
P3,post,filterbank_riemann_recentered,4.25,3.25,4.25,20,77,-1,-1,1
P3,post,filterbank_riemann_recentered,4.25,3.25,4.25,20,78,1,-1,0
P3,post,filterbank_riemann_recentered,4.25,3.25,4.25,20,79,1,-1,0
P3,post,filterbank_riemann_recentered,4.25,3.25,4.25,20,80,1,-1,0
P3,post,filterbank_riemann_recentered,4.25,3.25,4.25,40,61,1,-1,0
P3,post,filterbank_riemann_recentered,4.25,3.25,4.25,40,62,1,-1,0
P3,post,filterbank_riemann_recentered,4.25,3.25,4.25,40,63,1,-1,0
P3,post,filterbank_riemann_recentered,4.25,3.25,4.25,40,64,-1,-1,1
P3,post,filterbank_riemann_recentered,4.25,3.25,4.25,40,65,1,1,1
P3,post,filterbank_riemann_recentered,4.25,3.25,4.25,40,66,1,-1,0
P3,post,filterbank_riemann_recentered,4.25,3.25,4.25,40,67,-1,-1,1
P3,post,filterbank_riemann_recentered,4.25,3.25,4.25,40,68,-1,-1,1
P3,post,filterbank_riemann_recentered,4.25,3.25,4.25,40,69,-1,-1,1
P3,post,filterbank_riemann_recentered,4.25,3.25,4.25,40,70,1,-1,0
P3,post,filterbank_riemann_recentered,4.25,3.25,4.25,40,71,1,1,1
P3,post,filterbank_riemann_recentered,4.25,3.25,4.25,40,72,1,-1,0
P3,post,filterbank_riemann_recentered,4.25,3.25,4.25,40,73,1,-1,0
P3,post,filterbank_riemann_recentered,4.25,3.25,4.25,40,74,1,-1,0
P3,post,filterbank_riemann_recentered,4.25,3.25,4.25,40,75,-1,-1,1
P3,post,filterbank_riemann_recentered,4.25,3.25,4.25,40,76,-1,-1,1
P3,post,filterbank_riemann_recentered,4.25,3.25,4.25,40,77,-1,-1,1
P3,post,filterbank_riemann_recentered,4.25,3.25,4.25,40,78,1,-1,0
P3,post,filterbank_riemann_recentered,4.25,3.25,4.25,40,79,1,-1,0
P3,post,filterbank_riemann_recentered,4.25,3.25,4.25,40,80,1,-1,0
P3,post,filterbank_riemann_recentered,4.25,3.25,4.25,60,61,1,-1,0
P3,post,filterbank_riemann_recentered,4.25,3.25,4.25,60,62,1,1,1
P3,post,filterbank_riemann_recentered,4.25,3.25,4.25,60,63,1,-1,0
P3,post,filterbank_riemann_recentered,4.25,3.25,4.25,60,64,-1,-1,1
P3,post,filterbank_riemann_recentered,4.25,3.25,4.25,60,65,1,1,1
P3,post,filterbank_riemann_recentered,4.25,3.25,4.25,60,66,1,-1,0
P3,post,filterbank_riemann_recentered,4.25,3.25,4.25,60,67,-1,-1,1
P3,post,filterbank_riemann_recentered,4.25,3.25,4.25,60,68,-1,-1,1
P3,post,filterbank_riemann_recentered,4.25,3.25,4.25,60,69,-1,-1,1
P3,post,filterbank_riemann_recentered,4.25,3.25,4.25,60,70,1,-1,0
P3,post,filterbank_riemann_recentered,4.25,3.25,4.25,60,71,1,1,1
P3,post,filterbank_riemann_recentered,4.25,3.25,4.25,60,72,1,-1,0
P3,post,filterbank_riemann_recentered,4.25,3.25,4.25,60,73,1,1,1
P3,post,filterbank_riemann_recentered,4.25,3.25,4.25,60,74,1,-1,0
P3,post,filterbank_riemann_recentered,4.25,3.25,4.25,60,75,-1,-1,1
P3,post,filterbank_riemann_recentered,4.25,3.25,4.25,60,76,-1,-1,1
P3,post,filterbank_riemann_recentered,4.25,3.25,4.25,60,77,-1,-1,1
P3,post,filterbank_riemann_recentered,4.25,3.25,4.25,60,78,1,1,1
P3,post,filterbank_riemann_recentered,4.25,3.25,4.25,60,79,1,1,1
P3,post,filterbank_riemann_recentered,4.25,3.25,4.25,60,80,1,1,1
P3,post,filterbank_csp_shrinkage_lda,6.5,5.5,6.5,10,61,1,-1,0
P3,post,filterbank_csp_shrinkage_lda,6.5,5.5,6.5,10,62,1,-1,0
P3,post,filterbank_csp_shrinkage_lda,6.5,5.5,6.5,10,63,1,1,1
P3,post,filterbank_csp_shrinkage_lda,6.5,5.5,6.5,10,64,-1,-1,1
P3,post,filterbank_csp_shrinkage_lda,6.5,5.5,6.5,10,65,1,-1,0
P3,post,filterbank_csp_shrinkage_lda,6.5,5.5,6.5,10,66,1,-1,0
P3,post,filterbank_csp_shrinkage_lda,6.5,5.5,6.5,10,67,-1,-1,1
P3,post,filterbank_csp_shrinkage_lda,6.5,5.5,6.5,10,68,-1,-1,1
P3,post,filterbank_csp_shrinkage_lda,6.5,5.5,6.5,10,69,-1,-1,1
P3,post,filterbank_csp_shrinkage_lda,6.5,5.5,6.5,10,70,1,-1,0
P3,post,filterbank_csp_shrinkage_lda,6.5,5.5,6.5,10,71,1,-1,0
P3,post,filterbank_csp_shrinkage_lda,6.5,5.5,6.5,10,72,1,-1,0
P3,post,filterbank_csp_shrinkage_lda,6.5,5.5,6.5,10,73,1,-1,0
P3,post,filterbank_csp_shrinkage_lda,6.5,5.5,6.5,10,74,1,-1,0
P3,post,filterbank_csp_shrinkage_lda,6.5,5.5,6.5,10,75,-1,-1,1
P3,post,filterbank_csp_shrinkage_lda,6.5,5.5,6.5,10,76,-1,-1,1
P3,post,filterbank_csp_shrinkage_lda,6.5,5.5,6.5,10,77,-1,-1,1
P3,post,filterbank_csp_shrinkage_lda,6.5,5.5,6.5,10,78,1,-1,0
P3,post,filterbank_csp_shrinkage_lda,6.5,5.5,6.5,10,79,1,-1,0
P3,post,filterbank_csp_shrinkage_lda,6.5,5.5,6.5,10,80,1,-1,0
P3,post,filterbank_csp_shrinkage_lda,6.5,5.5,6.5,20,61,1,-1,0
P3,post,filterbank_csp_shrinkage_lda,6.5,5.5,6.5,20,62,1,-1,0
P3,post,filterbank_csp_shrinkage_lda,6.5,5.5,6.5,20,63,1,1,1
P3,post,filterbank_csp_shrinkage_lda,6.5,5.5,6.5,20,64,-1,-1,1
P3,post,filterbank_csp_shrinkage_lda,6.5,5.5,6.5,20,65,1,-1,0
P3,post,filterbank_csp_shrinkage_lda,6.5,5.5,6.5,20,66,1,-1,0
P3,post,filterbank_csp_shrinkage_lda,6.5,5.5,6.5,20,67,-1,-1,1
P3,post,filterbank_csp_shrinkage_lda,6.5,5.5,6.5,20,68,-1,-1,1
P3,post,filterbank_csp_shrinkage_lda,6.5,5.5,6.5,20,69,-1,-1,1
P3,post,filterbank_csp_shrinkage_lda,6.5,5.5,6.5,20,70,1,-1,0
P3,post,filterbank_csp_shrinkage_lda,6.5,5.5,6.5,20,71,1,-1,0
P3,post,filterbank_csp_shrinkage_lda,6.5,5.5,6.5,20,72,1,-1,0
P3,post,filterbank_csp_shrinkage_lda,6.5,5.5,6.5,20,73,1,-1,0
P3,post,filterbank_csp_shrinkage_lda,6.5,5.5,6.5,20,74,1,-1,0
P3,post,filterbank_csp_shrinkage_lda,6.5,5.5,6.5,20,75,-1,-1,1
P3,post,filterbank_csp_shrinkage_lda,6.5,5.5,6.5,20,76,-1,-1,1
P3,post,filterbank_csp_shrinkage_lda,6.5,5.5,6.5,20,77,-1,-1,1
P3,post,filterbank_csp_shrinkage_lda,6.5,5.5,6.5,20,78,1,-1,0
P3,post,filterbank_csp_shrinkage_lda,6.5,5.5,6.5,20,79,1,-1,0
P3,post,filterbank_csp_shrinkage_lda,6.5,5.5,6.5,20,80,1,-1,0
P3,post,filterbank_csp_shrinkage_lda,6.5,5.5,6.5,40,61,1,-1,0
P3,post,filterbank_csp_shrinkage_lda,6.5,5.5,6.5,40,62,1,1,1
P3,post,filterbank_csp_shrinkage_lda,6.5,5.5,6.5,40,63,1,1,1
P3,post,filterbank_csp_shrinkage_lda,6.5,5.5,6.5,40,64,-1,-1,1
P3,post,filterbank_csp_shrinkage_lda,6.5,5.5,6.5,40,65,1,-1,0
P3,post,filterbank_csp_shrinkage_lda,6.5,5.5,6.5,40,66,1,-1,0
P3,post,filterbank_csp_shrinkage_lda,6.5,5.5,6.5,40,67,-1,1,0
P3,post,filterbank_csp_shrinkage_lda,6.5,5.5,6.5,40,68,-1,-1,1
P3,post,filterbank_csp_shrinkage_lda,6.5,5.5,6.5,40,69,-1,-1,1
P3,post,filterbank_csp_shrinkage_lda,6.5,5.5,6.5,40,70,1,1,1
P3,post,filterbank_csp_shrinkage_lda,6.5,5.5,6.5,40,71,1,1,1
P3,post,filterbank_csp_shrinkage_lda,6.5,5.5,6.5,40,72,1,-1,0
P3,post,filterbank_csp_shrinkage_lda,6.5,5.5,6.5,40,73,1,1,1
P3,post,filterbank_csp_shrinkage_lda,6.5,5.5,6.5,40,74,1,1,1
P3,post,filterbank_csp_shrinkage_lda,6.5,5.5,6.5,40,75,-1,-1,1
P3,post,filterbank_csp_shrinkage_lda,6.5,5.5,6.5,40,76,-1,-1,1
P3,post,filterbank_csp_shrinkage_lda,6.5,5.5,6.5,40,77,-1,1,0
P3,post,filterbank_csp_shrinkage_lda,6.5,5.5,6.5,40,78,1,-1,0
P3,post,filterbank_csp_shrinkage_lda,6.5,5.5,6.5,40,79,1,-1,0
P3,post,filterbank_csp_shrinkage_lda,6.5,5.5,6.5,40,80,1,-1,0
P3,post,filterbank_csp_shrinkage_lda,6.5,5.5,6.5,60,61,1,1,1
P3,post,filterbank_csp_shrinkage_lda,6.5,5.5,6.5,60,62,1,1,1
P3,post,filterbank_csp_shrinkage_lda,6.5,5.5,6.5,60,63,1,1,1
P3,post,filterbank_csp_shrinkage_lda,6.5,5.5,6.5,60,64,-1,-1,1
P3,post,filterbank_csp_shrinkage_lda,6.5,5.5,6.5,60,65,1,1,1
P3,post,filterbank_csp_shrinkage_lda,6.5,5.5,6.5,60,66,1,-1,0
P3,post,filterbank_csp_shrinkage_lda,6.5,5.5,6.5,60,67,-1,-1,1
P3,post,filterbank_csp_shrinkage_lda,6.5,5.5,6.5,60,68,-1,-1,1
P3,post,filterbank_csp_shrinkage_lda,6.5,5.5,6.5,60,69,-1,1,0
P3,post,filterbank_csp_shrinkage_lda,6.5,5.5,6.5,60,70,1,1,1
P3,post,filterbank_csp_shrinkage_lda,6.5,5.5,6.5,60,71,1,1,1
P3,post,filterbank_csp_shrinkage_lda,6.5,5.5,6.5,60,72,1,1,1
P3,post,filterbank_csp_shrinkage_lda,6.5,5.5,6.5,60,73,1,1,1
P3,post,filterbank_csp_shrinkage_lda,6.5,5.5,6.5,60,74,1,1,1
P3,post,filterbank_csp_shrinkage_lda,6.5,5.5,6.5,60,75,-1,-1,1
P3,post,filterbank_csp_shrinkage_lda,6.5,5.5,6.5,60,76,-1,-1,1
P3,post,filterbank_csp_shrinkage_lda,6.5,5.5,6.5,60,77,-1,1,0
P3,post,filterbank_csp_shrinkage_lda,6.5,5.5,6.5,60,78,1,-1,0
P3,post,filterbank_csp_shrinkage_lda,6.5,5.5,6.5,60,79,1,-1,0
P3,post,filterbank_csp_shrinkage_lda,6.5,5.5,6.5,60,80,1,1,1
P3,post,filterbank_riemann_recentered,6.5,5.5,6.5,10,61,1,-1,0
P3,post,filterbank_riemann_recentered,6.5,5.5,6.5,10,62,1,-1,0
P3,post,filterbank_riemann_recentered,6.5,5.5,6.5,10,63,1,-1,0
P3,post,filterbank_riemann_recentered,6.5,5.5,6.5,10,64,-1,-1,1
P3,post,filterbank_riemann_recentered,6.5,5.5,6.5,10,65,1,-1,0
P3,post,filterbank_riemann_recentered,6.5,5.5,6.5,10,66,1,-1,0
P3,post,filterbank_riemann_recentered,6.5,5.5,6.5,10,67,-1,-1,1
P3,post,filterbank_riemann_recentered,6.5,5.5,6.5,10,68,-1,-1,1
P3,post,filterbank_riemann_recentered,6.5,5.5,6.5,10,69,-1,-1,1
P3,post,filterbank_riemann_recentered,6.5,5.5,6.5,10,70,1,-1,0
P3,post,filterbank_riemann_recentered,6.5,5.5,6.5,10,71,1,-1,0
P3,post,filterbank_riemann_recentered,6.5,5.5,6.5,10,72,1,-1,0
P3,post,filterbank_riemann_recentered,6.5,5.5,6.5,10,73,1,-1,0
P3,post,filterbank_riemann_recentered,6.5,5.5,6.5,10,74,1,-1,0
P3,post,filterbank_riemann_recentered,6.5,5.5,6.5,10,75,-1,-1,1
P3,post,filterbank_riemann_recentered,6.5,5.5,6.5,10,76,-1,-1,1
P3,post,filterbank_riemann_recentered,6.5,5.5,6.5,10,77,-1,-1,1
P3,post,filterbank_riemann_recentered,6.5,5.5,6.5,10,78,1,-1,0
P3,post,filterbank_riemann_recentered,6.5,5.5,6.5,10,79,1,-1,0
P3,post,filterbank_riemann_recentered,6.5,5.5,6.5,10,80,1,-1,0
P3,post,filterbank_riemann_recentered,6.5,5.5,6.5,20,61,1,-1,0
P3,post,filterbank_riemann_recentered,6.5,5.5,6.5,20,62,1,-1,0
P3,post,filterbank_riemann_recentered,6.5,5.5,6.5,20,63,1,-1,0
P3,post,filterbank_riemann_recentered,6.5,5.5,6.5,20,64,-1,-1,1
P3,post,filterbank_riemann_recentered,6.5,5.5,6.5,20,65,1,-1,0
P3,post,filterbank_riemann_recentered,6.5,5.5,6.5,20,66,1,-1,0
P3,post,filterbank_riemann_recentered,6.5,5.5,6.5,20,67,-1,-1,1
P3,post,filterbank_riemann_recentered,6.5,5.5,6.5,20,68,-1,-1,1
P3,post,filterbank_riemann_recentered,6.5,5.5,6.5,20,69,-1,-1,1
P3,post,filterbank_riemann_recentered,6.5,5.5,6.5,20,70,1,-1,0
P3,post,filterbank_riemann_recentered,6.5,5.5,6.5,20,71,1,-1,0
P3,post,filterbank_riemann_recentered,6.5,5.5,6.5,20,72,1,-1,0
P3,post,filterbank_riemann_recentered,6.5,5.5,6.5,20,73,1,-1,0
P3,post,filterbank_riemann_recentered,6.5,5.5,6.5,20,74,1,-1,0
P3,post,filterbank_riemann_recentered,6.5,5.5,6.5,20,75,-1,-1,1
P3,post,filterbank_riemann_recentered,6.5,5.5,6.5,20,76,-1,-1,1
P3,post,filterbank_riemann_recentered,6.5,5.5,6.5,20,77,-1,-1,1
P3,post,filterbank_riemann_recentered,6.5,5.5,6.5,20,78,1,-1,0
P3,post,filterbank_riemann_recentered,6.5,5.5,6.5,20,79,1,-1,0
P3,post,filterbank_riemann_recentered,6.5,5.5,6.5,20,80,1,-1,0
P3,post,filterbank_riemann_recentered,6.5,5.5,6.5,40,61,1,-1,0
P3,post,filterbank_riemann_recentered,6.5,5.5,6.5,40,62,1,-1,0
P3,post,filterbank_riemann_recentered,6.5,5.5,6.5,40,63,1,1,1
P3,post,filterbank_riemann_recentered,6.5,5.5,6.5,40,64,-1,-1,1
P3,post,filterbank_riemann_recentered,6.5,5.5,6.5,40,65,1,-1,0
P3,post,filterbank_riemann_recentered,6.5,5.5,6.5,40,66,1,-1,0
P3,post,filterbank_riemann_recentered,6.5,5.5,6.5,40,67,-1,-1,1
P3,post,filterbank_riemann_recentered,6.5,5.5,6.5,40,68,-1,-1,1
P3,post,filterbank_riemann_recentered,6.5,5.5,6.5,40,69,-1,-1,1
P3,post,filterbank_riemann_recentered,6.5,5.5,6.5,40,70,1,-1,0
P3,post,filterbank_riemann_recentered,6.5,5.5,6.5,40,71,1,1,1
P3,post,filterbank_riemann_recentered,6.5,5.5,6.5,40,72,1,-1,0
P3,post,filterbank_riemann_recentered,6.5,5.5,6.5,40,73,1,1,1
P3,post,filterbank_riemann_recentered,6.5,5.5,6.5,40,74,1,1,1
P3,post,filterbank_riemann_recentered,6.5,5.5,6.5,40,75,-1,-1,1
P3,post,filterbank_riemann_recentered,6.5,5.5,6.5,40,76,-1,-1,1
P3,post,filterbank_riemann_recentered,6.5,5.5,6.5,40,77,-1,-1,1
P3,post,filterbank_riemann_recentered,6.5,5.5,6.5,40,78,1,-1,0
P3,post,filterbank_riemann_recentered,6.5,5.5,6.5,40,79,1,1,1
P3,post,filterbank_riemann_recentered,6.5,5.5,6.5,40,80,1,1,1
P3,post,filterbank_riemann_recentered,6.5,5.5,6.5,60,61,1,-1,0
P3,post,filterbank_riemann_recentered,6.5,5.5,6.5,60,62,1,1,1
P3,post,filterbank_riemann_recentered,6.5,5.5,6.5,60,63,1,1,1
P3,post,filterbank_riemann_recentered,6.5,5.5,6.5,60,64,-1,-1,1
P3,post,filterbank_riemann_recentered,6.5,5.5,6.5,60,65,1,1,1
P3,post,filterbank_riemann_recentered,6.5,5.5,6.5,60,66,1,1,1
P3,post,filterbank_riemann_recentered,6.5,5.5,6.5,60,67,-1,-1,1
P3,post,filterbank_riemann_recentered,6.5,5.5,6.5,60,68,-1,-1,1
P3,post,filterbank_riemann_recentered,6.5,5.5,6.5,60,69,-1,-1,1
P3,post,filterbank_riemann_recentered,6.5,5.5,6.5,60,70,1,-1,0
P3,post,filterbank_riemann_recentered,6.5,5.5,6.5,60,71,1,1,1
P3,post,filterbank_riemann_recentered,6.5,5.5,6.5,60,72,1,1,1
P3,post,filterbank_riemann_recentered,6.5,5.5,6.5,60,73,1,1,1
P3,post,filterbank_riemann_recentered,6.5,5.5,6.5,60,74,1,1,1
P3,post,filterbank_riemann_recentered,6.5,5.5,6.5,60,75,-1,-1,1
P3,post,filterbank_riemann_recentered,6.5,5.5,6.5,60,76,-1,-1,1
P3,post,filterbank_riemann_recentered,6.5,5.5,6.5,60,77,-1,-1,1
P3,post,filterbank_riemann_recentered,6.5,5.5,6.5,60,78,1,-1,0
P3,post,filterbank_riemann_recentered,6.5,5.5,6.5,60,79,1,1,1
P3,post,filterbank_riemann_recentered,6.5,5.5,6.5,60,80,1,1,1
