patient,session,strategy,calibration_trials,chosen_model,decision_time_s,window_start_s,window_end_s,validation_trial_1based,true_label,predicted_label,correct
P1,pre,filterbank_csp_shrinkage_lda,10,filterbank_csp_shrinkage_lda,3.5,2.5,3.5,61,-1,-1,1
P1,pre,filterbank_csp_shrinkage_lda,10,filterbank_csp_shrinkage_lda,3.5,2.5,3.5,62,1,-1,0
P1,pre,filterbank_csp_shrinkage_lda,10,filterbank_csp_shrinkage_lda,3.5,2.5,3.5,63,1,-1,0
P1,pre,filterbank_csp_shrinkage_lda,10,filterbank_csp_shrinkage_lda,3.5,2.5,3.5,64,-1,-1,1
P1,pre,filterbank_csp_shrinkage_lda,10,filterbank_csp_shrinkage_lda,3.5,2.5,3.5,65,1,-1,0
P1,pre,filterbank_csp_shrinkage_lda,10,filterbank_csp_shrinkage_lda,3.5,2.5,3.5,66,1,-1,0
P1,pre,filterbank_csp_shrinkage_lda,10,filterbank_csp_shrinkage_lda,3.5,2.5,3.5,67,1,-1,0
P1,pre,filterbank_csp_shrinkage_lda,10,filterbank_csp_shrinkage_lda,3.5,2.5,3.5,68,1,-1,0
P1,pre,filterbank_csp_shrinkage_lda,10,filterbank_csp_shrinkage_lda,3.5,2.5,3.5,69,1,-1,0
P1,pre,filterbank_csp_shrinkage_lda,10,filterbank_csp_shrinkage_lda,3.5,2.5,3.5,70,1,-1,0
P1,pre,filterbank_csp_shrinkage_lda,10,filterbank_csp_shrinkage_lda,3.5,2.5,3.5,71,1,-1,0
P1,pre,filterbank_csp_shrinkage_lda,10,filterbank_csp_shrinkage_lda,3.5,2.5,3.5,72,-1,-1,1
P1,pre,filterbank_csp_shrinkage_lda,10,filterbank_csp_shrinkage_lda,3.5,2.5,3.5,73,1,-1,0
P1,pre,filterbank_csp_shrinkage_lda,10,filterbank_csp_shrinkage_lda,3.5,2.5,3.5,74,1,-1,0
P1,pre,filterbank_csp_shrinkage_lda,10,filterbank_csp_shrinkage_lda,3.5,2.5,3.5,75,1,-1,0
P1,pre,filterbank_csp_shrinkage_lda,10,filterbank_csp_shrinkage_lda,3.5,2.5,3.5,76,-1,-1,1
P1,pre,filterbank_csp_shrinkage_lda,10,filterbank_csp_shrinkage_lda,3.5,2.5,3.5,77,-1,-1,1
P1,pre,filterbank_csp_shrinkage_lda,10,filterbank_csp_shrinkage_lda,3.5,2.5,3.5,78,-1,-1,1
P1,pre,filterbank_csp_shrinkage_lda,10,filterbank_csp_shrinkage_lda,3.5,2.5,3.5,79,-1,-1,1
P1,pre,filterbank_csp_shrinkage_lda,10,filterbank_csp_shrinkage_lda,3.5,2.5,3.5,80,-1,-1,1
P1,pre,filterbank_riemann_recentered,10,filterbank_csp_shrinkage_lda,3.5,2.5,3.5,61,-1,-1,1
P1,pre,filterbank_riemann_recentered,10,filterbank_csp_shrinkage_lda,3.5,2.5,3.5,62,1,-1,0
P1,pre,filterbank_riemann_recentered,10,filterbank_csp_shrinkage_lda,3.5,2.5,3.5,63,1,-1,0
P1,pre,filterbank_riemann_recentered,10,filterbank_csp_shrinkage_lda,3.5,2.5,3.5,64,-1,-1,1
P1,pre,filterbank_riemann_recentered,10,filterbank_csp_shrinkage_lda,3.5,2.5,3.5,65,1,-1,0
P1,pre,filterbank_riemann_recentered,10,filterbank_csp_shrinkage_lda,3.5,2.5,3.5,66,1,-1,0
P1,pre,filterbank_riemann_recentered,10,filterbank_csp_shrinkage_lda,3.5,2.5,3.5,67,1,-1,0
P1,pre,filterbank_riemann_recentered,10,filterbank_csp_shrinkage_lda,3.5,2.5,3.5,68,1,-1,0
P1,pre,filterbank_riemann_recentered,10,filterbank_csp_shrinkage_lda,3.5,2.5,3.5,69,1,-1,0
P1,pre,filterbank_riemann_recentered,10,filterbank_csp_shrinkage_lda,3.5,2.5,3.5,70,1,-1,0
P1,pre,filterbank_riemann_recentered,10,filterbank_csp_shrinkage_lda,3.5,2.5,3.5,71,1,-1,0
P1,pre,filterbank_riemann_recentered,10,filterbank_csp_shrinkage_lda,3.5,2.5,3.5,72,-1,-1,1
P1,pre,filterbank_riemann_recentered,10,filterbank_csp_shrinkage_lda,3.5,2.5,3.5,73,1,-1,0
P1,pre,filterbank_riemann_recentered,10,filterbank_csp_shrinkage_lda,3.5,2.5,3.5,74,1,-1,0
P1,pre,filterbank_riemann_recentered,10,filterbank_csp_shrinkage_lda,3.5,2.5,3.5,75,1,-1,0
P1,pre,filterbank_riemann_recentered,10,filterbank_csp_shrinkage_lda,3.5,2.5,3.5,76,-1,-1,1
P1,pre,filterbank_riemann_recentered,10,filterbank_csp_shrinkage_lda,3.5,2.5,3.5,77,-1,-1,1
P1,pre,filterbank_riemann_recentered,10,filterbank_csp_shrinkage_lda,3.5,2.5,3.5,78,-1,-1,1
P1,pre,filterbank_riemann_recentered,10,filterbank_csp_shrinkage_lda,3.5,2.5,3.5,79,-1,-1,1
P1,pre,filterbank_riemann_recentered,10,filterbank_csp_shrinkage_lda,3.5,2.5,3.5,80,-1,-1,1
P1,pre,training_selected,10,filterbank_csp_shrinkage_lda,3.5,2.5,3.5,61,-1,-1,1
P1,pre,training_selected,10,filterbank_csp_shrinkage_lda,3.5,2.5,3.5,62,1,-1,0
P1,pre,training_selected,10,filterbank_csp_shrinkage_lda,3.5,2.5,3.5,63,1,-1,0
P1,pre,training_selected,10,filterbank_csp_shrinkage_lda,3.5,2.5,3.5,64,-1,-1,1
P1,pre,training_selected,10,filterbank_csp_shrinkage_lda,3.5,2.5,3.5,65,1,-1,0
P1,pre,training_selected,10,filterbank_csp_shrinkage_lda,3.5,2.5,3.5,66,1,-1,0
P1,pre,training_selected,10,filterbank_csp_shrinkage_lda,3.5,2.5,3.5,67,1,-1,0
P1,pre,training_selected,10,filterbank_csp_shrinkage_lda,3.5,2.5,3.5,68,1,-1,0
P1,pre,training_selected,10,filterbank_csp_shrinkage_lda,3.5,2.5,3.5,69,1,-1,0
P1,pre,training_selected,10,filterbank_csp_shrinkage_lda,3.5,2.5,3.5,70,1,-1,0
P1,pre,training_selected,10,filterbank_csp_shrinkage_lda,3.5,2.5,3.5,71,1,-1,0
P1,pre,training_selected,10,filterbank_csp_shrinkage_lda,3.5,2.5,3.5,72,-1,-1,1
P1,pre,training_selected,10,filterbank_csp_shrinkage_lda,3.5,2.5,3.5,73,1,-1,0
P1,pre,training_selected,10,filterbank_csp_shrinkage_lda,3.5,2.5,3.5,74,1,-1,0
P1,pre,training_selected,10,filterbank_csp_shrinkage_lda,3.5,2.5,3.5,75,1,-1,0
P1,pre,training_selected,10,filterbank_csp_shrinkage_lda,3.5,2.5,3.5,76,-1,-1,1
P1,pre,training_selected,10,filterbank_csp_shrinkage_lda,3.5,2.5,3.5,77,-1,-1,1
P1,pre,training_selected,10,filterbank_csp_shrinkage_lda,3.5,2.5,3.5,78,-1,-1,1
P1,pre,training_selected,10,filterbank_csp_shrinkage_lda,3.5,2.5,3.5,79,-1,-1,1
P1,pre,training_selected,10,filterbank_csp_shrinkage_lda,3.5,2.5,3.5,80,-1,-1,1
P1,pre,calibration_majority,10,filterbank_csp_shrinkage_lda,3.5,2.5,3.5,61,-1,-1,1
P1,pre,calibration_majority,10,filterbank_csp_shrinkage_lda,3.5,2.5,3.5,62,1,-1,0
P1,pre,calibration_majority,10,filterbank_csp_shrinkage_lda,3.5,2.5,3.5,63,1,-1,0
P1,pre,calibration_majority,10,filterbank_csp_shrinkage_lda,3.5,2.5,3.5,64,-1,-1,1
P1,pre,calibration_majority,10,filterbank_csp_shrinkage_lda,3.5,2.5,3.5,65,1,-1,0
P1,pre,calibration_majority,10,filterbank_csp_shrinkage_lda,3.5,2.5,3.5,66,1,-1,0
P1,pre,calibration_majority,10,filterbank_csp_shrinkage_lda,3.5,2.5,3.5,67,1,-1,0
P1,pre,calibration_majority,10,filterbank_csp_shrinkage_lda,3.5,2.5,3.5,68,1,-1,0
P1,pre,calibration_majority,10,filterbank_csp_shrinkage_lda,3.5,2.5,3.5,69,1,-1,0
P1,pre,calibration_majority,10,filterbank_csp_shrinkage_lda,3.5,2.5,3.5,70,1,-1,0
P1,pre,calibration_majority,10,filterbank_csp_shrinkage_lda,3.5,2.5,3.5,71,1,-1,0
P1,pre,calibration_majority,10,filterbank_csp_shrinkage_lda,3.5,2.5,3.5,72,-1,-1,1
P1,pre,calibration_majority,10,filterbank_csp_shrinkage_lda,3.5,2.5,3.5,73,1,-1,0
P1,pre,calibration_majority,10,filterbank_csp_shrinkage_lda,3.5,2.5,3.5,74,1,-1,0
P1,pre,calibration_majority,10,filterbank_csp_shrinkage_lda,3.5,2.5,3.5,75,1,-1,0
P1,pre,calibration_majority,10,filterbank_csp_shrinkage_lda,3.5,2.5,3.5,76,-1,-1,1
P1,pre,calibration_majority,10,filterbank_csp_shrinkage_lda,3.5,2.5,3.5,77,-1,-1,1
P1,pre,calibration_majority,10,filterbank_csp_shrinkage_lda,3.5,2.5,3.5,78,-1,-1,1
P1,pre,calibration_majority,10,filterbank_csp_shrinkage_lda,3.5,2.5,3.5,79,-1,-1,1
P1,pre,calibration_majority,10,filterbank_csp_shrinkage_lda,3.5,2.5,3.5,80,-1,-1,1
P1,pre,filterbank_csp_shrinkage_lda,20,filterbank_csp_shrinkage_lda,3.5,2.5,3.5,61,-1,-1,1
P1,pre,filterbank_csp_shrinkage_lda,20,filterbank_csp_shrinkage_lda,3.5,2.5,3.5,62,1,-1,0
P1,pre,filterbank_csp_shrinkage_lda,20,filterbank_csp_shrinkage_lda,3.5,2.5,3.5,63,1,-1,0
P1,pre,filterbank_csp_shrinkage_lda,20,filterbank_csp_shrinkage_lda,3.5,2.5,3.5,64,-1,-1,1
P1,pre,filterbank_csp_shrinkage_lda,20,filterbank_csp_shrinkage_lda,3.5,2.5,3.5,65,1,-1,0
P1,pre,filterbank_csp_shrinkage_lda,20,filterbank_csp_shrinkage_lda,3.5,2.5,3.5,66,1,-1,0
P1,pre,filterbank_csp_shrinkage_lda,20,filterbank_csp_shrinkage_lda,3.5,2.5,3.5,67,1,-1,0
P1,pre,filterbank_csp_shrinkage_lda,20,filterbank_csp_shrinkage_lda,3.5,2.5,3.5,68,1,-1,0
P1,pre,filterbank_csp_shrinkage_lda,20,filterbank_csp_shrinkage_lda,3.5,2.5,3.5,69,1,-1,0
P1,pre,filterbank_csp_shrinkage_lda,20,filterbank_csp_shrinkage_lda,3.5,2.5,3.5,70,1,-1,0
P1,pre,filterbank_csp_shrinkage_lda,20,filterbank_csp_shrinkage_lda,3.5,2.5,3.5,71,1,-1,0
P1,pre,filterbank_csp_shrinkage_lda,20,filterbank_csp_shrinkage_lda,3.5,2.5,3.5,72,-1,-1,1
P1,pre,filterbank_csp_shrinkage_lda,20,filterbank_csp_shrinkage_lda,3.5,2.5,3.5,73,1,-1,0
P1,pre,filterbank_csp_shrinkage_lda,20,filterbank_csp_shrinkage_lda,3.5,2.5,3.5,74,1,-1,0
P1,pre,filterbank_csp_shrinkage_lda,20,filterbank_csp_shrinkage_lda,3.5,2.5,3.5,75,1,-1,0
P1,pre,filterbank_csp_shrinkage_lda,20,filterbank_csp_shrinkage_lda,3.5,2.5,3.5,76,-1,-1,1
P1,pre,filterbank_csp_shrinkage_lda,20,filterbank_csp_shrinkage_lda,3.5,2.5,3.5,77,-1,-1,1
P1,pre,filterbank_csp_shrinkage_lda,20,filterbank_csp_shrinkage_lda,3.5,2.5,3.5,78,-1,-1,1
P1,pre,filterbank_csp_shrinkage_lda,20,filterbank_csp_shrinkage_lda,3.5,2.5,3.5,79,-1,-1,1
P1,pre,filterbank_csp_shrinkage_lda,20,filterbank_csp_shrinkage_lda,3.5,2.5,3.5,80,-1,-1,1
P1,pre,filterbank_riemann_recentered,20,filterbank_csp_shrinkage_lda,3.5,2.5,3.5,61,-1,-1,1
P1,pre,filterbank_riemann_recentered,20,filterbank_csp_shrinkage_lda,3.5,2.5,3.5,62,1,-1,0
P1,pre,filterbank_riemann_recentered,20,filterbank_csp_shrinkage_lda,3.5,2.5,3.5,63,1,-1,0
P1,pre,filterbank_riemann_recentered,20,filterbank_csp_shrinkage_lda,3.5,2.5,3.5,64,-1,-1,1
P1,pre,filterbank_riemann_recentered,20,filterbank_csp_shrinkage_lda,3.5,2.5,3.5,65,1,-1,0
P1,pre,filterbank_riemann_recentered,20,filterbank_csp_shrinkage_lda,3.5,2.5,3.5,66,1,-1,0
P1,pre,filterbank_riemann_recentered,20,filterbank_csp_shrinkage_lda,3.5,2.5,3.5,67,1,-1,0
P1,pre,filterbank_riemann_recentered,20,filterbank_csp_shrinkage_lda,3.5,2.5,3.5,68,1,-1,0
P1,pre,filterbank_riemann_recentered,20,filterbank_csp_shrinkage_lda,3.5,2.5,3.5,69,1,-1,0
P1,pre,filterbank_riemann_recentered,20,filterbank_csp_shrinkage_lda,3.5,2.5,3.5,70,1,-1,0
P1,pre,filterbank_riemann_recentered,20,filterbank_csp_shrinkage_lda,3.5,2.5,3.5,71,1,-1,0
P1,pre,filterbank_riemann_recentered,20,filterbank_csp_shrinkage_lda,3.5,2.5,3.5,72,-1,-1,1
P1,pre,filterbank_riemann_recentered,20,filterbank_csp_shrinkage_lda,3.5,2.5,3.5,73,1,-1,0
P1,pre,filterbank_riemann_recentered,20,filterbank_csp_shrinkage_lda,3.5,2.5,3.5,74,1,-1,0
P1,pre,filterbank_riemann_recentered,20,filterbank_csp_shrinkage_lda,3.5,2.5,3.5,75,1,-1,0
P1,pre,filterbank_riemann_recentered,20,filterbank_csp_shrinkage_lda,3.5,2.5,3.5,76,-1,-1,1
P1,pre,filterbank_riemann_recentered,20,filterbank_csp_shrinkage_lda,3.5,2.5,3.5,77,-1,-1,1
P1,pre,filterbank_riemann_recentered,20,filterbank_csp_shrinkage_lda,3.5,2.5,3.5,78,-1,-1,1
P1,pre,filterbank_riemann_recentered,20,filterbank_csp_shrinkage_lda,3.5,2.5,3.5,79,-1,-1,1
P1,pre,filterbank_riemann_recentered,20,filterbank_csp_shrinkage_lda,3.5,2.5,3.5,80,-1,-1,1
P1,pre,training_selected,20,filterbank_csp_shrinkage_lda,3.5,2.5,3.5,61,-1,-1,1
P1,pre,training_selected,20,filterbank_csp_shrinkage_lda,3.5,2.5,3.5,62,1,-1,0
P1,pre,training_selected,20,filterbank_csp_shrinkage_lda,3.5,2.5,3.5,63,1,-1,0
P1,pre,training_selected,20,filterbank_csp_shrinkage_lda,3.5,2.5,3.5,64,-1,-1,1
P1,pre,training_selected,20,filterbank_csp_shrinkage_lda,3.5,2.5,3.5,65,1,-1,0
P1,pre,training_selected,20,filterbank_csp_shrinkage_lda,3.5,2.5,3.5,66,1,-1,0
P1,pre,training_selected,20,filterbank_csp_shrinkage_lda,3.5,2.5,3.5,67,1,-1,0
P1,pre,training_selected,20,filterbank_csp_shrinkage_lda,3.5,2.5,3.5,68,1,-1,0
P1,pre,training_selected,20,filterbank_csp_shrinkage_lda,3.5,2.5,3.5,69,1,-1,0
P1,pre,training_selected,20,filterbank_csp_shrinkage_lda,3.5,2.5,3.5,70,1,-1,0
P1,pre,training_selected,20,filterbank_csp_shrinkage_lda,3.5,2.5,3.5,71,1,-1,0
P1,pre,training_selected,20,filterbank_csp_shrinkage_lda,3.5,2.5,3.5,72,-1,-1,1
P1,pre,training_selected,20,filterbank_csp_shrinkage_lda,3.5,2.5,3.5,73,1,-1,0
P1,pre,training_selected,20,filterbank_csp_shrinkage_lda,3.5,2.5,3.5,74,1,-1,0
P1,pre,training_selected,20,filterbank_csp_shrinkage_lda,3.5,2.5,3.5,75,1,-1,0
P1,pre,training_selected,20,filterbank_csp_shrinkage_lda,3.5,2.5,3.5,76,-1,-1,1
P1,pre,training_selected,20,filterbank_csp_shrinkage_lda,3.5,2.5,3.5,77,-1,-1,1
P1,pre,training_selected,20,filterbank_csp_shrinkage_lda,3.5,2.5,3.5,78,-1,-1,1
P1,pre,training_selected,20,filterbank_csp_shrinkage_lda,3.5,2.5,3.5,79,-1,-1,1
P1,pre,training_selected,20,filterbank_csp_shrinkage_lda,3.5,2.5,3.5,80,-1,-1,1
P1,pre,calibration_majority,20,filterbank_csp_shrinkage_lda,3.5,2.5,3.5,61,-1,-1,1
P1,pre,calibration_majority,20,filterbank_csp_shrinkage_lda,3.5,2.5,3.5,62,1,-1,0
P1,pre,calibration_majority,20,filterbank_csp_shrinkage_lda,3.5,2.5,3.5,63,1,-1,0
P1,pre,calibration_majority,20,filterbank_csp_shrinkage_lda,3.5,2.5,3.5,64,-1,-1,1
P1,pre,calibration_majority,20,filterbank_csp_shrinkage_lda,3.5,2.5,3.5,65,1,-1,0
P1,pre,calibration_majority,20,filterbank_csp_shrinkage_lda,3.5,2.5,3.5,66,1,-1,0
P1,pre,calibration_majority,20,filterbank_csp_shrinkage_lda,3.5,2.5,3.5,67,1,-1,0
P1,pre,calibration_majority,20,filterbank_csp_shrinkage_lda,3.5,2.5,3.5,68,1,-1,0
P1,pre,calibration_majority,20,filterbank_csp_shrinkage_lda,3.5,2.5,3.5,69,1,-1,0
P1,pre,calibration_majority,20,filterbank_csp_shrinkage_lda,3.5,2.5,3.5,70,1,-1,0
P1,pre,calibration_majority,20,filterbank_csp_shrinkage_lda,3.5,2.5,3.5,71,1,-1,0
P1,pre,calibration_majority,20,filterbank_csp_shrinkage_lda,3.5,2.5,3.5,72,-1,-1,1
P1,pre,calibration_majority,20,filterbank_csp_shrinkage_lda,3.5,2.5,3.5,73,1,-1,0
P1,pre,calibration_majority,20,filterbank_csp_shrinkage_lda,3.5,2.5,3.5,74,1,-1,0
P1,pre,calibration_majority,20,filterbank_csp_shrinkage_lda,3.5,2.5,3.5,75,1,-1,0
P1,pre,calibration_majority,20,filterbank_csp_shrinkage_lda,3.5,2.5,3.5,76,-1,-1,1
P1,pre,calibration_majority,20,filterbank_csp_shrinkage_lda,3.5,2.5,3.5,77,-1,-1,1
P1,pre,calibration_majority,20,filterbank_csp_shrinkage_lda,3.5,2.5,3.5,78,-1,-1,1
P1,pre,calibration_majority,20,filterbank_csp_shrinkage_lda,3.5,2.5,3.5,79,-1,-1,1
P1,pre,calibration_majority,20,filterbank_csp_shrinkage_lda,3.5,2.5,3.5,80,-1,-1,1
P1,pre,filterbank_csp_shrinkage_lda,40,filterbank_csp_shrinkage_lda,3.5,2.5,3.5,61,-1,-1,1
P1,pre,filterbank_csp_shrinkage_lda,40,filterbank_csp_shrinkage_lda,3.5,2.5,3.5,62,1,1,1
P1,pre,filterbank_csp_shrinkage_lda,40,filterbank_csp_shrinkage_lda,3.5,2.5,3.5,63,1,-1,0
P1,pre,filterbank_csp_shrinkage_lda,40,filterbank_csp_shrinkage_lda,3.5,2.5,3.5,64,-1,-1,1
P1,pre,filterbank_csp_shrinkage_lda,40,filterbank_csp_shrinkage_lda,3.5,2.5,3.5,65,1,1,1
P1,pre,filterbank_csp_shrinkage_lda,40,filterbank_csp_shrinkage_lda,3.5,2.5,3.5,66,1,1,1
P1,pre,filterbank_csp_shrinkage_lda,40,filterbank_csp_shrinkage_lda,3.5,2.5,3.5,67,1,1,1
P1,pre,filterbank_csp_shrinkage_lda,40,filterbank_csp_shrinkage_lda,3.5,2.5,3.5,68,1,1,1
P1,pre,filterbank_csp_shrinkage_lda,40,filterbank_csp_shrinkage_lda,3.5,2.5,3.5,69,1,-1,0
P1,pre,filterbank_csp_shrinkage_lda,40,filterbank_csp_shrinkage_lda,3.5,2.5,3.5,70,1,1,1
P1,pre,filterbank_csp_shrinkage_lda,40,filterbank_csp_shrinkage_lda,3.5,2.5,3.5,71,1,1,1
P1,pre,filterbank_csp_shrinkage_lda,40,filterbank_csp_shrinkage_lda,3.5,2.5,3.5,72,-1,-1,1
P1,pre,filterbank_csp_shrinkage_lda,40,filterbank_csp_shrinkage_lda,3.5,2.5,3.5,73,1,1,1
P1,pre,filterbank_csp_shrinkage_lda,40,filterbank_csp_shrinkage_lda,3.5,2.5,3.5,74,1,1,1
P1,pre,filterbank_csp_shrinkage_lda,40,filterbank_csp_shrinkage_lda,3.5,2.5,3.5,75,1,1,1
P1,pre,filterbank_csp_shrinkage_lda,40,filterbank_csp_shrinkage_lda,3.5,2.5,3.5,76,-1,-1,1
P1,pre,filterbank_csp_shrinkage_lda,40,filterbank_csp_shrinkage_lda,3.5,2.5,3.5,77,-1,-1,1
P1,pre,filterbank_csp_shrinkage_lda,40,filterbank_csp_shrinkage_lda,3.5,2.5,3.5,78,-1,-1,1
P1,pre,filterbank_csp_shrinkage_lda,40,filterbank_csp_shrinkage_lda,3.5,2.5,3.5,79,-1,-1,1
P1,pre,filterbank_csp_shrinkage_lda,40,filterbank_csp_shrinkage_lda,3.5,2.5,3.5,80,-1,-1,1
P1,pre,filterbank_riemann_recentered,40,filterbank_csp_shrinkage_lda,3.5,2.5,3.5,61,-1,-1,1
P1,pre,filterbank_riemann_recentered,40,filterbank_csp_shrinkage_lda,3.5,2.5,3.5,62,1,1,1
P1,pre,filterbank_riemann_recentered,40,filterbank_csp_shrinkage_lda,3.5,2.5,3.5,63,1,-1,0
P1,pre,filterbank_riemann_recentered,40,filterbank_csp_shrinkage_lda,3.5,2.5,3.5,64,-1,-1,1
P1,pre,filterbank_riemann_recentered,40,filterbank_csp_shrinkage_lda,3.5,2.5,3.5,65,1,-1,0
P1,pre,filterbank_riemann_recentered,40,filterbank_csp_shrinkage_lda,3.5,2.5,3.5,66,1,-1,0
P1,pre,filterbank_riemann_recentered,40,filterbank_csp_shrinkage_lda,3.5,2.5,3.5,67,1,-1,0
P1,pre,filterbank_riemann_recentered,40,filterbank_csp_shrinkage_lda,3.5,2.5,3.5,68,1,-1,0
P1,pre,filterbank_riemann_recentered,40,filterbank_csp_shrinkage_lda,3.5,2.5,3.5,69,1,-1,0
P1,pre,filterbank_riemann_recentered,40,filterbank_csp_shrinkage_lda,3.5,2.5,3.5,70,1,-1,0
P1,pre,filterbank_riemann_recentered,40,filterbank_csp_shrinkage_lda,3.5,2.5,3.5,71,1,-1,0
P1,pre,filterbank_riemann_recentered,40,filterbank_csp_shrinkage_lda,3.5,2.5,3.5,72,-1,-1,1
P1,pre,filterbank_riemann_recentered,40,filterbank_csp_shrinkage_lda,3.5,2.5,3.5,73,1,-1,0
P1,pre,filterbank_riemann_recentered,40,filterbank_csp_shrinkage_lda,3.5,2.5,3.5,74,1,-1,0
P1,pre,filterbank_riemann_recentered,40,filterbank_csp_shrinkage_lda,3.5,2.5,3.5,75,1,-1,0
P1,pre,filterbank_riemann_recentered,40,filterbank_csp_shrinkage_lda,3.5,2.5,3.5,76,-1,-1,1
P1,pre,filterbank_riemann_recentered,40,filterbank_csp_shrinkage_lda,3.5,2.5,3.5,77,-1,-1,1
P1,pre,filterbank_riemann_recentered,40,filterbank_csp_shrinkage_lda,3.5,2.5,3.5,78,-1,-1,1
P1,pre,filterbank_riemann_recentered,40,filterbank_csp_shrinkage_lda,3.5,2.5,3.5,79,-1,-1,1
P1,pre,filterbank_riemann_recentered,40,filterbank_csp_shrinkage_lda,3.5,2.5,3.5,80,-1,-1,1
P1,pre,training_selected,40,filterbank_csp_shrinkage_lda,3.5,2.5,3.5,61,-1,-1,1
P1,pre,training_selected,40,filterbank_csp_shrinkage_lda,3.5,2.5,3.5,62,1,1,1
P1,pre,training_selected,40,filterbank_csp_shrinkage_lda,3.5,2.5,3.5,63,1,-1,0
P1,pre,training_selected,40,filterbank_csp_shrinkage_lda,3.5,2.5,3.5,64,-1,-1,1
P1,pre,training_selected,40,filterbank_csp_shrinkage_lda,3.5,2.5,3.5,65,1,1,1
P1,pre,training_selected,40,filterbank_csp_shrinkage_lda,3.5,2.5,3.5,66,1,1,1
P1,pre,training_selected,40,filterbank_csp_shrinkage_lda,3.5,2.5,3.5,67,1,1,1
P1,pre,training_selected,40,filterbank_csp_shrinkage_lda,3.5,2.5,3.5,68,1,1,1
P1,pre,training_selected,40,filterbank_csp_shrinkage_lda,3.5,2.5,3.5,69,1,-1,0
P1,pre,training_selected,40,filterbank_csp_shrinkage_lda,3.5,2.5,3.5,70,1,1,1
P1,pre,training_selected,40,filterbank_csp_shrinkage_lda,3.5,2.5,3.5,71,1,1,1
P1,pre,training_selected,40,filterbank_csp_shrinkage_lda,3.5,2.5,3.5,72,-1,-1,1
P1,pre,training_selected,40,filterbank_csp_shrinkage_lda,3.5,2.5,3.5,73,1,1,1
P1,pre,training_selected,40,filterbank_csp_shrinkage_lda,3.5,2.5,3.5,74,1,1,1
P1,pre,training_selected,40,filterbank_csp_shrinkage_lda,3.5,2.5,3.5,75,1,1,1
P1,pre,training_selected,40,filterbank_csp_shrinkage_lda,3.5,2.5,3.5,76,-1,-1,1
P1,pre,training_selected,40,filterbank_csp_shrinkage_lda,3.5,2.5,3.5,77,-1,-1,1
P1,pre,training_selected,40,filterbank_csp_shrinkage_lda,3.5,2.5,3.5,78,-1,-1,1
P1,pre,training_selected,40,filterbank_csp_shrinkage_lda,3.5,2.5,3.5,79,-1,-1,1
P1,pre,training_selected,40,filterbank_csp_shrinkage_lda,3.5,2.5,3.5,80,-1,-1,1
P1,pre,calibration_majority,40,filterbank_csp_shrinkage_lda,3.5,2.5,3.5,61,-1,-1,1
P1,pre,calibration_majority,40,filterbank_csp_shrinkage_lda,3.5,2.5,3.5,62,1,-1,0
P1,pre,calibration_majority,40,filterbank_csp_shrinkage_lda,3.5,2.5,3.5,63,1,-1,0
P1,pre,calibration_majority,40,filterbank_csp_shrinkage_lda,3.5,2.5,3.5,64,-1,-1,1
P1,pre,calibration_majority,40,filterbank_csp_shrinkage_lda,3.5,2.5,3.5,65,1,-1,0
P1,pre,calibration_majority,40,filterbank_csp_shrinkage_lda,3.5,2.5,3.5,66,1,-1,0
P1,pre,calibration_majority,40,filterbank_csp_shrinkage_lda,3.5,2.5,3.5,67,1,-1,0
P1,pre,calibration_majority,40,filterbank_csp_shrinkage_lda,3.5,2.5,3.5,68,1,-1,0
P1,pre,calibration_majority,40,filterbank_csp_shrinkage_lda,3.5,2.5,3.5,69,1,-1,0
P1,pre,calibration_majority,40,filterbank_csp_shrinkage_lda,3.5,2.5,3.5,70,1,-1,0
P1,pre,calibration_majority,40,filterbank_csp_shrinkage_lda,3.5,2.5,3.5,71,1,-1,0
P1,pre,calibration_majority,40,filterbank_csp_shrinkage_lda,3.5,2.5,3.5,72,-1,-1,1
P1,pre,calibration_majority,40,filterbank_csp_shrinkage_lda,3.5,2.5,3.5,73,1,-1,0
P1,pre,calibration_majority,40,filterbank_csp_shrinkage_lda,3.5,2.5,3.5,74,1,-1,0
P1,pre,calibration_majority,40,filterbank_csp_shrinkage_lda,3.5,2.5,3.5,75,1,-1,0
P1,pre,calibration_majority,40,filterbank_csp_shrinkage_lda,3.5,2.5,3.5,76,-1,-1,1
P1,pre,calibration_majority,40,filterbank_csp_shrinkage_lda,3.5,2.5,3.5,77,-1,-1,1
P1,pre,calibration_majority,40,filterbank_csp_shrinkage_lda,3.5,2.5,3.5,78,-1,-1,1
P1,pre,calibration_majority,40,filterbank_csp_shrinkage_lda,3.5,2.5,3.5,79,-1,-1,1
P1,pre,calibration_majority,40,filterbank_csp_shrinkage_lda,3.5,2.5,3.5,80,-1,-1,1
P1,pre,filterbank_csp_shrinkage_lda,60,filterbank_csp_shrinkage_lda,3.5,2.5,3.5,61,-1,-1,1
P1,pre,filterbank_csp_shrinkage_lda,60,filterbank_csp_shrinkage_lda,3.5,2.5,3.5,62,1,1,1
P1,pre,filterbank_csp_shrinkage_lda,60,filterbank_csp_shrinkage_lda,3.5,2.5,3.5,63,1,1,1
P1,pre,filterbank_csp_shrinkage_lda,60,filterbank_csp_shrinkage_lda,3.5,2.5,3.5,64,-1,-1,1
P1,pre,filterbank_csp_shrinkage_lda,60,filterbank_csp_shrinkage_lda,3.5,2.5,3.5,65,1,1,1
P1,pre,filterbank_csp_shrinkage_lda,60,filterbank_csp_shrinkage_lda,3.5,2.5,3.5,66,1,1,1
P1,pre,filterbank_csp_shrinkage_lda,60,filterbank_csp_shrinkage_lda,3.5,2.5,3.5,67,1,1,1
P1,pre,filterbank_csp_shrinkage_lda,60,filterbank_csp_shrinkage_lda,3.5,2.5,3.5,68,1,-1,0
P1,pre,filterbank_csp_shrinkage_lda,60,filterbank_csp_shrinkage_lda,3.5,2.5,3.5,69,1,-1,0
P1,pre,filterbank_csp_shrinkage_lda,60,filterbank_csp_shrinkage_lda,3.5,2.5,3.5,70,1,-1,0
P1,pre,filterbank_csp_shrinkage_lda,60,filterbank_csp_shrinkage_lda,3.5,2.5,3.5,71,1,1,1
P1,pre,filterbank_csp_shrinkage_lda,60,filterbank_csp_shrinkage_lda,3.5,2.5,3.5,72,-1,-1,1
P1,pre,filterbank_csp_shrinkage_lda,60,filterbank_csp_shrinkage_lda,3.5,2.5,3.5,73,1,1,1
P1,pre,filterbank_csp_shrinkage_lda,60,filterbank_csp_shrinkage_lda,3.5,2.5,3.5,74,1,1,1
P1,pre,filterbank_csp_shrinkage_lda,60,filterbank_csp_shrinkage_lda,3.5,2.5,3.5,75,1,1,1
P1,pre,filterbank_csp_shrinkage_lda,60,filterbank_csp_shrinkage_lda,3.5,2.5,3.5,76,-1,-1,1
P1,pre,filterbank_csp_shrinkage_lda,60,filterbank_csp_shrinkage_lda,3.5,2.5,3.5,77,-1,-1,1
P1,pre,filterbank_csp_shrinkage_lda,60,filterbank_csp_shrinkage_lda,3.5,2.5,3.5,78,-1,-1,1
P1,pre,filterbank_csp_shrinkage_lda,60,filterbank_csp_shrinkage_lda,3.5,2.5,3.5,79,-1,-1,1
P1,pre,filterbank_csp_shrinkage_lda,60,filterbank_csp_shrinkage_lda,3.5,2.5,3.5,80,-1,-1,1
P1,pre,filterbank_riemann_recentered,60,filterbank_csp_shrinkage_lda,3.5,2.5,3.5,61,-1,-1,1
P1,pre,filterbank_riemann_recentered,60,filterbank_csp_shrinkage_lda,3.5,2.5,3.5,62,1,1,1
P1,pre,filterbank_riemann_recentered,60,filterbank_csp_shrinkage_lda,3.5,2.5,3.5,63,1,1,1
P1,pre,filterbank_riemann_recentered,60,filterbank_csp_shrinkage_lda,3.5,2.5,3.5,64,-1,-1,1
P1,pre,filterbank_riemann_recentered,60,filterbank_csp_shrinkage_lda,3.5,2.5,3.5,65,1,1,1
P1,pre,filterbank_riemann_recentered,60,filterbank_csp_shrinkage_lda,3.5,2.5,3.5,66,1,1,1
P1,pre,filterbank_riemann_recentered,60,filterbank_csp_shrinkage_lda,3.5,2.5,3.5,67,1,1,1
P1,pre,filterbank_riemann_recentered,60,filterbank_csp_shrinkage_lda,3.5,2.5,3.5,68,1,-1,0
P1,pre,filterbank_riemann_recentered,60,filterbank_csp_shrinkage_lda,3.5,2.5,3.5,69,1,1,1
P1,pre,filterbank_riemann_recentered,60,filterbank_csp_shrinkage_lda,3.5,2.5,3.5,70,1,-1,0
P1,pre,filterbank_riemann_recentered,60,filterbank_csp_shrinkage_lda,3.5,2.5,3.5,71,1,1,1
P1,pre,filterbank_riemann_recentered,60,filterbank_csp_shrinkage_lda,3.5,2.5,3.5,72,-1,-1,1
P1,pre,filterbank_riemann_recentered,60,filterbank_csp_shrinkage_lda,3.5,2.5,3.5,73,1,1,1
P1,pre,filterbank_riemann_recentered,60,filterbank_csp_shrinkage_lda,3.5,2.5,3.5,74,1,-1,0
P1,pre,filterbank_riemann_recentered,60,filterbank_csp_shrinkage_lda,3.5,2.5,3.5,75,1,-1,0
P1,pre,filterbank_riemann_recentered,60,filterbank_csp_shrinkage_lda,3.5,2.5,3.5,76,-1,-1,1
P1,pre,filterbank_riemann_recentered,60,filterbank_csp_shrinkage_lda,3.5,2.5,3.5,77,-1,-1,1
P1,pre,filterbank_riemann_recentered,60,filterbank_csp_shrinkage_lda,3.5,2.5,3.5,78,-1,-1,1
P1,pre,filterbank_riemann_recentered,60,filterbank_csp_shrinkage_lda,3.5,2.5,3.5,79,-1,-1,1
P1,pre,filterbank_riemann_recentered,60,filterbank_csp_shrinkage_lda,3.5,2.5,3.5,80,-1,-1,1
P1,pre,training_selected,60,filterbank_csp_shrinkage_lda,3.5,2.5,3.5,61,-1,-1,1
P1,pre,training_selected,60,filterbank_csp_shrinkage_lda,3.5,2.5,3.5,62,1,1,1
P1,pre,training_selected,60,filterbank_csp_shrinkage_lda,3.5,2.5,3.5,63,1,1,1
P1,pre,training_selected,60,filterbank_csp_shrinkage_lda,3.5,2.5,3.5,64,-1,-1,1
P1,pre,training_selected,60,filterbank_csp_shrinkage_lda,3.5,2.5,3.5,65,1,1,1
P1,pre,training_selected,60,filterbank_csp_shrinkage_lda,3.5,2.5,3.5,66,1,1,1
P1,pre,training_selected,60,filterbank_csp_shrinkage_lda,3.5,2.5,3.5,67,1,1,1
P1,pre,training_selected,60,filterbank_csp_shrinkage_lda,3.5,2.5,3.5,68,1,-1,0
P1,pre,training_selected,60,filterbank_csp_shrinkage_lda,3.5,2.5,3.5,69,1,-1,0
P1,pre,training_selected,60,filterbank_csp_shrinkage_lda,3.5,2.5,3.5,70,1,-1,0
P1,pre,training_selected,60,filterbank_csp_shrinkage_lda,3.5,2.5,3.5,71,1,1,1
P1,pre,training_selected,60,filterbank_csp_shrinkage_lda,3.5,2.5,3.5,72,-1,-1,1
P1,pre,training_selected,60,filterbank_csp_shrinkage_lda,3.5,2.5,3.5,73,1,1,1
P1,pre,training_selected,60,filterbank_csp_shrinkage_lda,3.5,2.5,3.5,74,1,1,1
P1,pre,training_selected,60,filterbank_csp_shrinkage_lda,3.5,2.5,3.5,75,1,1,1
P1,pre,training_selected,60,filterbank_csp_shrinkage_lda,3.5,2.5,3.5,76,-1,-1,1
P1,pre,training_selected,60,filterbank_csp_shrinkage_lda,3.5,2.5,3.5,77,-1,-1,1
P1,pre,training_selected,60,filterbank_csp_shrinkage_lda,3.5,2.5,3.5,78,-1,-1,1
P1,pre,training_selected,60,filterbank_csp_shrinkage_lda,3.5,2.5,3.5,79,-1,-1,1
P1,pre,training_selected,60,filterbank_csp_shrinkage_lda,3.5,2.5,3.5,80,-1,-1,1
P1,pre,calibration_majority,60,filterbank_csp_shrinkage_lda,3.5,2.5,3.5,61,-1,-1,1
P1,pre,calibration_majority,60,filterbank_csp_shrinkage_lda,3.5,2.5,3.5,62,1,-1,0
P1,pre,calibration_majority,60,filterbank_csp_shrinkage_lda,3.5,2.5,3.5,63,1,-1,0
P1,pre,calibration_majority,60,filterbank_csp_shrinkage_lda,3.5,2.5,3.5,64,-1,-1,1
P1,pre,calibration_majority,60,filterbank_csp_shrinkage_lda,3.5,2.5,3.5,65,1,-1,0
P1,pre,calibration_majority,60,filterbank_csp_shrinkage_lda,3.5,2.5,3.5,66,1,-1,0
P1,pre,calibration_majority,60,filterbank_csp_shrinkage_lda,3.5,2.5,3.5,67,1,-1,0
P1,pre,calibration_majority,60,filterbank_csp_shrinkage_lda,3.5,2.5,3.5,68,1,-1,0
P1,pre,calibration_majority,60,filterbank_csp_shrinkage_lda,3.5,2.5,3.5,69,1,-1,0
P1,pre,calibration_majority,60,filterbank_csp_shrinkage_lda,3.5,2.5,3.5,70,1,-1,0
P1,pre,calibration_majority,60,filterbank_csp_shrinkage_lda,3.5,2.5,3.5,71,1,-1,0
P1,pre,calibration_majority,60,filterbank_csp_shrinkage_lda,3.5,2.5,3.5,72,-1,-1,1
P1,pre,calibration_majority,60,filterbank_csp_shrinkage_lda,3.5,2.5,3.5,73,1,-1,0
P1,pre,calibration_majority,60,filterbank_csp_shrinkage_lda,3.5,2.5,3.5,74,1,-1,0
P1,pre,calibration_majority,60,filterbank_csp_shrinkage_lda,3.5,2.5,3.5,75,1,-1,0
P1,pre,calibration_majority,60,filterbank_csp_shrinkage_lda,3.5,2.5,3.5,76,-1,-1,1
P1,pre,calibration_majority,60,filterbank_csp_shrinkage_lda,3.5,2.5,3.5,77,-1,-1,1
P1,pre,calibration_majority,60,filterbank_csp_shrinkage_lda,3.5,2.5,3.5,78,-1,-1,1
P1,pre,calibration_majority,60,filterbank_csp_shrinkage_lda,3.5,2.5,3.5,79,-1,-1,1
P1,pre,calibration_majority,60,filterbank_csp_shrinkage_lda,3.5,2.5,3.5,80,-1,-1,1
P1,post,filterbank_csp_shrinkage_lda,10,filterbank_csp_shrinkage_lda,3.5,2.5,3.5,61,-1,1,0
P1,post,filterbank_csp_shrinkage_lda,10,filterbank_csp_shrinkage_lda,3.5,2.5,3.5,62,1,1,1
P1,post,filterbank_csp_shrinkage_lda,10,filterbank_csp_shrinkage_lda,3.5,2.5,3.5,63,1,1,1
P1,post,filterbank_csp_shrinkage_lda,10,filterbank_csp_shrinkage_lda,3.5,2.5,3.5,64,1,1,1
P1,post,filterbank_csp_shrinkage_lda,10,filterbank_csp_shrinkage_lda,3.5,2.5,3.5,65,-1,-1,1
P1,post,filterbank_csp_shrinkage_lda,10,filterbank_csp_shrinkage_lda,3.5,2.5,3.5,66,1,1,1
P1,post,filterbank_csp_shrinkage_lda,10,filterbank_csp_shrinkage_lda,3.5,2.5,3.5,67,-1,-1,1
P1,post,filterbank_csp_shrinkage_lda,10,filterbank_csp_shrinkage_lda,3.5,2.5,3.5,68,-1,-1,1
P1,post,filterbank_csp_shrinkage_lda,10,filterbank_csp_shrinkage_lda,3.5,2.5,3.5,69,1,1,1
P1,post,filterbank_csp_shrinkage_lda,10,filterbank_csp_shrinkage_lda,3.5,2.5,3.5,70,1,1,1
P1,post,filterbank_csp_shrinkage_lda,10,filterbank_csp_shrinkage_lda,3.5,2.5,3.5,71,-1,-1,1
P1,post,filterbank_csp_shrinkage_lda,10,filterbank_csp_shrinkage_lda,3.5,2.5,3.5,72,1,1,1
P1,post,filterbank_csp_shrinkage_lda,10,filterbank_csp_shrinkage_lda,3.5,2.5,3.5,73,-1,-1,1
P1,post,filterbank_csp_shrinkage_lda,10,filterbank_csp_shrinkage_lda,3.5,2.5,3.5,74,-1,1,0
P1,post,filterbank_csp_shrinkage_lda,10,filterbank_csp_shrinkage_lda,3.5,2.5,3.5,75,-1,-1,1
P1,post,filterbank_csp_shrinkage_lda,10,filterbank_csp_shrinkage_lda,3.5,2.5,3.5,76,1,1,1
P1,post,filterbank_csp_shrinkage_lda,10,filterbank_csp_shrinkage_lda,3.5,2.5,3.5,77,1,1,1
P1,post,filterbank_csp_shrinkage_lda,10,filterbank_csp_shrinkage_lda,3.5,2.5,3.5,78,1,1,1
P1,post,filterbank_csp_shrinkage_lda,10,filterbank_csp_shrinkage_lda,3.5,2.5,3.5,79,-1,-1,1
P1,post,filterbank_csp_shrinkage_lda,10,filterbank_csp_shrinkage_lda,3.5,2.5,3.5,80,1,1,1
P1,post,filterbank_riemann_recentered,10,filterbank_csp_shrinkage_lda,3.5,2.5,3.5,61,-1,1,0
P1,post,filterbank_riemann_recentered,10,filterbank_csp_shrinkage_lda,3.5,2.5,3.5,62,1,1,1
P1,post,filterbank_riemann_recentered,10,filterbank_csp_shrinkage_lda,3.5,2.5,3.5,63,1,1,1
P1,post,filterbank_riemann_recentered,10,filterbank_csp_shrinkage_lda,3.5,2.5,3.5,64,1,1,1
P1,post,filterbank_riemann_recentered,10,filterbank_csp_shrinkage_lda,3.5,2.5,3.5,65,-1,-1,1
P1,post,filterbank_riemann_recentered,10,filterbank_csp_shrinkage_lda,3.5,2.5,3.5,66,1,1,1
P1,post,filterbank_riemann_recentered,10,filterbank_csp_shrinkage_lda,3.5,2.5,3.5,67,-1,1,0
P1,post,filterbank_riemann_recentered,10,filterbank_csp_shrinkage_lda,3.5,2.5,3.5,68,-1,1,0
P1,post,filterbank_riemann_recentered,10,filterbank_csp_shrinkage_lda,3.5,2.5,3.5,69,1,1,1
P1,post,filterbank_riemann_recentered,10,filterbank_csp_shrinkage_lda,3.5,2.5,3.5,70,1,1,1
P1,post,filterbank_riemann_recentered,10,filterbank_csp_shrinkage_lda,3.5,2.5,3.5,71,-1,-1,1
P1,post,filterbank_riemann_recentered,10,filterbank_csp_shrinkage_lda,3.5,2.5,3.5,72,1,1,1
P1,post,filterbank_riemann_recentered,10,filterbank_csp_shrinkage_lda,3.5,2.5,3.5,73,-1,1,0
P1,post,filterbank_riemann_recentered,10,filterbank_csp_shrinkage_lda,3.5,2.5,3.5,74,-1,1,0
P1,post,filterbank_riemann_recentered,10,filterbank_csp_shrinkage_lda,3.5,2.5,3.5,75,-1,1,0
P1,post,filterbank_riemann_recentered,10,filterbank_csp_shrinkage_lda,3.5,2.5,3.5,76,1,1,1
P1,post,filterbank_riemann_recentered,10,filterbank_csp_shrinkage_lda,3.5,2.5,3.5,77,1,1,1
P1,post,filterbank_riemann_recentered,10,filterbank_csp_shrinkage_lda,3.5,2.5,3.5,78,1,1,1
P1,post,filterbank_riemann_recentered,10,filterbank_csp_shrinkage_lda,3.5,2.5,3.5,79,-1,1,0
P1,post,filterbank_riemann_recentered,10,filterbank_csp_shrinkage_lda,3.5,2.5,3.5,80,1,1,1
P1,post,training_selected,10,filterbank_csp_shrinkage_lda,3.5,2.5,3.5,61,-1,1,0
P1,post,training_selected,10,filterbank_csp_shrinkage_lda,3.5,2.5,3.5,62,1,1,1
P1,post,training_selected,10,filterbank_csp_shrinkage_lda,3.5,2.5,3.5,63,1,1,1
P1,post,training_selected,10,filterbank_csp_shrinkage_lda,3.5,2.5,3.5,64,1,1,1
P1,post,training_selected,10,filterbank_csp_shrinkage_lda,3.5,2.5,3.5,65,-1,-1,1
P1,post,training_selected,10,filterbank_csp_shrinkage_lda,3.5,2.5,3.5,66,1,1,1
P1,post,training_selected,10,filterbank_csp_shrinkage_lda,3.5,2.5,3.5,67,-1,-1,1
P1,post,training_selected,10,filterbank_csp_shrinkage_lda,3.5,2.5,3.5,68,-1,-1,1
P1,post,training_selected,10,filterbank_csp_shrinkage_lda,3.5,2.5,3.5,69,1,1,1
P1,post,training_selected,10,filterbank_csp_shrinkage_lda,3.5,2.5,3.5,70,1,1,1
P1,post,training_selected,10,filterbank_csp_shrinkage_lda,3.5,2.5,3.5,71,-1,-1,1
P1,post,training_selected,10,filterbank_csp_shrinkage_lda,3.5,2.5,3.5,72,1,1,1
P1,post,training_selected,10,filterbank_csp_shrinkage_lda,3.5,2.5,3.5,73,-1,-1,1
P1,post,training_selected,10,filterbank_csp_shrinkage_lda,3.5,2.5,3.5,74,-1,1,0
P1,post,training_selected,10,filterbank_csp_shrinkage_lda,3.5,2.5,3.5,75,-1,-1,1
P1,post,training_selected,10,filterbank_csp_shrinkage_lda,3.5,2.5,3.5,76,1,1,1
P1,post,training_selected,10,filterbank_csp_shrinkage_lda,3.5,2.5,3.5,77,1,1,1
P1,post,training_selected,10,filterbank_csp_shrinkage_lda,3.5,2.5,3.5,78,1,1,1
P1,post,training_selected,10,filterbank_csp_shrinkage_lda,3.5,2.5,3.5,79,-1,-1,1
P1,post,training_selected,10,filterbank_csp_shrinkage_lda,3.5,2.5,3.5,80,1,1,1
P1,post,calibration_majority,10,filterbank_csp_shrinkage_lda,3.5,2.5,3.5,61,-1,1,0
P1,post,calibration_majority,10,filterbank_csp_shrinkage_lda,3.5,2.5,3.5,62,1,1,1
P1,post,calibration_majority,10,filterbank_csp_shrinkage_lda,3.5,2.5,3.5,63,1,1,1
P1,post,calibration_majority,10,filterbank_csp_shrinkage_lda,3.5,2.5,3.5,64,1,1,1
P1,post,calibration_majority,10,filterbank_csp_shrinkage_lda,3.5,2.5,3.5,65,-1,1,0
P1,post,calibration_majority,10,filterbank_csp_shrinkage_lda,3.5,2.5,3.5,66,1,1,1
P1,post,calibration_majority,10,filterbank_csp_shrinkage_lda,3.5,2.5,3.5,67,-1,1,0
P1,post,calibration_majority,10,filterbank_csp_shrinkage_lda,3.5,2.5,3.5,68,-1,1,0
P1,post,calibration_majority,10,filterbank_csp_shrinkage_lda,3.5,2.5,3.5,69,1,1,1
P1,post,calibration_majority,10,filterbank_csp_shrinkage_lda,3.5,2.5,3.5,70,1,1,1
P1,post,calibration_majority,10,filterbank_csp_shrinkage_lda,3.5,2.5,3.5,71,-1,1,0
P1,post,calibration_majority,10,filterbank_csp_shrinkage_lda,3.5,2.5,3.5,72,1,1,1
P1,post,calibration_majority,10,filterbank_csp_shrinkage_lda,3.5,2.5,3.5,73,-1,1,0
P1,post,calibration_majority,10,filterbank_csp_shrinkage_lda,3.5,2.5,3.5,74,-1,1,0
P1,post,calibration_majority,10,filterbank_csp_shrinkage_lda,3.5,2.5,3.5,75,-1,1,0
P1,post,calibration_majority,10,filterbank_csp_shrinkage_lda,3.5,2.5,3.5,76,1,1,1
P1,post,calibration_majority,10,filterbank_csp_shrinkage_lda,3.5,2.5,3.5,77,1,1,1
P1,post,calibration_majority,10,filterbank_csp_shrinkage_lda,3.5,2.5,3.5,78,1,1,1
P1,post,calibration_majority,10,filterbank_csp_shrinkage_lda,3.5,2.5,3.5,79,-1,1,0
P1,post,calibration_majority,10,filterbank_csp_shrinkage_lda,3.5,2.5,3.5,80,1,1,1
P1,post,filterbank_csp_shrinkage_lda,20,filterbank_csp_shrinkage_lda,3.5,2.5,3.5,61,-1,1,0
P1,post,filterbank_csp_shrinkage_lda,20,filterbank_csp_shrinkage_lda,3.5,2.5,3.5,62,1,1,1
P1,post,filterbank_csp_shrinkage_lda,20,filterbank_csp_shrinkage_lda,3.5,2.5,3.5,63,1,1,1
P1,post,filterbank_csp_shrinkage_lda,20,filterbank_csp_shrinkage_lda,3.5,2.5,3.5,64,1,1,1
P1,post,filterbank_csp_shrinkage_lda,20,filterbank_csp_shrinkage_lda,3.5,2.5,3.5,65,-1,-1,1
P1,post,filterbank_csp_shrinkage_lda,20,filterbank_csp_shrinkage_lda,3.5,2.5,3.5,66,1,1,1
P1,post,filterbank_csp_shrinkage_lda,20,filterbank_csp_shrinkage_lda,3.5,2.5,3.5,67,-1,-1,1
P1,post,filterbank_csp_shrinkage_lda,20,filterbank_csp_shrinkage_lda,3.5,2.5,3.5,68,-1,-1,1
P1,post,filterbank_csp_shrinkage_lda,20,filterbank_csp_shrinkage_lda,3.5,2.5,3.5,69,1,1,1
P1,post,filterbank_csp_shrinkage_lda,20,filterbank_csp_shrinkage_lda,3.5,2.5,3.5,70,1,1,1
P1,post,filterbank_csp_shrinkage_lda,20,filterbank_csp_shrinkage_lda,3.5,2.5,3.5,71,-1,-1,1
P1,post,filterbank_csp_shrinkage_lda,20,filterbank_csp_shrinkage_lda,3.5,2.5,3.5,72,1,1,1
P1,post,filterbank_csp_shrinkage_lda,20,filterbank_csp_shrinkage_lda,3.5,2.5,3.5,73,-1,-1,1
P1,post,filterbank_csp_shrinkage_lda,20,filterbank_csp_shrinkage_lda,3.5,2.5,3.5,74,-1,-1,1
P1,post,filterbank_csp_shrinkage_lda,20,filterbank_csp_shrinkage_lda,3.5,2.5,3.5,75,-1,-1,1
P1,post,filterbank_csp_shrinkage_lda,20,filterbank_csp_shrinkage_lda,3.5,2.5,3.5,76,1,1,1
P1,post,filterbank_csp_shrinkage_lda,20,filterbank_csp_shrinkage_lda,3.5,2.5,3.5,77,1,1,1
P1,post,filterbank_csp_shrinkage_lda,20,filterbank_csp_shrinkage_lda,3.5,2.5,3.5,78,1,1,1
P1,post,filterbank_csp_shrinkage_lda,20,filterbank_csp_shrinkage_lda,3.5,2.5,3.5,79,-1,-1,1
P1,post,filterbank_csp_shrinkage_lda,20,filterbank_csp_shrinkage_lda,3.5,2.5,3.5,80,1,1,1
P1,post,filterbank_riemann_recentered,20,filterbank_csp_shrinkage_lda,3.5,2.5,3.5,61,-1,1,0
P1,post,filterbank_riemann_recentered,20,filterbank_csp_shrinkage_lda,3.5,2.5,3.5,62,1,1,1
P1,post,filterbank_riemann_recentered,20,filterbank_csp_shrinkage_lda,3.5,2.5,3.5,63,1,1,1
P1,post,filterbank_riemann_recentered,20,filterbank_csp_shrinkage_lda,3.5,2.5,3.5,64,1,-1,0
P1,post,filterbank_riemann_recentered,20,filterbank_csp_shrinkage_lda,3.5,2.5,3.5,65,-1,-1,1
P1,post,filterbank_riemann_recentered,20,filterbank_csp_shrinkage_lda,3.5,2.5,3.5,66,1,1,1
P1,post,filterbank_riemann_recentered,20,filterbank_csp_shrinkage_lda,3.5,2.5,3.5,67,-1,-1,1
P1,post,filterbank_riemann_recentered,20,filterbank_csp_shrinkage_lda,3.5,2.5,3.5,68,-1,-1,1
P1,post,filterbank_riemann_recentered,20,filterbank_csp_shrinkage_lda,3.5,2.5,3.5,69,1,1,1
P1,post,filterbank_riemann_recentered,20,filterbank_csp_shrinkage_lda,3.5,2.5,3.5,70,1,1,1
P1,post,filterbank_riemann_recentered,20,filterbank_csp_shrinkage_lda,3.5,2.5,3.5,71,-1,-1,1
P1,post,filterbank_riemann_recentered,20,filterbank_csp_shrinkage_lda,3.5,2.5,3.5,72,1,1,1
P1,post,filterbank_riemann_recentered,20,filterbank_csp_shrinkage_lda,3.5,2.5,3.5,73,-1,-1,1
P1,post,filterbank_riemann_recentered,20,filterbank_csp_shrinkage_lda,3.5,2.5,3.5,74,-1,-1,1
P1,post,filterbank_riemann_recentered,20,filterbank_csp_shrinkage_lda,3.5,2.5,3.5,75,-1,-1,1
P1,post,filterbank_riemann_recentered,20,filterbank_csp_shrinkage_lda,3.5,2.5,3.5,76,1,1,1
P1,post,filterbank_riemann_recentered,20,filterbank_csp_shrinkage_lda,3.5,2.5,3.5,77,1,-1,0
P1,post,filterbank_riemann_recentered,20,filterbank_csp_shrinkage_lda,3.5,2.5,3.5,78,1,-1,0
P1,post,filterbank_riemann_recentered,20,filterbank_csp_shrinkage_lda,3.5,2.5,3.5,79,-1,-1,1
P1,post,filterbank_riemann_recentered,20,filterbank_csp_shrinkage_lda,3.5,2.5,3.5,80,1,1,1
P1,post,training_selected,20,filterbank_csp_shrinkage_lda,3.5,2.5,3.5,61,-1,1,0
P1,post,training_selected,20,filterbank_csp_shrinkage_lda,3.5,2.5,3.5,62,1,1,1
P1,post,training_selected,20,filterbank_csp_shrinkage_lda,3.5,2.5,3.5,63,1,1,1
P1,post,training_selected,20,filterbank_csp_shrinkage_lda,3.5,2.5,3.5,64,1,1,1
P1,post,training_selected,20,filterbank_csp_shrinkage_lda,3.5,2.5,3.5,65,-1,-1,1
P1,post,training_selected,20,filterbank_csp_shrinkage_lda,3.5,2.5,3.5,66,1,1,1
P1,post,training_selected,20,filterbank_csp_shrinkage_lda,3.5,2.5,3.5,67,-1,-1,1
P1,post,training_selected,20,filterbank_csp_shrinkage_lda,3.5,2.5,3.5,68,-1,-1,1
P1,post,training_selected,20,filterbank_csp_shrinkage_lda,3.5,2.5,3.5,69,1,1,1
P1,post,training_selected,20,filterbank_csp_shrinkage_lda,3.5,2.5,3.5,70,1,1,1
P1,post,training_selected,20,filterbank_csp_shrinkage_lda,3.5,2.5,3.5,71,-1,-1,1
P1,post,training_selected,20,filterbank_csp_shrinkage_lda,3.5,2.5,3.5,72,1,1,1
P1,post,training_selected,20,filterbank_csp_shrinkage_lda,3.5,2.5,3.5,73,-1,-1,1
P1,post,training_selected,20,filterbank_csp_shrinkage_lda,3.5,2.5,3.5,74,-1,-1,1
P1,post,training_selected,20,filterbank_csp_shrinkage_lda,3.5,2.5,3.5,75,-1,-1,1
P1,post,training_selected,20,filterbank_csp_shrinkage_lda,3.5,2.5,3.5,76,1,1,1
P1,post,training_selected,20,filterbank_csp_shrinkage_lda,3.5,2.5,3.5,77,1,1,1
P1,post,training_selected,20,filterbank_csp_shrinkage_lda,3.5,2.5,3.5,78,1,1,1
P1,post,training_selected,20,filterbank_csp_shrinkage_lda,3.5,2.5,3.5,79,-1,-1,1
P1,post,training_selected,20,filterbank_csp_shrinkage_lda,3.5,2.5,3.5,80,1,1,1
P1,post,calibration_majority,20,filterbank_csp_shrinkage_lda,3.5,2.5,3.5,61,-1,-1,1
P1,post,calibration_majority,20,filterbank_csp_shrinkage_lda,3.5,2.5,3.5,62,1,-1,0
P1,post,calibration_majority,20,filterbank_csp_shrinkage_lda,3.5,2.5,3.5,63,1,-1,0
P1,post,calibration_majority,20,filterbank_csp_shrinkage_lda,3.5,2.5,3.5,64,1,-1,0
P1,post,calibration_majority,20,filterbank_csp_shrinkage_lda,3.5,2.5,3.5,65,-1,-1,1
P1,post,calibration_majority,20,filterbank_csp_shrinkage_lda,3.5,2.5,3.5,66,1,-1,0
P1,post,calibration_majority,20,filterbank_csp_shrinkage_lda,3.5,2.5,3.5,67,-1,-1,1
P1,post,calibration_majority,20,filterbank_csp_shrinkage_lda,3.5,2.5,3.5,68,-1,-1,1
P1,post,calibration_majority,20,filterbank_csp_shrinkage_lda,3.5,2.5,3.5,69,1,-1,0
P1,post,calibration_majority,20,filterbank_csp_shrinkage_lda,3.5,2.5,3.5,70,1,-1,0
P1,post,calibration_majority,20,filterbank_csp_shrinkage_lda,3.5,2.5,3.5,71,-1,-1,1
P1,post,calibration_majority,20,filterbank_csp_shrinkage_lda,3.5,2.5,3.5,72,1,-1,0
P1,post,calibration_majority,20,filterbank_csp_shrinkage_lda,3.5,2.5,3.5,73,-1,-1,1
P1,post,calibration_majority,20,filterbank_csp_shrinkage_lda,3.5,2.5,3.5,74,-1,-1,1
P1,post,calibration_majority,20,filterbank_csp_shrinkage_lda,3.5,2.5,3.5,75,-1,-1,1
P1,post,calibration_majority,20,filterbank_csp_shrinkage_lda,3.5,2.5,3.5,76,1,-1,0
P1,post,calibration_majority,20,filterbank_csp_shrinkage_lda,3.5,2.5,3.5,77,1,-1,0
P1,post,calibration_majority,20,filterbank_csp_shrinkage_lda,3.5,2.5,3.5,78,1,-1,0
P1,post,calibration_majority,20,filterbank_csp_shrinkage_lda,3.5,2.5,3.5,79,-1,-1,1
P1,post,calibration_majority,20,filterbank_csp_shrinkage_lda,3.5,2.5,3.5,80,1,-1,0
P1,post,filterbank_csp_shrinkage_lda,40,filterbank_csp_shrinkage_lda,3.5,2.5,3.5,61,-1,1,0
P1,post,filterbank_csp_shrinkage_lda,40,filterbank_csp_shrinkage_lda,3.5,2.5,3.5,62,1,1,1
P1,post,filterbank_csp_shrinkage_lda,40,filterbank_csp_shrinkage_lda,3.5,2.5,3.5,63,1,1,1
P1,post,filterbank_csp_shrinkage_lda,40,filterbank_csp_shrinkage_lda,3.5,2.5,3.5,64,1,1,1
P1,post,filterbank_csp_shrinkage_lda,40,filterbank_csp_shrinkage_lda,3.5,2.5,3.5,65,-1,-1,1
P1,post,filterbank_csp_shrinkage_lda,40,filterbank_csp_shrinkage_lda,3.5,2.5,3.5,66,1,1,1
P1,post,filterbank_csp_shrinkage_lda,40,filterbank_csp_shrinkage_lda,3.5,2.5,3.5,67,-1,-1,1
P1,post,filterbank_csp_shrinkage_lda,40,filterbank_csp_shrinkage_lda,3.5,2.5,3.5,68,-1,-1,1
P1,post,filterbank_csp_shrinkage_lda,40,filterbank_csp_shrinkage_lda,3.5,2.5,3.5,69,1,1,1
P1,post,filterbank_csp_shrinkage_lda,40,filterbank_csp_shrinkage_lda,3.5,2.5,3.5,70,1,1,1
P1,post,filterbank_csp_shrinkage_lda,40,filterbank_csp_shrinkage_lda,3.5,2.5,3.5,71,-1,-1,1
P1,post,filterbank_csp_shrinkage_lda,40,filterbank_csp_shrinkage_lda,3.5,2.5,3.5,72,1,1,1
P1,post,filterbank_csp_shrinkage_lda,40,filterbank_csp_shrinkage_lda,3.5,2.5,3.5,73,-1,-1,1
P1,post,filterbank_csp_shrinkage_lda,40,filterbank_csp_shrinkage_lda,3.5,2.5,3.5,74,-1,-1,1
P1,post,filterbank_csp_shrinkage_lda,40,filterbank_csp_shrinkage_lda,3.5,2.5,3.5,75,-1,-1,1
P1,post,filterbank_csp_shrinkage_lda,40,filterbank_csp_shrinkage_lda,3.5,2.5,3.5,76,1,1,1
P1,post,filterbank_csp_shrinkage_lda,40,filterbank_csp_shrinkage_lda,3.5,2.5,3.5,77,1,1,1
P1,post,filterbank_csp_shrinkage_lda,40,filterbank_csp_shrinkage_lda,3.5,2.5,3.5,78,1,1,1
P1,post,filterbank_csp_shrinkage_lda,40,filterbank_csp_shrinkage_lda,3.5,2.5,3.5,79,-1,-1,1
P1,post,filterbank_csp_shrinkage_lda,40,filterbank_csp_shrinkage_lda,3.5,2.5,3.5,80,1,1,1
P1,post,filterbank_riemann_recentered,40,filterbank_csp_shrinkage_lda,3.5,2.5,3.5,61,-1,1,0
P1,post,filterbank_riemann_recentered,40,filterbank_csp_shrinkage_lda,3.5,2.5,3.5,62,1,1,1
P1,post,filterbank_riemann_recentered,40,filterbank_csp_shrinkage_lda,3.5,2.5,3.5,63,1,1,1
P1,post,filterbank_riemann_recentered,40,filterbank_csp_shrinkage_lda,3.5,2.5,3.5,64,1,-1,0
P1,post,filterbank_riemann_recentered,40,filterbank_csp_shrinkage_lda,3.5,2.5,3.5,65,-1,-1,1
P1,post,filterbank_riemann_recentered,40,filterbank_csp_shrinkage_lda,3.5,2.5,3.5,66,1,1,1
P1,post,filterbank_riemann_recentered,40,filterbank_csp_shrinkage_lda,3.5,2.5,3.5,67,-1,-1,1
P1,post,filterbank_riemann_recentered,40,filterbank_csp_shrinkage_lda,3.5,2.5,3.5,68,-1,-1,1
P1,post,filterbank_riemann_recentered,40,filterbank_csp_shrinkage_lda,3.5,2.5,3.5,69,1,1,1
P1,post,filterbank_riemann_recentered,40,filterbank_csp_shrinkage_lda,3.5,2.5,3.5,70,1,1,1
P1,post,filterbank_riemann_recentered,40,filterbank_csp_shrinkage_lda,3.5,2.5,3.5,71,-1,-1,1
P1,post,filterbank_riemann_recentered,40,filterbank_csp_shrinkage_lda,3.5,2.5,3.5,72,1,1,1
P1,post,filterbank_riemann_recentered,40,filterbank_csp_shrinkage_lda,3.5,2.5,3.5,73,-1,-1,1
P1,post,filterbank_riemann_recentered,40,filterbank_csp_shrinkage_lda,3.5,2.5,3.5,74,-1,-1,1
P1,post,filterbank_riemann_recentered,40,filterbank_csp_shrinkage_lda,3.5,2.5,3.5,75,-1,-1,1
P1,post,filterbank_riemann_recentered,40,filterbank_csp_shrinkage_lda,3.5,2.5,3.5,76,1,1,1
P1,post,filterbank_riemann_recentered,40,filterbank_csp_shrinkage_lda,3.5,2.5,3.5,77,1,1,1
P1,post,filterbank_riemann_recentered,40,filterbank_csp_shrinkage_lda,3.5,2.5,3.5,78,1,1,1
P1,post,filterbank_riemann_recentered,40,filterbank_csp_shrinkage_lda,3.5,2.5,3.5,79,-1,-1,1
P1,post,filterbank_riemann_recentered,40,filterbank_csp_shrinkage_lda,3.5,2.5,3.5,80,1,1,1
P1,post,training_selected,40,filterbank_csp_shrinkage_lda,3.5,2.5,3.5,61,-1,1,0
P1,post,training_selected,40,filterbank_csp_shrinkage_lda,3.5,2.5,3.5,62,1,1,1
P1,post,training_selected,40,filterbank_csp_shrinkage_lda,3.5,2.5,3.5,63,1,1,1
P1,post,training_selected,40,filterbank_csp_shrinkage_lda,3.5,2.5,3.5,64,1,1,1
P1,post,training_selected,40,filterbank_csp_shrinkage_lda,3.5,2.5,3.5,65,-1,-1,1
P1,post,training_selected,40,filterbank_csp_shrinkage_lda,3.5,2.5,3.5,66,1,1,1
P1,post,training_selected,40,filterbank_csp_shrinkage_lda,3.5,2.5,3.5,67,-1,-1,1
P1,post,training_selected,40,filterbank_csp_shrinkage_lda,3.5,2.5,3.5,68,-1,-1,1
P1,post,training_selected,40,filterbank_csp_shrinkage_lda,3.5,2.5,3.5,69,1,1,1
P1,post,training_selected,40,filterbank_csp_shrinkage_lda,3.5,2.5,3.5,70,1,1,1
P1,post,training_selected,40,filterbank_csp_shrinkage_lda,3.5,2.5,3.5,71,-1,-1,1
P1,post,training_selected,40,filterbank_csp_shrinkage_lda,3.5,2.5,3.5,72,1,1,1
P1,post,training_selected,40,filterbank_csp_shrinkage_lda,3.5,2.5,3.5,73,-1,-1,1
P1,post,training_selected,40,filterbank_csp_shrinkage_lda,3.5,2.5,3.5,74,-1,-1,1
P1,post,training_selected,40,filterbank_csp_shrinkage_lda,3.5,2.5,3.5,75,-1,-1,1
P1,post,training_selected,40,filterbank_csp_shrinkage_lda,3.5,2.5,3.5,76,1,1,1
P1,post,training_selected,40,filterbank_csp_shrinkage_lda,3.5,2.5,3.5,77,1,1,1
P1,post,training_selected,40,filterbank_csp_shrinkage_lda,3.5,2.5,3.5,78,1,1,1
P1,post,training_selected,40,filterbank_csp_shrinkage_lda,3.5,2.5,3.5,79,-1,-1,1
P1,post,training_selected,40,filterbank_csp_shrinkage_lda,3.5,2.5,3.5,80,1,1,1
P1,post,calibration_majority,40,filterbank_csp_shrinkage_lda,3.5,2.5,3.5,61,-1,-1,1
P1,post,calibration_majority,40,filterbank_csp_shrinkage_lda,3.5,2.5,3.5,62,1,-1,0
P1,post,calibration_majority,40,filterbank_csp_shrinkage_lda,3.5,2.5,3.5,63,1,-1,0
P1,post,calibration_majority,40,filterbank_csp_shrinkage_lda,3.5,2.5,3.5,64,1,-1,0
P1,post,calibration_majority,40,filterbank_csp_shrinkage_lda,3.5,2.5,3.5,65,-1,-1,1
P1,post,calibration_majority,40,filterbank_csp_shrinkage_lda,3.5,2.5,3.5,66,1,-1,0
P1,post,calibration_majority,40,filterbank_csp_shrinkage_lda,3.5,2.5,3.5,67,-1,-1,1
P1,post,calibration_majority,40,filterbank_csp_shrinkage_lda,3.5,2.5,3.5,68,-1,-1,1
P1,post,calibration_majority,40,filterbank_csp_shrinkage_lda,3.5,2.5,3.5,69,1,-1,0
P1,post,calibration_majority,40,filterbank_csp_shrinkage_lda,3.5,2.5,3.5,70,1,-1,0
P1,post,calibration_majority,40,filterbank_csp_shrinkage_lda,3.5,2.5,3.5,71,-1,-1,1
P1,post,calibration_majority,40,filterbank_csp_shrinkage_lda,3.5,2.5,3.5,72,1,-1,0
P1,post,calibration_majority,40,filterbank_csp_shrinkage_lda,3.5,2.5,3.5,73,-1,-1,1
P1,post,calibration_majority,40,filterbank_csp_shrinkage_lda,3.5,2.5,3.5,74,-1,-1,1
P1,post,calibration_majority,40,filterbank_csp_shrinkage_lda,3.5,2.5,3.5,75,-1,-1,1
P1,post,calibration_majority,40,filterbank_csp_shrinkage_lda,3.5,2.5,3.5,76,1,-1,0
P1,post,calibration_majority,40,filterbank_csp_shrinkage_lda,3.5,2.5,3.5,77,1,-1,0
P1,post,calibration_majority,40,filterbank_csp_shrinkage_lda,3.5,2.5,3.5,78,1,-1,0
P1,post,calibration_majority,40,filterbank_csp_shrinkage_lda,3.5,2.5,3.5,79,-1,-1,1
P1,post,calibration_majority,40,filterbank_csp_shrinkage_lda,3.5,2.5,3.5,80,1,-1,0
P1,post,filterbank_csp_shrinkage_lda,60,filterbank_csp_shrinkage_lda,3.5,2.5,3.5,61,-1,-1,1
P1,post,filterbank_csp_shrinkage_lda,60,filterbank_csp_shrinkage_lda,3.5,2.5,3.5,62,1,1,1
P1,post,filterbank_csp_shrinkage_lda,60,filterbank_csp_shrinkage_lda,3.5,2.5,3.5,63,1,1,1
P1,post,filterbank_csp_shrinkage_lda,60,filterbank_csp_shrinkage_lda,3.5,2.5,3.5,64,1,1,1
P1,post,filterbank_csp_shrinkage_lda,60,filterbank_csp_shrinkage_lda,3.5,2.5,3.5,65,-1,-1,1
P1,post,filterbank_csp_shrinkage_lda,60,filterbank_csp_shrinkage_lda,3.5,2.5,3.5,66,1,1,1
P1,post,filterbank_csp_shrinkage_lda,60,filterbank_csp_shrinkage_lda,3.5,2.5,3.5,67,-1,-1,1
P1,post,filterbank_csp_shrinkage_lda,60,filterbank_csp_shrinkage_lda,3.5,2.5,3.5,68,-1,-1,1
P1,post,filterbank_csp_shrinkage_lda,60,filterbank_csp_shrinkage_lda,3.5,2.5,3.5,69,1,1,1
P1,post,filterbank_csp_shrinkage_lda,60,filterbank_csp_shrinkage_lda,3.5,2.5,3.5,70,1,1,1
P1,post,filterbank_csp_shrinkage_lda,60,filterbank_csp_shrinkage_lda,3.5,2.5,3.5,71,-1,-1,1
P1,post,filterbank_csp_shrinkage_lda,60,filterbank_csp_shrinkage_lda,3.5,2.5,3.5,72,1,1,1
P1,post,filterbank_csp_shrinkage_lda,60,filterbank_csp_shrinkage_lda,3.5,2.5,3.5,73,-1,-1,1
P1,post,filterbank_csp_shrinkage_lda,60,filterbank_csp_shrinkage_lda,3.5,2.5,3.5,74,-1,-1,1
P1,post,filterbank_csp_shrinkage_lda,60,filterbank_csp_shrinkage_lda,3.5,2.5,3.5,75,-1,-1,1
P1,post,filterbank_csp_shrinkage_lda,60,filterbank_csp_shrinkage_lda,3.5,2.5,3.5,76,1,1,1
P1,post,filterbank_csp_shrinkage_lda,60,filterbank_csp_shrinkage_lda,3.5,2.5,3.5,77,1,1,1
P1,post,filterbank_csp_shrinkage_lda,60,filterbank_csp_shrinkage_lda,3.5,2.5,3.5,78,1,1,1
P1,post,filterbank_csp_shrinkage_lda,60,filterbank_csp_shrinkage_lda,3.5,2.5,3.5,79,-1,-1,1
P1,post,filterbank_csp_shrinkage_lda,60,filterbank_csp_shrinkage_lda,3.5,2.5,3.5,80,1,1,1
P1,post,filterbank_riemann_recentered,60,filterbank_csp_shrinkage_lda,3.5,2.5,3.5,61,-1,-1,1
P1,post,filterbank_riemann_recentered,60,filterbank_csp_shrinkage_lda,3.5,2.5,3.5,62,1,1,1
P1,post,filterbank_riemann_recentered,60,filterbank_csp_shrinkage_lda,3.5,2.5,3.5,63,1,1,1
P1,post,filterbank_riemann_recentered,60,filterbank_csp_shrinkage_lda,3.5,2.5,3.5,64,1,-1,0
P1,post,filterbank_riemann_recentered,60,filterbank_csp_shrinkage_lda,3.5,2.5,3.5,65,-1,-1,1
P1,post,filterbank_riemann_recentered,60,filterbank_csp_shrinkage_lda,3.5,2.5,3.5,66,1,1,1
P1,post,filterbank_riemann_recentered,60,filterbank_csp_shrinkage_lda,3.5,2.5,3.5,67,-1,-1,1
P1,post,filterbank_riemann_recentered,60,filterbank_csp_shrinkage_lda,3.5,2.5,3.5,68,-1,-1,1
P1,post,filterbank_riemann_recentered,60,filterbank_csp_shrinkage_lda,3.5,2.5,3.5,69,1,1,1
P1,post,filterbank_riemann_recentered,60,filterbank_csp_shrinkage_lda,3.5,2.5,3.5,70,1,1,1
P1,post,filterbank_riemann_recentered,60,filterbank_csp_shrinkage_lda,3.5,2.5,3.5,71,-1,-1,1
P1,post,filterbank_riemann_recentered,60,filterbank_csp_shrinkage_lda,3.5,2.5,3.5,72,1,1,1
P1,post,filterbank_riemann_recentered,60,filterbank_csp_shrinkage_lda,3.5,2.5,3.5,73,-1,-1,1
P1,post,filterbank_riemann_recentered,60,filterbank_csp_shrinkage_lda,3.5,2.5,3.5,74,-1,-1,1
P1,post,filterbank_riemann_recentered,60,filterbank_csp_shrinkage_lda,3.5,2.5,3.5,75,-1,-1,1
P1,post,filterbank_riemann_recentered,60,filterbank_csp_shrinkage_lda,3.5,2.5,3.5,76,1,1,1
P1,post,filterbank_riemann_recentered,60,filterbank_csp_shrinkage_lda,3.5,2.5,3.5,77,1,1,1
P1,post,filterbank_riemann_recentered,60,filterbank_csp_shrinkage_lda,3.5,2.5,3.5,78,1,1,1
P1,post,filterbank_riemann_recentered,60,filterbank_csp_shrinkage_lda,3.5,2.5,3.5,79,-1,-1,1
P1,post,filterbank_riemann_recentered,60,filterbank_csp_shrinkage_lda,3.5,2.5,3.5,80,1,1,1
P1,post,training_selected,60,filterbank_csp_shrinkage_lda,3.5,2.5,3.5,61,-1,-1,1
P1,post,training_selected,60,filterbank_csp_shrinkage_lda,3.5,2.5,3.5,62,1,1,1
P1,post,training_selected,60,filterbank_csp_shrinkage_lda,3.5,2.5,3.5,63,1,1,1
P1,post,training_selected,60,filterbank_csp_shrinkage_lda,3.5,2.5,3.5,64,1,1,1
P1,post,training_selected,60,filterbank_csp_shrinkage_lda,3.5,2.5,3.5,65,-1,-1,1
P1,post,training_selected,60,filterbank_csp_shrinkage_lda,3.5,2.5,3.5,66,1,1,1
P1,post,training_selected,60,filterbank_csp_shrinkage_lda,3.5,2.5,3.5,67,-1,-1,1
P1,post,training_selected,60,filterbank_csp_shrinkage_lda,3.5,2.5,3.5,68,-1,-1,1
P1,post,training_selected,60,filterbank_csp_shrinkage_lda,3.5,2.5,3.5,69,1,1,1
P1,post,training_selected,60,filterbank_csp_shrinkage_lda,3.5,2.5,3.5,70,1,1,1
P1,post,training_selected,60,filterbank_csp_shrinkage_lda,3.5,2.5,3.5,71,-1,-1,1
P1,post,training_selected,60,filterbank_csp_shrinkage_lda,3.5,2.5,3.5,72,1,1,1
P1,post,training_selected,60,filterbank_csp_shrinkage_lda,3.5,2.5,3.5,73,-1,-1,1
P1,post,training_selected,60,filterbank_csp_shrinkage_lda,3.5,2.5,3.5,74,-1,-1,1
P1,post,training_selected,60,filterbank_csp_shrinkage_lda,3.5,2.5,3.5,75,-1,-1,1
P1,post,training_selected,60,filterbank_csp_shrinkage_lda,3.5,2.5,3.5,76,1,1,1
P1,post,training_selected,60,filterbank_csp_shrinkage_lda,3.5,2.5,3.5,77,1,1,1
P1,post,training_selected,60,filterbank_csp_shrinkage_lda,3.5,2.5,3.5,78,1,1,1
P1,post,training_selected,60,filterbank_csp_shrinkage_lda,3.5,2.5,3.5,79,-1,-1,1
P1,post,training_selected,60,filterbank_csp_shrinkage_lda,3.5,2.5,3.5,80,1,1,1
P1,post,calibration_majority,60,filterbank_csp_shrinkage_lda,3.5,2.5,3.5,61,-1,-1,1
P1,post,calibration_majority,60,filterbank_csp_shrinkage_lda,3.5,2.5,3.5,62,1,-1,0
P1,post,calibration_majority,60,filterbank_csp_shrinkage_lda,3.5,2.5,3.5,63,1,-1,0
P1,post,calibration_majority,60,filterbank_csp_shrinkage_lda,3.5,2.5,3.5,64,1,-1,0
P1,post,calibration_majority,60,filterbank_csp_shrinkage_lda,3.5,2.5,3.5,65,-1,-1,1
P1,post,calibration_majority,60,filterbank_csp_shrinkage_lda,3.5,2.5,3.5,66,1,-1,0
P1,post,calibration_majority,60,filterbank_csp_shrinkage_lda,3.5,2.5,3.5,67,-1,-1,1
P1,post,calibration_majority,60,filterbank_csp_shrinkage_lda,3.5,2.5,3.5,68,-1,-1,1
P1,post,calibration_majority,60,filterbank_csp_shrinkage_lda,3.5,2.5,3.5,69,1,-1,0
P1,post,calibration_majority,60,filterbank_csp_shrinkage_lda,3.5,2.5,3.5,70,1,-1,0
P1,post,calibration_majority,60,filterbank_csp_shrinkage_lda,3.5,2.5,3.5,71,-1,-1,1
P1,post,calibration_majority,60,filterbank_csp_shrinkage_lda,3.5,2.5,3.5,72,1,-1,0
P1,post,calibration_majority,60,filterbank_csp_shrinkage_lda,3.5,2.5,3.5,73,-1,-1,1
P1,post,calibration_majority,60,filterbank_csp_shrinkage_lda,3.5,2.5,3.5,74,-1,-1,1
P1,post,calibration_majority,60,filterbank_csp_shrinkage_lda,3.5,2.5,3.5,75,-1,-1,1
P1,post,calibration_majority,60,filterbank_csp_shrinkage_lda,3.5,2.5,3.5,76,1,-1,0
P1,post,calibration_majority,60,filterbank_csp_shrinkage_lda,3.5,2.5,3.5,77,1,-1,0
P1,post,calibration_majority,60,filterbank_csp_shrinkage_lda,3.5,2.5,3.5,78,1,-1,0
P1,post,calibration_majority,60,filterbank_csp_shrinkage_lda,3.5,2.5,3.5,79,-1,-1,1
P1,post,calibration_majority,60,filterbank_csp_shrinkage_lda,3.5,2.5,3.5,80,1,-1,0
P2,pre,filterbank_csp_shrinkage_lda,10,filterbank_csp_shrinkage_lda,3.5,2.5,3.5,61,-1,1,0
P2,pre,filterbank_csp_shrinkage_lda,10,filterbank_csp_shrinkage_lda,3.5,2.5,3.5,62,-1,1,0
P2,pre,filterbank_csp_shrinkage_lda,10,filterbank_csp_shrinkage_lda,3.5,2.5,3.5,63,1,1,1
P2,pre,filterbank_csp_shrinkage_lda,10,filterbank_csp_shrinkage_lda,3.5,2.5,3.5,64,-1,1,0
P2,pre,filterbank_csp_shrinkage_lda,10,filterbank_csp_shrinkage_lda,3.5,2.5,3.5,65,1,1,1
P2,pre,filterbank_csp_shrinkage_lda,10,filterbank_csp_shrinkage_lda,3.5,2.5,3.5,66,-1,1,0
P2,pre,filterbank_csp_shrinkage_lda,10,filterbank_csp_shrinkage_lda,3.5,2.5,3.5,67,1,1,1
P2,pre,filterbank_csp_shrinkage_lda,10,filterbank_csp_shrinkage_lda,3.5,2.5,3.5,68,1,1,1
P2,pre,filterbank_csp_shrinkage_lda,10,filterbank_csp_shrinkage_lda,3.5,2.5,3.5,69,1,1,1
P2,pre,filterbank_csp_shrinkage_lda,10,filterbank_csp_shrinkage_lda,3.5,2.5,3.5,70,-1,1,0
P2,pre,filterbank_csp_shrinkage_lda,10,filterbank_csp_shrinkage_lda,3.5,2.5,3.5,71,1,1,1
P2,pre,filterbank_csp_shrinkage_lda,10,filterbank_csp_shrinkage_lda,3.5,2.5,3.5,72,-1,1,0
P2,pre,filterbank_csp_shrinkage_lda,10,filterbank_csp_shrinkage_lda,3.5,2.5,3.5,73,-1,1,0
P2,pre,filterbank_csp_shrinkage_lda,10,filterbank_csp_shrinkage_lda,3.5,2.5,3.5,74,-1,1,0
P2,pre,filterbank_csp_shrinkage_lda,10,filterbank_csp_shrinkage_lda,3.5,2.5,3.5,75,-1,1,0
P2,pre,filterbank_csp_shrinkage_lda,10,filterbank_csp_shrinkage_lda,3.5,2.5,3.5,76,1,1,1
P2,pre,filterbank_csp_shrinkage_lda,10,filterbank_csp_shrinkage_lda,3.5,2.5,3.5,77,-1,1,0
P2,pre,filterbank_csp_shrinkage_lda,10,filterbank_csp_shrinkage_lda,3.5,2.5,3.5,78,-1,1,0
P2,pre,filterbank_csp_shrinkage_lda,10,filterbank_csp_shrinkage_lda,3.5,2.5,3.5,79,1,1,1
P2,pre,filterbank_csp_shrinkage_lda,10,filterbank_csp_shrinkage_lda,3.5,2.5,3.5,80,1,1,1
P2,pre,filterbank_riemann_recentered,10,filterbank_csp_shrinkage_lda,3.5,2.5,3.5,61,-1,1,0
P2,pre,filterbank_riemann_recentered,10,filterbank_csp_shrinkage_lda,3.5,2.5,3.5,62,-1,1,0
P2,pre,filterbank_riemann_recentered,10,filterbank_csp_shrinkage_lda,3.5,2.5,3.5,63,1,1,1
P2,pre,filterbank_riemann_recentered,10,filterbank_csp_shrinkage_lda,3.5,2.5,3.5,64,-1,1,0
P2,pre,filterbank_riemann_recentered,10,filterbank_csp_shrinkage_lda,3.5,2.5,3.5,65,1,1,1
P2,pre,filterbank_riemann_recentered,10,filterbank_csp_shrinkage_lda,3.5,2.5,3.5,66,-1,1,0
P2,pre,filterbank_riemann_recentered,10,filterbank_csp_shrinkage_lda,3.5,2.5,3.5,67,1,1,1
P2,pre,filterbank_riemann_recentered,10,filterbank_csp_shrinkage_lda,3.5,2.5,3.5,68,1,1,1
P2,pre,filterbank_riemann_recentered,10,filterbank_csp_shrinkage_lda,3.5,2.5,3.5,69,1,1,1
P2,pre,filterbank_riemann_recentered,10,filterbank_csp_shrinkage_lda,3.5,2.5,3.5,70,-1,1,0
P2,pre,filterbank_riemann_recentered,10,filterbank_csp_shrinkage_lda,3.5,2.5,3.5,71,1,1,1
P2,pre,filterbank_riemann_recentered,10,filterbank_csp_shrinkage_lda,3.5,2.5,3.5,72,-1,1,0
P2,pre,filterbank_riemann_recentered,10,filterbank_csp_shrinkage_lda,3.5,2.5,3.5,73,-1,1,0
P2,pre,filterbank_riemann_recentered,10,filterbank_csp_shrinkage_lda,3.5,2.5,3.5,74,-1,1,0
P2,pre,filterbank_riemann_recentered,10,filterbank_csp_shrinkage_lda,3.5,2.5,3.5,75,-1,1,0
P2,pre,filterbank_riemann_recentered,10,filterbank_csp_shrinkage_lda,3.5,2.5,3.5,76,1,1,1
P2,pre,filterbank_riemann_recentered,10,filterbank_csp_shrinkage_lda,3.5,2.5,3.5,77,-1,1,0
P2,pre,filterbank_riemann_recentered,10,filterbank_csp_shrinkage_lda,3.5,2.5,3.5,78,-1,1,0
P2,pre,filterbank_riemann_recentered,10,filterbank_csp_shrinkage_lda,3.5,2.5,3.5,79,1,1,1
P2,pre,filterbank_riemann_recentered,10,filterbank_csp_shrinkage_lda,3.5,2.5,3.5,80,1,1,1
P2,pre,training_selected,10,filterbank_csp_shrinkage_lda,3.5,2.5,3.5,61,-1,1,0
P2,pre,training_selected,10,filterbank_csp_shrinkage_lda,3.5,2.5,3.5,62,-1,1,0
P2,pre,training_selected,10,filterbank_csp_shrinkage_lda,3.5,2.5,3.5,63,1,1,1
P2,pre,training_selected,10,filterbank_csp_shrinkage_lda,3.5,2.5,3.5,64,-1,1,0
P2,pre,training_selected,10,filterbank_csp_shrinkage_lda,3.5,2.5,3.5,65,1,1,1
P2,pre,training_selected,10,filterbank_csp_shrinkage_lda,3.5,2.5,3.5,66,-1,1,0
P2,pre,training_selected,10,filterbank_csp_shrinkage_lda,3.5,2.5,3.5,67,1,1,1
P2,pre,training_selected,10,filterbank_csp_shrinkage_lda,3.5,2.5,3.5,68,1,1,1
P2,pre,training_selected,10,filterbank_csp_shrinkage_lda,3.5,2.5,3.5,69,1,1,1
P2,pre,training_selected,10,filterbank_csp_shrinkage_lda,3.5,2.5,3.5,70,-1,1,0
P2,pre,training_selected,10,filterbank_csp_shrinkage_lda,3.5,2.5,3.5,71,1,1,1
P2,pre,training_selected,10,filterbank_csp_shrinkage_lda,3.5,2.5,3.5,72,-1,1,0
P2,pre,training_selected,10,filterbank_csp_shrinkage_lda,3.5,2.5,3.5,73,-1,1,0
P2,pre,training_selected,10,filterbank_csp_shrinkage_lda,3.5,2.5,3.5,74,-1,1,0
P2,pre,training_selected,10,filterbank_csp_shrinkage_lda,3.5,2.5,3.5,75,-1,1,0
P2,pre,training_selected,10,filterbank_csp_shrinkage_lda,3.5,2.5,3.5,76,1,1,1
P2,pre,training_selected,10,filterbank_csp_shrinkage_lda,3.5,2.5,3.5,77,-1,1,0
P2,pre,training_selected,10,filterbank_csp_shrinkage_lda,3.5,2.5,3.5,78,-1,1,0
P2,pre,training_selected,10,filterbank_csp_shrinkage_lda,3.5,2.5,3.5,79,1,1,1
P2,pre,training_selected,10,filterbank_csp_shrinkage_lda,3.5,2.5,3.5,80,1,1,1
P2,pre,calibration_majority,10,filterbank_csp_shrinkage_lda,3.5,2.5,3.5,61,-1,1,0
P2,pre,calibration_majority,10,filterbank_csp_shrinkage_lda,3.5,2.5,3.5,62,-1,1,0
P2,pre,calibration_majority,10,filterbank_csp_shrinkage_lda,3.5,2.5,3.5,63,1,1,1
P2,pre,calibration_majority,10,filterbank_csp_shrinkage_lda,3.5,2.5,3.5,64,-1,1,0
P2,pre,calibration_majority,10,filterbank_csp_shrinkage_lda,3.5,2.5,3.5,65,1,1,1
P2,pre,calibration_majority,10,filterbank_csp_shrinkage_lda,3.5,2.5,3.5,66,-1,1,0
P2,pre,calibration_majority,10,filterbank_csp_shrinkage_lda,3.5,2.5,3.5,67,1,1,1
P2,pre,calibration_majority,10,filterbank_csp_shrinkage_lda,3.5,2.5,3.5,68,1,1,1
P2,pre,calibration_majority,10,filterbank_csp_shrinkage_lda,3.5,2.5,3.5,69,1,1,1
P2,pre,calibration_majority,10,filterbank_csp_shrinkage_lda,3.5,2.5,3.5,70,-1,1,0
P2,pre,calibration_majority,10,filterbank_csp_shrinkage_lda,3.5,2.5,3.5,71,1,1,1
P2,pre,calibration_majority,10,filterbank_csp_shrinkage_lda,3.5,2.5,3.5,72,-1,1,0
P2,pre,calibration_majority,10,filterbank_csp_shrinkage_lda,3.5,2.5,3.5,73,-1,1,0
P2,pre,calibration_majority,10,filterbank_csp_shrinkage_lda,3.5,2.5,3.5,74,-1,1,0
P2,pre,calibration_majority,10,filterbank_csp_shrinkage_lda,3.5,2.5,3.5,75,-1,1,0
P2,pre,calibration_majority,10,filterbank_csp_shrinkage_lda,3.5,2.5,3.5,76,1,1,1
P2,pre,calibration_majority,10,filterbank_csp_shrinkage_lda,3.5,2.5,3.5,77,-1,1,0
P2,pre,calibration_majority,10,filterbank_csp_shrinkage_lda,3.5,2.5,3.5,78,-1,1,0
P2,pre,calibration_majority,10,filterbank_csp_shrinkage_lda,3.5,2.5,3.5,79,1,1,1
P2,pre,calibration_majority,10,filterbank_csp_shrinkage_lda,3.5,2.5,3.5,80,1,1,1
P2,pre,filterbank_csp_shrinkage_lda,20,filterbank_csp_shrinkage_lda,3.5,2.5,3.5,61,-1,1,0
P2,pre,filterbank_csp_shrinkage_lda,20,filterbank_csp_shrinkage_lda,3.5,2.5,3.5,62,-1,1,0
P2,pre,filterbank_csp_shrinkage_lda,20,filterbank_csp_shrinkage_lda,3.5,2.5,3.5,63,1,1,1
P2,pre,filterbank_csp_shrinkage_lda,20,filterbank_csp_shrinkage_lda,3.5,2.5,3.5,64,-1,1,0
P2,pre,filterbank_csp_shrinkage_lda,20,filterbank_csp_shrinkage_lda,3.5,2.5,3.5,65,1,1,1
P2,pre,filterbank_csp_shrinkage_lda,20,filterbank_csp_shrinkage_lda,3.5,2.5,3.5,66,-1,1,0
P2,pre,filterbank_csp_shrinkage_lda,20,filterbank_csp_shrinkage_lda,3.5,2.5,3.5,67,1,1,1
P2,pre,filterbank_csp_shrinkage_lda,20,filterbank_csp_shrinkage_lda,3.5,2.5,3.5,68,1,1,1
P2,pre,filterbank_csp_shrinkage_lda,20,filterbank_csp_shrinkage_lda,3.5,2.5,3.5,69,1,1,1
P2,pre,filterbank_csp_shrinkage_lda,20,filterbank_csp_shrinkage_lda,3.5,2.5,3.5,70,-1,-1,1
P2,pre,filterbank_csp_shrinkage_lda,20,filterbank_csp_shrinkage_lda,3.5,2.5,3.5,71,1,1,1
P2,pre,filterbank_csp_shrinkage_lda,20,filterbank_csp_shrinkage_lda,3.5,2.5,3.5,72,-1,1,0
P2,pre,filterbank_csp_shrinkage_lda,20,filterbank_csp_shrinkage_lda,3.5,2.5,3.5,73,-1,1,0
P2,pre,filterbank_csp_shrinkage_lda,20,filterbank_csp_shrinkage_lda,3.5,2.5,3.5,74,-1,1,0
P2,pre,filterbank_csp_shrinkage_lda,20,filterbank_csp_shrinkage_lda,3.5,2.5,3.5,75,-1,1,0
P2,pre,filterbank_csp_shrinkage_lda,20,filterbank_csp_shrinkage_lda,3.5,2.5,3.5,76,1,-1,0
P2,pre,filterbank_csp_shrinkage_lda,20,filterbank_csp_shrinkage_lda,3.5,2.5,3.5,77,-1,1,0
P2,pre,filterbank_csp_shrinkage_lda,20,filterbank_csp_shrinkage_lda,3.5,2.5,3.5,78,-1,1,0
P2,pre,filterbank_csp_shrinkage_lda,20,filterbank_csp_shrinkage_lda,3.5,2.5,3.5,79,1,1,1
P2,pre,filterbank_csp_shrinkage_lda,20,filterbank_csp_shrinkage_lda,3.5,2.5,3.5,80,1,-1,0
P2,pre,filterbank_riemann_recentered,20,filterbank_csp_shrinkage_lda,3.5,2.5,3.5,61,-1,1,0
P2,pre,filterbank_riemann_recentered,20,filterbank_csp_shrinkage_lda,3.5,2.5,3.5,62,-1,1,0
P2,pre,filterbank_riemann_recentered,20,filterbank_csp_shrinkage_lda,3.5,2.5,3.5,63,1,1,1
P2,pre,filterbank_riemann_recentered,20,filterbank_csp_shrinkage_lda,3.5,2.5,3.5,64,-1,1,0
P2,pre,filterbank_riemann_recentered,20,filterbank_csp_shrinkage_lda,3.5,2.5,3.5,65,1,1,1
P2,pre,filterbank_riemann_recentered,20,filterbank_csp_shrinkage_lda,3.5,2.5,3.5,66,-1,1,0
P2,pre,filterbank_riemann_recentered,20,filterbank_csp_shrinkage_lda,3.5,2.5,3.5,67,1,1,1
P2,pre,filterbank_riemann_recentered,20,filterbank_csp_shrinkage_lda,3.5,2.5,3.5,68,1,1,1
P2,pre,filterbank_riemann_recentered,20,filterbank_csp_shrinkage_lda,3.5,2.5,3.5,69,1,1,1
P2,pre,filterbank_riemann_recentered,20,filterbank_csp_shrinkage_lda,3.5,2.5,3.5,70,-1,1,0
P2,pre,filterbank_riemann_recentered,20,filterbank_csp_shrinkage_lda,3.5,2.5,3.5,71,1,1,1
P2,pre,filterbank_riemann_recentered,20,filterbank_csp_shrinkage_lda,3.5,2.5,3.5,72,-1,1,0
P2,pre,filterbank_riemann_recentered,20,filterbank_csp_shrinkage_lda,3.5,2.5,3.5,73,-1,1,0
P2,pre,filterbank_riemann_recentered,20,filterbank_csp_shrinkage_lda,3.5,2.5,3.5,74,-1,1,0
P2,pre,filterbank_riemann_recentered,20,filterbank_csp_shrinkage_lda,3.5,2.5,3.5,75,-1,1,0
P2,pre,filterbank_riemann_recentered,20,filterbank_csp_shrinkage_lda,3.5,2.5,3.5,76,1,1,1
P2,pre,filterbank_riemann_recentered,20,filterbank_csp_shrinkage_lda,3.5,2.5,3.5,77,-1,1,0
P2,pre,filterbank_riemann_recentered,20,filterbank_csp_shrinkage_lda,3.5,2.5,3.5,78,-1,1,0
P2,pre,filterbank_riemann_recentered,20,filterbank_csp_shrinkage_lda,3.5,2.5,3.5,79,1,1,1
P2,pre,filterbank_riemann_recentered,20,filterbank_csp_shrinkage_lda,3.5,2.5,3.5,80,1,1,1
P2,pre,training_selected,20,filterbank_csp_shrinkage_lda,3.5,2.5,3.5,61,-1,1,0
P2,pre,training_selected,20,filterbank_csp_shrinkage_lda,3.5,2.5,3.5,62,-1,1,0
P2,pre,training_selected,20,filterbank_csp_shrinkage_lda,3.5,2.5,3.5,63,1,1,1
P2,pre,training_selected,20,filterbank_csp_shrinkage_lda,3.5,2.5,3.5,64,-1,1,0
P2,pre,training_selected,20,filterbank_csp_shrinkage_lda,3.5,2.5,3.5,65,1,1,1
P2,pre,training_selected,20,filterbank_csp_shrinkage_lda,3.5,2.5,3.5,66,-1,1,0
P2,pre,training_selected,20,filterbank_csp_shrinkage_lda,3.5,2.5,3.5,67,1,1,1
P2,pre,training_selected,20,filterbank_csp_shrinkage_lda,3.5,2.5,3.5,68,1,1,1
P2,pre,training_selected,20,filterbank_csp_shrinkage_lda,3.5,2.5,3.5,69,1,1,1
P2,pre,training_selected,20,filterbank_csp_shrinkage_lda,3.5,2.5,3.5,70,-1,-1,1
P2,pre,training_selected,20,filterbank_csp_shrinkage_lda,3.5,2.5,3.5,71,1,1,1
P2,pre,training_selected,20,filterbank_csp_shrinkage_lda,3.5,2.5,3.5,72,-1,1,0
P2,pre,training_selected,20,filterbank_csp_shrinkage_lda,3.5,2.5,3.5,73,-1,1,0
P2,pre,training_selected,20,filterbank_csp_shrinkage_lda,3.5,2.5,3.5,74,-1,1,0
P2,pre,training_selected,20,filterbank_csp_shrinkage_lda,3.5,2.5,3.5,75,-1,1,0
P2,pre,training_selected,20,filterbank_csp_shrinkage_lda,3.5,2.5,3.5,76,1,-1,0
P2,pre,training_selected,20,filterbank_csp_shrinkage_lda,3.5,2.5,3.5,77,-1,1,0
P2,pre,training_selected,20,filterbank_csp_shrinkage_lda,3.5,2.5,3.5,78,-1,1,0
P2,pre,training_selected,20,filterbank_csp_shrinkage_lda,3.5,2.5,3.5,79,1,1,1
P2,pre,training_selected,20,filterbank_csp_shrinkage_lda,3.5,2.5,3.5,80,1,-1,0
P2,pre,calibration_majority,20,filterbank_csp_shrinkage_lda,3.5,2.5,3.5,61,-1,1,0
P2,pre,calibration_majority,20,filterbank_csp_shrinkage_lda,3.5,2.5,3.5,62,-1,1,0
P2,pre,calibration_majority,20,filterbank_csp_shrinkage_lda,3.5,2.5,3.5,63,1,1,1
P2,pre,calibration_majority,20,filterbank_csp_shrinkage_lda,3.5,2.5,3.5,64,-1,1,0
P2,pre,calibration_majority,20,filterbank_csp_shrinkage_lda,3.5,2.5,3.5,65,1,1,1
P2,pre,calibration_majority,20,filterbank_csp_shrinkage_lda,3.5,2.5,3.5,66,-1,1,0
P2,pre,calibration_majority,20,filterbank_csp_shrinkage_lda,3.5,2.5,3.5,67,1,1,1
P2,pre,calibration_majority,20,filterbank_csp_shrinkage_lda,3.5,2.5,3.5,68,1,1,1
P2,pre,calibration_majority,20,filterbank_csp_shrinkage_lda,3.5,2.5,3.5,69,1,1,1
P2,pre,calibration_majority,20,filterbank_csp_shrinkage_lda,3.5,2.5,3.5,70,-1,1,0
P2,pre,calibration_majority,20,filterbank_csp_shrinkage_lda,3.5,2.5,3.5,71,1,1,1
P2,pre,calibration_majority,20,filterbank_csp_shrinkage_lda,3.5,2.5,3.5,72,-1,1,0
P2,pre,calibration_majority,20,filterbank_csp_shrinkage_lda,3.5,2.5,3.5,73,-1,1,0
P2,pre,calibration_majority,20,filterbank_csp_shrinkage_lda,3.5,2.5,3.5,74,-1,1,0
P2,pre,calibration_majority,20,filterbank_csp_shrinkage_lda,3.5,2.5,3.5,75,-1,1,0
P2,pre,calibration_majority,20,filterbank_csp_shrinkage_lda,3.5,2.5,3.5,76,1,1,1
P2,pre,calibration_majority,20,filterbank_csp_shrinkage_lda,3.5,2.5,3.5,77,-1,1,0
P2,pre,calibration_majority,20,filterbank_csp_shrinkage_lda,3.5,2.5,3.5,78,-1,1,0
P2,pre,calibration_majority,20,filterbank_csp_shrinkage_lda,3.5,2.5,3.5,79,1,1,1
P2,pre,calibration_majority,20,filterbank_csp_shrinkage_lda,3.5,2.5,3.5,80,1,1,1
P2,pre,filterbank_csp_shrinkage_lda,40,filterbank_riemann_recentered,3.5,2.5,3.5,61,-1,-1,1
P2,pre,filterbank_csp_shrinkage_lda,40,filterbank_riemann_recentered,3.5,2.5,3.5,62,-1,1,0
P2,pre,filterbank_csp_shrinkage_lda,40,filterbank_riemann_recentered,3.5,2.5,3.5,63,1,-1,0
P2,pre,filterbank_csp_shrinkage_lda,40,filterbank_riemann_recentered,3.5,2.5,3.5,64,-1,1,0
P2,pre,filterbank_csp_shrinkage_lda,40,filterbank_riemann_recentered,3.5,2.5,3.5,65,1,1,1
P2,pre,filterbank_csp_shrinkage_lda,40,filterbank_riemann_recentered,3.5,2.5,3.5,66,-1,1,0
P2,pre,filterbank_csp_shrinkage_lda,40,filterbank_riemann_recentered,3.5,2.5,3.5,67,1,1,1
P2,pre,filterbank_csp_shrinkage_lda,40,filterbank_riemann_recentered,3.5,2.5,3.5,68,1,1,1
P2,pre,filterbank_csp_shrinkage_lda,40,filterbank_riemann_recentered,3.5,2.5,3.5,69,1,-1,0
P2,pre,filterbank_csp_shrinkage_lda,40,filterbank_riemann_recentered,3.5,2.5,3.5,70,-1,-1,1
P2,pre,filterbank_csp_shrinkage_lda,40,filterbank_riemann_recentered,3.5,2.5,3.5,71,1,1,1
P2,pre,filterbank_csp_shrinkage_lda,40,filterbank_riemann_recentered,3.5,2.5,3.5,72,-1,-1,1
P2,pre,filterbank_csp_shrinkage_lda,40,filterbank_riemann_recentered,3.5,2.5,3.5,73,-1,1,0
P2,pre,filterbank_csp_shrinkage_lda,40,filterbank_riemann_recentered,3.5,2.5,3.5,74,-1,1,0
P2,pre,filterbank_csp_shrinkage_lda,40,filterbank_riemann_recentered,3.5,2.5,3.5,75,-1,-1,1
P2,pre,filterbank_csp_shrinkage_lda,40,filterbank_riemann_recentered,3.5,2.5,3.5,76,1,-1,0
P2,pre,filterbank_csp_shrinkage_lda,40,filterbank_riemann_recentered,3.5,2.5,3.5,77,-1,1,0
P2,pre,filterbank_csp_shrinkage_lda,40,filterbank_riemann_recentered,3.5,2.5,3.5,78,-1,1,0
P2,pre,filterbank_csp_shrinkage_lda,40,filterbank_riemann_recentered,3.5,2.5,3.5,79,1,-1,0
P2,pre,filterbank_csp_shrinkage_lda,40,filterbank_riemann_recentered,3.5,2.5,3.5,80,1,-1,0
P2,pre,filterbank_riemann_recentered,40,filterbank_riemann_recentered,3.5,2.5,3.5,61,-1,-1,1
P2,pre,filterbank_riemann_recentered,40,filterbank_riemann_recentered,3.5,2.5,3.5,62,-1,1,0
P2,pre,filterbank_riemann_recentered,40,filterbank_riemann_recentered,3.5,2.5,3.5,63,1,1,1
P2,pre,filterbank_riemann_recentered,40,filterbank_riemann_recentered,3.5,2.5,3.5,64,-1,-1,1
P2,pre,filterbank_riemann_recentered,40,filterbank_riemann_recentered,3.5,2.5,3.5,65,1,1,1
P2,pre,filterbank_riemann_recentered,40,filterbank_riemann_recentered,3.5,2.5,3.5,66,-1,1,0
P2,pre,filterbank_riemann_recentered,40,filterbank_riemann_recentered,3.5,2.5,3.5,67,1,-1,0
P2,pre,filterbank_riemann_recentered,40,filterbank_riemann_recentered,3.5,2.5,3.5,68,1,1,1
P2,pre,filterbank_riemann_recentered,40,filterbank_riemann_recentered,3.5,2.5,3.5,69,1,-1,0
P2,pre,filterbank_riemann_recentered,40,filterbank_riemann_recentered,3.5,2.5,3.5,70,-1,-1,1
P2,pre,filterbank_riemann_recentered,40,filterbank_riemann_recentered,3.5,2.5,3.5,71,1,-1,0
P2,pre,filterbank_riemann_recentered,40,filterbank_riemann_recentered,3.5,2.5,3.5,72,-1,1,0
P2,pre,filterbank_riemann_recentered,40,filterbank_riemann_recentered,3.5,2.5,3.5,73,-1,1,0
P2,pre,filterbank_riemann_recentered,40,filterbank_riemann_recentered,3.5,2.5,3.5,74,-1,-1,1
P2,pre,filterbank_riemann_recentered,40,filterbank_riemann_recentered,3.5,2.5,3.5,75,-1,-1,1
P2,pre,filterbank_riemann_recentered,40,filterbank_riemann_recentered,3.5,2.5,3.5,76,1,1,1
P2,pre,filterbank_riemann_recentered,40,filterbank_riemann_recentered,3.5,2.5,3.5,77,-1,1,0
P2,pre,filterbank_riemann_recentered,40,filterbank_riemann_recentered,3.5,2.5,3.5,78,-1,-1,1
P2,pre,filterbank_riemann_recentered,40,filterbank_riemann_recentered,3.5,2.5,3.5,79,1,-1,0
P2,pre,filterbank_riemann_recentered,40,filterbank_riemann_recentered,3.5,2.5,3.5,80,1,-1,0
P2,pre,training_selected,40,filterbank_riemann_recentered,3.5,2.5,3.5,61,-1,-1,1
P2,pre,training_selected,40,filterbank_riemann_recentered,3.5,2.5,3.5,62,-1,1,0
P2,pre,training_selected,40,filterbank_riemann_recentered,3.5,2.5,3.5,63,1,1,1
P2,pre,training_selected,40,filterbank_riemann_recentered,3.5,2.5,3.5,64,-1,-1,1
P2,pre,training_selected,40,filterbank_riemann_recentered,3.5,2.5,3.5,65,1,1,1
P2,pre,training_selected,40,filterbank_riemann_recentered,3.5,2.5,3.5,66,-1,1,0
P2,pre,training_selected,40,filterbank_riemann_recentered,3.5,2.5,3.5,67,1,-1,0
P2,pre,training_selected,40,filterbank_riemann_recentered,3.5,2.5,3.5,68,1,1,1
P2,pre,training_selected,40,filterbank_riemann_recentered,3.5,2.5,3.5,69,1,-1,0
P2,pre,training_selected,40,filterbank_riemann_recentered,3.5,2.5,3.5,70,-1,-1,1
P2,pre,training_selected,40,filterbank_riemann_recentered,3.5,2.5,3.5,71,1,-1,0
P2,pre,training_selected,40,filterbank_riemann_recentered,3.5,2.5,3.5,72,-1,1,0
P2,pre,training_selected,40,filterbank_riemann_recentered,3.5,2.5,3.5,73,-1,1,0
P2,pre,training_selected,40,filterbank_riemann_recentered,3.5,2.5,3.5,74,-1,-1,1
P2,pre,training_selected,40,filterbank_riemann_recentered,3.5,2.5,3.5,75,-1,-1,1
P2,pre,training_selected,40,filterbank_riemann_recentered,3.5,2.5,3.5,76,1,1,1
P2,pre,training_selected,40,filterbank_riemann_recentered,3.5,2.5,3.5,77,-1,1,0
P2,pre,training_selected,40,filterbank_riemann_recentered,3.5,2.5,3.5,78,-1,-1,1
P2,pre,training_selected,40,filterbank_riemann_recentered,3.5,2.5,3.5,79,1,-1,0
P2,pre,training_selected,40,filterbank_riemann_recentered,3.5,2.5,3.5,80,1,-1,0
P2,pre,calibration_majority,40,filterbank_riemann_recentered,3.5,2.5,3.5,61,-1,-1,1
P2,pre,calibration_majority,40,filterbank_riemann_recentered,3.5,2.5,3.5,62,-1,-1,1
P2,pre,calibration_majority,40,filterbank_riemann_recentered,3.5,2.5,3.5,63,1,-1,0
P2,pre,calibration_majority,40,filterbank_riemann_recentered,3.5,2.5,3.5,64,-1,-1,1
P2,pre,calibration_majority,40,filterbank_riemann_recentered,3.5,2.5,3.5,65,1,-1,0
P2,pre,calibration_majority,40,filterbank_riemann_recentered,3.5,2.5,3.5,66,-1,-1,1
P2,pre,calibration_majority,40,filterbank_riemann_recentered,3.5,2.5,3.5,67,1,-1,0
P2,pre,calibration_majority,40,filterbank_riemann_recentered,3.5,2.5,3.5,68,1,-1,0
P2,pre,calibration_majority,40,filterbank_riemann_recentered,3.5,2.5,3.5,69,1,-1,0
P2,pre,calibration_majority,40,filterbank_riemann_recentered,3.5,2.5,3.5,70,-1,-1,1
P2,pre,calibration_majority,40,filterbank_riemann_recentered,3.5,2.5,3.5,71,1,-1,0
P2,pre,calibration_majority,40,filterbank_riemann_recentered,3.5,2.5,3.5,72,-1,-1,1
P2,pre,calibration_majority,40,filterbank_riemann_recentered,3.5,2.5,3.5,73,-1,-1,1
P2,pre,calibration_majority,40,filterbank_riemann_recentered,3.5,2.5,3.5,74,-1,-1,1
P2,pre,calibration_majority,40,filterbank_riemann_recentered,3.5,2.5,3.5,75,-1,-1,1
P2,pre,calibration_majority,40,filterbank_riemann_recentered,3.5,2.5,3.5,76,1,-1,0
P2,pre,calibration_majority,40,filterbank_riemann_recentered,3.5,2.5,3.5,77,-1,-1,1
P2,pre,calibration_majority,40,filterbank_riemann_recentered,3.5,2.5,3.5,78,-1,-1,1
P2,pre,calibration_majority,40,filterbank_riemann_recentered,3.5,2.5,3.5,79,1,-1,0
P2,pre,calibration_majority,40,filterbank_riemann_recentered,3.5,2.5,3.5,80,1,-1,0
P2,pre,filterbank_csp_shrinkage_lda,60,filterbank_riemann_recentered,3.5,2.5,3.5,61,-1,-1,1
P2,pre,filterbank_csp_shrinkage_lda,60,filterbank_riemann_recentered,3.5,2.5,3.5,62,-1,-1,1
P2,pre,filterbank_csp_shrinkage_lda,60,filterbank_riemann_recentered,3.5,2.5,3.5,63,1,-1,0
P2,pre,filterbank_csp_shrinkage_lda,60,filterbank_riemann_recentered,3.5,2.5,3.5,64,-1,-1,1
P2,pre,filterbank_csp_shrinkage_lda,60,filterbank_riemann_recentered,3.5,2.5,3.5,65,1,1,1
P2,pre,filterbank_csp_shrinkage_lda,60,filterbank_riemann_recentered,3.5,2.5,3.5,66,-1,-1,1
P2,pre,filterbank_csp_shrinkage_lda,60,filterbank_riemann_recentered,3.5,2.5,3.5,67,1,1,1
P2,pre,filterbank_csp_shrinkage_lda,60,filterbank_riemann_recentered,3.5,2.5,3.5,68,1,1,1
P2,pre,filterbank_csp_shrinkage_lda,60,filterbank_riemann_recentered,3.5,2.5,3.5,69,1,-1,0
P2,pre,filterbank_csp_shrinkage_lda,60,filterbank_riemann_recentered,3.5,2.5,3.5,70,-1,-1,1
P2,pre,filterbank_csp_shrinkage_lda,60,filterbank_riemann_recentered,3.5,2.5,3.5,71,1,1,1
P2,pre,filterbank_csp_shrinkage_lda,60,filterbank_riemann_recentered,3.5,2.5,3.5,72,-1,-1,1
P2,pre,filterbank_csp_shrinkage_lda,60,filterbank_riemann_recentered,3.5,2.5,3.5,73,-1,1,0
P2,pre,filterbank_csp_shrinkage_lda,60,filterbank_riemann_recentered,3.5,2.5,3.5,74,-1,1,0
P2,pre,filterbank_csp_shrinkage_lda,60,filterbank_riemann_recentered,3.5,2.5,3.5,75,-1,1,0
P2,pre,filterbank_csp_shrinkage_lda,60,filterbank_riemann_recentered,3.5,2.5,3.5,76,1,1,1
P2,pre,filterbank_csp_shrinkage_lda,60,filterbank_riemann_recentered,3.5,2.5,3.5,77,-1,-1,1
P2,pre,filterbank_csp_shrinkage_lda,60,filterbank_riemann_recentered,3.5,2.5,3.5,78,-1,1,0
P2,pre,filterbank_csp_shrinkage_lda,60,filterbank_riemann_recentered,3.5,2.5,3.5,79,1,1,1
P2,pre,filterbank_csp_shrinkage_lda,60,filterbank_riemann_recentered,3.5,2.5,3.5,80,1,-1,0
P2,pre,filterbank_riemann_recentered,60,filterbank_riemann_recentered,3.5,2.5,3.5,61,-1,-1,1
P2,pre,filterbank_riemann_recentered,60,filterbank_riemann_recentered,3.5,2.5,3.5,62,-1,1,0
P2,pre,filterbank_riemann_recentered,60,filterbank_riemann_recentered,3.5,2.5,3.5,63,1,1,1
P2,pre,filterbank_riemann_recentered,60,filterbank_riemann_recentered,3.5,2.5,3.5,64,-1,-1,1
P2,pre,filterbank_riemann_recentered,60,filterbank_riemann_recentered,3.5,2.5,3.5,65,1,1,1
P2,pre,filterbank_riemann_recentered,60,filterbank_riemann_recentered,3.5,2.5,3.5,66,-1,1,0
P2,pre,filterbank_riemann_recentered,60,filterbank_riemann_recentered,3.5,2.5,3.5,67,1,-1,0
P2,pre,filterbank_riemann_recentered,60,filterbank_riemann_recentered,3.5,2.5,3.5,68,1,1,1
P2,pre,filterbank_riemann_recentered,60,filterbank_riemann_recentered,3.5,2.5,3.5,69,1,-1,0
P2,pre,filterbank_riemann_recentered,60,filterbank_riemann_recentered,3.5,2.5,3.5,70,-1,1,0
P2,pre,filterbank_riemann_recentered,60,filterbank_riemann_recentered,3.5,2.5,3.5,71,1,-1,0
P2,pre,filterbank_riemann_recentered,60,filterbank_riemann_recentered,3.5,2.5,3.5,72,-1,1,0
P2,pre,filterbank_riemann_recentered,60,filterbank_riemann_recentered,3.5,2.5,3.5,73,-1,1,0
P2,pre,filterbank_riemann_recentered,60,filterbank_riemann_recentered,3.5,2.5,3.5,74,-1,1,0
P2,pre,filterbank_riemann_recentered,60,filterbank_riemann_recentered,3.5,2.5,3.5,75,-1,-1,1
P2,pre,filterbank_riemann_recentered,60,filterbank_riemann_recentered,3.5,2.5,3.5,76,1,1,1
P2,pre,filterbank_riemann_recentered,60,filterbank_riemann_recentered,3.5,2.5,3.5,77,-1,1,0
P2,pre,filterbank_riemann_recentered,60,filterbank_riemann_recentered,3.5,2.5,3.5,78,-1,-1,1
P2,pre,filterbank_riemann_recentered,60,filterbank_riemann_recentered,3.5,2.5,3.5,79,1,-1,0
P2,pre,filterbank_riemann_recentered,60,filterbank_riemann_recentered,3.5,2.5,3.5,80,1,-1,0
P2,pre,training_selected,60,filterbank_riemann_recentered,3.5,2.5,3.5,61,-1,-1,1
P2,pre,training_selected,60,filterbank_riemann_recentered,3.5,2.5,3.5,62,-1,1,0
P2,pre,training_selected,60,filterbank_riemann_recentered,3.5,2.5,3.5,63,1,1,1
P2,pre,training_selected,60,filterbank_riemann_recentered,3.5,2.5,3.5,64,-1,-1,1
P2,pre,training_selected,60,filterbank_riemann_recentered,3.5,2.5,3.5,65,1,1,1
P2,pre,training_selected,60,filterbank_riemann_recentered,3.5,2.5,3.5,66,-1,1,0
P2,pre,training_selected,60,filterbank_riemann_recentered,3.5,2.5,3.5,67,1,-1,0
P2,pre,training_selected,60,filterbank_riemann_recentered,3.5,2.5,3.5,68,1,1,1
P2,pre,training_selected,60,filterbank_riemann_recentered,3.5,2.5,3.5,69,1,-1,0
P2,pre,training_selected,60,filterbank_riemann_recentered,3.5,2.5,3.5,70,-1,1,0
P2,pre,training_selected,60,filterbank_riemann_recentered,3.5,2.5,3.5,71,1,-1,0
P2,pre,training_selected,60,filterbank_riemann_recentered,3.5,2.5,3.5,72,-1,1,0
P2,pre,training_selected,60,filterbank_riemann_recentered,3.5,2.5,3.5,73,-1,1,0
P2,pre,training_selected,60,filterbank_riemann_recentered,3.5,2.5,3.5,74,-1,1,0
P2,pre,training_selected,60,filterbank_riemann_recentered,3.5,2.5,3.5,75,-1,-1,1
P2,pre,training_selected,60,filterbank_riemann_recentered,3.5,2.5,3.5,76,1,1,1
P2,pre,training_selected,60,filterbank_riemann_recentered,3.5,2.5,3.5,77,-1,1,0
P2,pre,training_selected,60,filterbank_riemann_recentered,3.5,2.5,3.5,78,-1,-1,1
P2,pre,training_selected,60,filterbank_riemann_recentered,3.5,2.5,3.5,79,1,-1,0
P2,pre,training_selected,60,filterbank_riemann_recentered,3.5,2.5,3.5,80,1,-1,0
P2,pre,calibration_majority,60,filterbank_riemann_recentered,3.5,2.5,3.5,61,-1,1,0
P2,pre,calibration_majority,60,filterbank_riemann_recentered,3.5,2.5,3.5,62,-1,1,0
P2,pre,calibration_majority,60,filterbank_riemann_recentered,3.5,2.5,3.5,63,1,1,1
P2,pre,calibration_majority,60,filterbank_riemann_recentered,3.5,2.5,3.5,64,-1,1,0
P2,pre,calibration_majority,60,filterbank_riemann_recentered,3.5,2.5,3.5,65,1,1,1
P2,pre,calibration_majority,60,filterbank_riemann_recentered,3.5,2.5,3.5,66,-1,1,0
P2,pre,calibration_majority,60,filterbank_riemann_recentered,3.5,2.5,3.5,67,1,1,1
P2,pre,calibration_majority,60,filterbank_riemann_recentered,3.5,2.5,3.5,68,1,1,1
P2,pre,calibration_majority,60,filterbank_riemann_recentered,3.5,2.5,3.5,69,1,1,1
P2,pre,calibration_majority,60,filterbank_riemann_recentered,3.5,2.5,3.5,70,-1,1,0
P2,pre,calibration_majority,60,filterbank_riemann_recentered,3.5,2.5,3.5,71,1,1,1
P2,pre,calibration_majority,60,filterbank_riemann_recentered,3.5,2.5,3.5,72,-1,1,0
P2,pre,calibration_majority,60,filterbank_riemann_recentered,3.5,2.5,3.5,73,-1,1,0
P2,pre,calibration_majority,60,filterbank_riemann_recentered,3.5,2.5,3.5,74,-1,1,0
P2,pre,calibration_majority,60,filterbank_riemann_recentered,3.5,2.5,3.5,75,-1,1,0
P2,pre,calibration_majority,60,filterbank_riemann_recentered,3.5,2.5,3.5,76,1,1,1
P2,pre,calibration_majority,60,filterbank_riemann_recentered,3.5,2.5,3.5,77,-1,1,0
P2,pre,calibration_majority,60,filterbank_riemann_recentered,3.5,2.5,3.5,78,-1,1,0
P2,pre,calibration_majority,60,filterbank_riemann_recentered,3.5,2.5,3.5,79,1,1,1
P2,pre,calibration_majority,60,filterbank_riemann_recentered,3.5,2.5,3.5,80,1,1,1
P2,post,filterbank_csp_shrinkage_lda,10,filterbank_csp_shrinkage_lda,3.5,2.5,3.5,61,-1,-1,1
P2,post,filterbank_csp_shrinkage_lda,10,filterbank_csp_shrinkage_lda,3.5,2.5,3.5,62,1,-1,0
P2,post,filterbank_csp_shrinkage_lda,10,filterbank_csp_shrinkage_lda,3.5,2.5,3.5,63,1,-1,0
P2,post,filterbank_csp_shrinkage_lda,10,filterbank_csp_shrinkage_lda,3.5,2.5,3.5,64,-1,-1,1
P2,post,filterbank_csp_shrinkage_lda,10,filterbank_csp_shrinkage_lda,3.5,2.5,3.5,65,1,1,1
P2,post,filterbank_csp_shrinkage_lda,10,filterbank_csp_shrinkage_lda,3.5,2.5,3.5,66,-1,-1,1
P2,post,filterbank_csp_shrinkage_lda,10,filterbank_csp_shrinkage_lda,3.5,2.5,3.5,67,-1,-1,1
P2,post,filterbank_csp_shrinkage_lda,10,filterbank_csp_shrinkage_lda,3.5,2.5,3.5,68,-1,-1,1
P2,post,filterbank_csp_shrinkage_lda,10,filterbank_csp_shrinkage_lda,3.5,2.5,3.5,69,1,-1,0
P2,post,filterbank_csp_shrinkage_lda,10,filterbank_csp_shrinkage_lda,3.5,2.5,3.5,70,1,-1,0
P2,post,filterbank_csp_shrinkage_lda,10,filterbank_csp_shrinkage_lda,3.5,2.5,3.5,71,1,-1,0
P2,post,filterbank_csp_shrinkage_lda,10,filterbank_csp_shrinkage_lda,3.5,2.5,3.5,72,-1,-1,1
P2,post,filterbank_csp_shrinkage_lda,10,filterbank_csp_shrinkage_lda,3.5,2.5,3.5,73,1,-1,0
P2,post,filterbank_csp_shrinkage_lda,10,filterbank_csp_shrinkage_lda,3.5,2.5,3.5,74,1,-1,0
P2,post,filterbank_csp_shrinkage_lda,10,filterbank_csp_shrinkage_lda,3.5,2.5,3.5,75,1,-1,0
P2,post,filterbank_csp_shrinkage_lda,10,filterbank_csp_shrinkage_lda,3.5,2.5,3.5,76,1,-1,0
P2,post,filterbank_csp_shrinkage_lda,10,filterbank_csp_shrinkage_lda,3.5,2.5,3.5,77,1,-1,0
P2,post,filterbank_csp_shrinkage_lda,10,filterbank_csp_shrinkage_lda,3.5,2.5,3.5,78,-1,-1,1
P2,post,filterbank_csp_shrinkage_lda,10,filterbank_csp_shrinkage_lda,3.5,2.5,3.5,79,1,-1,0
P2,post,filterbank_csp_shrinkage_lda,10,filterbank_csp_shrinkage_lda,3.5,2.5,3.5,80,-1,-1,1
P2,post,filterbank_riemann_recentered,10,filterbank_csp_shrinkage_lda,3.5,2.5,3.5,61,-1,-1,1
P2,post,filterbank_riemann_recentered,10,filterbank_csp_shrinkage_lda,3.5,2.5,3.5,62,1,-1,0
P2,post,filterbank_riemann_recentered,10,filterbank_csp_shrinkage_lda,3.5,2.5,3.5,63,1,-1,0
P2,post,filterbank_riemann_recentered,10,filterbank_csp_shrinkage_lda,3.5,2.5,3.5,64,-1,-1,1
P2,post,filterbank_riemann_recentered,10,filterbank_csp_shrinkage_lda,3.5,2.5,3.5,65,1,-1,0
P2,post,filterbank_riemann_recentered,10,filterbank_csp_shrinkage_lda,3.5,2.5,3.5,66,-1,-1,1
P2,post,filterbank_riemann_recentered,10,filterbank_csp_shrinkage_lda,3.5,2.5,3.5,67,-1,-1,1
P2,post,filterbank_riemann_recentered,10,filterbank_csp_shrinkage_lda,3.5,2.5,3.5,68,-1,-1,1
P2,post,filterbank_riemann_recentered,10,filterbank_csp_shrinkage_lda,3.5,2.5,3.5,69,1,-1,0
P2,post,filterbank_riemann_recentered,10,filterbank_csp_shrinkage_lda,3.5,2.5,3.5,70,1,-1,0
P2,post,filterbank_riemann_recentered,10,filterbank_csp_shrinkage_lda,3.5,2.5,3.5,71,1,-1,0
P2,post,filterbank_riemann_recentered,10,filterbank_csp_shrinkage_lda,3.5,2.5,3.5,72,-1,-1,1
P2,post,filterbank_riemann_recentered,10,filterbank_csp_shrinkage_lda,3.5,2.5,3.5,73,1,-1,0
P2,post,filterbank_riemann_recentered,10,filterbank_csp_shrinkage_lda,3.5,2.5,3.5,74,1,-1,0
P2,post,filterbank_riemann_recentered,10,filterbank_csp_shrinkage_lda,3.5,2.5,3.5,75,1,-1,0
P2,post,filterbank_riemann_recentered,10,filterbank_csp_shrinkage_lda,3.5,2.5,3.5,76,1,-1,0
P2,post,filterbank_riemann_recentered,10,filterbank_csp_shrinkage_lda,3.5,2.5,3.5,77,1,-1,0
P2,post,filterbank_riemann_recentered,10,filterbank_csp_shrinkage_lda,3.5,2.5,3.5,78,-1,-1,1
P2,post,filterbank_riemann_recentered,10,filterbank_csp_shrinkage_lda,3.5,2.5,3.5,79,1,-1,0
P2,post,filterbank_riemann_recentered,10,filterbank_csp_shrinkage_lda,3.5,2.5,3.5,80,-1,-1,1
P2,post,training_selected,10,filterbank_csp_shrinkage_lda,3.5,2.5,3.5,61,-1,-1,1
P2,post,training_selected,10,filterbank_csp_shrinkage_lda,3.5,2.5,3.5,62,1,-1,0
P2,post,training_selected,10,filterbank_csp_shrinkage_lda,3.5,2.5,3.5,63,1,-1,0
P2,post,training_selected,10,filterbank_csp_shrinkage_lda,3.5,2.5,3.5,64,-1,-1,1
P2,post,training_selected,10,filterbank_csp_shrinkage_lda,3.5,2.5,3.5,65,1,1,1
P2,post,training_selected,10,filterbank_csp_shrinkage_lda,3.5,2.5,3.5,66,-1,-1,1
P2,post,training_selected,10,filterbank_csp_shrinkage_lda,3.5,2.5,3.5,67,-1,-1,1
P2,post,training_selected,10,filterbank_csp_shrinkage_lda,3.5,2.5,3.5,68,-1,-1,1
P2,post,training_selected,10,filterbank_csp_shrinkage_lda,3.5,2.5,3.5,69,1,-1,0
P2,post,training_selected,10,filterbank_csp_shrinkage_lda,3.5,2.5,3.5,70,1,-1,0
P2,post,training_selected,10,filterbank_csp_shrinkage_lda,3.5,2.5,3.5,71,1,-1,0
P2,post,training_selected,10,filterbank_csp_shrinkage_lda,3.5,2.5,3.5,72,-1,-1,1
P2,post,training_selected,10,filterbank_csp_shrinkage_lda,3.5,2.5,3.5,73,1,-1,0
P2,post,training_selected,10,filterbank_csp_shrinkage_lda,3.5,2.5,3.5,74,1,-1,0
P2,post,training_selected,10,filterbank_csp_shrinkage_lda,3.5,2.5,3.5,75,1,-1,0
P2,post,training_selected,10,filterbank_csp_shrinkage_lda,3.5,2.5,3.5,76,1,-1,0
P2,post,training_selected,10,filterbank_csp_shrinkage_lda,3.5,2.5,3.5,77,1,-1,0
P2,post,training_selected,10,filterbank_csp_shrinkage_lda,3.5,2.5,3.5,78,-1,-1,1
P2,post,training_selected,10,filterbank_csp_shrinkage_lda,3.5,2.5,3.5,79,1,-1,0
P2,post,training_selected,10,filterbank_csp_shrinkage_lda,3.5,2.5,3.5,80,-1,-1,1
P2,post,calibration_majority,10,filterbank_csp_shrinkage_lda,3.5,2.5,3.5,61,-1,-1,1
P2,post,calibration_majority,10,filterbank_csp_shrinkage_lda,3.5,2.5,3.5,62,1,-1,0
P2,post,calibration_majority,10,filterbank_csp_shrinkage_lda,3.5,2.5,3.5,63,1,-1,0
P2,post,calibration_majority,10,filterbank_csp_shrinkage_lda,3.5,2.5,3.5,64,-1,-1,1
P2,post,calibration_majority,10,filterbank_csp_shrinkage_lda,3.5,2.5,3.5,65,1,-1,0
P2,post,calibration_majority,10,filterbank_csp_shrinkage_lda,3.5,2.5,3.5,66,-1,-1,1
P2,post,calibration_majority,10,filterbank_csp_shrinkage_lda,3.5,2.5,3.5,67,-1,-1,1
P2,post,calibration_majority,10,filterbank_csp_shrinkage_lda,3.5,2.5,3.5,68,-1,-1,1
P2,post,calibration_majority,10,filterbank_csp_shrinkage_lda,3.5,2.5,3.5,69,1,-1,0
P2,post,calibration_majority,10,filterbank_csp_shrinkage_lda,3.5,2.5,3.5,70,1,-1,0
P2,post,calibration_majority,10,filterbank_csp_shrinkage_lda,3.5,2.5,3.5,71,1,-1,0
P2,post,calibration_majority,10,filterbank_csp_shrinkage_lda,3.5,2.5,3.5,72,-1,-1,1
P2,post,calibration_majority,10,filterbank_csp_shrinkage_lda,3.5,2.5,3.5,73,1,-1,0
P2,post,calibration_majority,10,filterbank_csp_shrinkage_lda,3.5,2.5,3.5,74,1,-1,0
P2,post,calibration_majority,10,filterbank_csp_shrinkage_lda,3.5,2.5,3.5,75,1,-1,0
P2,post,calibration_majority,10,filterbank_csp_shrinkage_lda,3.5,2.5,3.5,76,1,-1,0
P2,post,calibration_majority,10,filterbank_csp_shrinkage_lda,3.5,2.5,3.5,77,1,-1,0
P2,post,calibration_majority,10,filterbank_csp_shrinkage_lda,3.5,2.5,3.5,78,-1,-1,1
P2,post,calibration_majority,10,filterbank_csp_shrinkage_lda,3.5,2.5,3.5,79,1,-1,0
P2,post,calibration_majority,10,filterbank_csp_shrinkage_lda,3.5,2.5,3.5,80,-1,-1,1
P2,post,filterbank_csp_shrinkage_lda,20,filterbank_csp_shrinkage_lda,3.5,2.5,3.5,61,-1,1,0
P2,post,filterbank_csp_shrinkage_lda,20,filterbank_csp_shrinkage_lda,3.5,2.5,3.5,62,1,1,1
P2,post,filterbank_csp_shrinkage_lda,20,filterbank_csp_shrinkage_lda,3.5,2.5,3.5,63,1,-1,0
P2,post,filterbank_csp_shrinkage_lda,20,filterbank_csp_shrinkage_lda,3.5,2.5,3.5,64,-1,-1,1
P2,post,filterbank_csp_shrinkage_lda,20,filterbank_csp_shrinkage_lda,3.5,2.5,3.5,65,1,1,1
P2,post,filterbank_csp_shrinkage_lda,20,filterbank_csp_shrinkage_lda,3.5,2.5,3.5,66,-1,1,0
P2,post,filterbank_csp_shrinkage_lda,20,filterbank_csp_shrinkage_lda,3.5,2.5,3.5,67,-1,1,0
P2,post,filterbank_csp_shrinkage_lda,20,filterbank_csp_shrinkage_lda,3.5,2.5,3.5,68,-1,1,0
P2,post,filterbank_csp_shrinkage_lda,20,filterbank_csp_shrinkage_lda,3.5,2.5,3.5,69,1,1,1
P2,post,filterbank_csp_shrinkage_lda,20,filterbank_csp_shrinkage_lda,3.5,2.5,3.5,70,1,-1,0
P2,post,filterbank_csp_shrinkage_lda,20,filterbank_csp_shrinkage_lda,3.5,2.5,3.5,71,1,-1,0
P2,post,filterbank_csp_shrinkage_lda,20,filterbank_csp_shrinkage_lda,3.5,2.5,3.5,72,-1,-1,1
P2,post,filterbank_csp_shrinkage_lda,20,filterbank_csp_shrinkage_lda,3.5,2.5,3.5,73,1,1,1
P2,post,filterbank_csp_shrinkage_lda,20,filterbank_csp_shrinkage_lda,3.5,2.5,3.5,74,1,-1,0
P2,post,filterbank_csp_shrinkage_lda,20,filterbank_csp_shrinkage_lda,3.5,2.5,3.5,75,1,1,1
P2,post,filterbank_csp_shrinkage_lda,20,filterbank_csp_shrinkage_lda,3.5,2.5,3.5,76,1,1,1
P2,post,filterbank_csp_shrinkage_lda,20,filterbank_csp_shrinkage_lda,3.5,2.5,3.5,77,1,1,1
P2,post,filterbank_csp_shrinkage_lda,20,filterbank_csp_shrinkage_lda,3.5,2.5,3.5,78,-1,1,0
P2,post,filterbank_csp_shrinkage_lda,20,filterbank_csp_shrinkage_lda,3.5,2.5,3.5,79,1,-1,0
P2,post,filterbank_csp_shrinkage_lda,20,filterbank_csp_shrinkage_lda,3.5,2.5,3.5,80,-1,1,0
P2,post,filterbank_riemann_recentered,20,filterbank_csp_shrinkage_lda,3.5,2.5,3.5,61,-1,1,0
P2,post,filterbank_riemann_recentered,20,filterbank_csp_shrinkage_lda,3.5,2.5,3.5,62,1,1,1
P2,post,filterbank_riemann_recentered,20,filterbank_csp_shrinkage_lda,3.5,2.5,3.5,63,1,1,1
P2,post,filterbank_riemann_recentered,20,filterbank_csp_shrinkage_lda,3.5,2.5,3.5,64,-1,-1,1
P2,post,filterbank_riemann_recentered,20,filterbank_csp_shrinkage_lda,3.5,2.5,3.5,65,1,1,1
P2,post,filterbank_riemann_recentered,20,filterbank_csp_shrinkage_lda,3.5,2.5,3.5,66,-1,1,0
P2,post,filterbank_riemann_recentered,20,filterbank_csp_shrinkage_lda,3.5,2.5,3.5,67,-1,1,0
P2,post,filterbank_riemann_recentered,20,filterbank_csp_shrinkage_lda,3.5,2.5,3.5,68,-1,1,0
P2,post,filterbank_riemann_recentered,20,filterbank_csp_shrinkage_lda,3.5,2.5,3.5,69,1,-1,0
P2,post,filterbank_riemann_recentered,20,filterbank_csp_shrinkage_lda,3.5,2.5,3.5,70,1,-1,0
P2,post,filterbank_riemann_recentered,20,filterbank_csp_shrinkage_lda,3.5,2.5,3.5,71,1,-1,0
P2,post,filterbank_riemann_recentered,20,filterbank_csp_shrinkage_lda,3.5,2.5,3.5,72,-1,1,0
P2,post,filterbank_riemann_recentered,20,filterbank_csp_shrinkage_lda,3.5,2.5,3.5,73,1,1,1
P2,post,filterbank_riemann_recentered,20,filterbank_csp_shrinkage_lda,3.5,2.5,3.5,74,1,-1,0
P2,post,filterbank_riemann_recentered,20,filterbank_csp_shrinkage_lda,3.5,2.5,3.5,75,1,1,1
P2,post,filterbank_riemann_recentered,20,filterbank_csp_shrinkage_lda,3.5,2.5,3.5,76,1,1,1
P2,post,filterbank_riemann_recentered,20,filterbank_csp_shrinkage_lda,3.5,2.5,3.5,77,1,1,1
P2,post,filterbank_riemann_recentered,20,filterbank_csp_shrinkage_lda,3.5,2.5,3.5,78,-1,-1,1
P2,post,filterbank_riemann_recentered,20,filterbank_csp_shrinkage_lda,3.5,2.5,3.5,79,1,1,1
P2,post,filterbank_riemann_recentered,20,filterbank_csp_shrinkage_lda,3.5,2.5,3.5,80,-1,1,0
P2,post,training_selected,20,filterbank_csp_shrinkage_lda,3.5,2.5,3.5,61,-1,1,0
P2,post,training_selected,20,filterbank_csp_shrinkage_lda,3.5,2.5,3.5,62,1,1,1
P2,post,training_selected,20,filterbank_csp_shrinkage_lda,3.5,2.5,3.5,63,1,-1,0
P2,post,training_selected,20,filterbank_csp_shrinkage_lda,3.5,2.5,3.5,64,-1,-1,1
P2,post,training_selected,20,filterbank_csp_shrinkage_lda,3.5,2.5,3.5,65,1,1,1
P2,post,training_selected,20,filterbank_csp_shrinkage_lda,3.5,2.5,3.5,66,-1,1,0
P2,post,training_selected,20,filterbank_csp_shrinkage_lda,3.5,2.5,3.5,67,-1,1,0
P2,post,training_selected,20,filterbank_csp_shrinkage_lda,3.5,2.5,3.5,68,-1,1,0
P2,post,training_selected,20,filterbank_csp_shrinkage_lda,3.5,2.5,3.5,69,1,1,1
P2,post,training_selected,20,filterbank_csp_shrinkage_lda,3.5,2.5,3.5,70,1,-1,0
P2,post,training_selected,20,filterbank_csp_shrinkage_lda,3.5,2.5,3.5,71,1,-1,0
P2,post,training_selected,20,filterbank_csp_shrinkage_lda,3.5,2.5,3.5,72,-1,-1,1
P2,post,training_selected,20,filterbank_csp_shrinkage_lda,3.5,2.5,3.5,73,1,1,1
P2,post,training_selected,20,filterbank_csp_shrinkage_lda,3.5,2.5,3.5,74,1,-1,0
P2,post,training_selected,20,filterbank_csp_shrinkage_lda,3.5,2.5,3.5,75,1,1,1
P2,post,training_selected,20,filterbank_csp_shrinkage_lda,3.5,2.5,3.5,76,1,1,1
P2,post,training_selected,20,filterbank_csp_shrinkage_lda,3.5,2.5,3.5,77,1,1,1
P2,post,training_selected,20,filterbank_csp_shrinkage_lda,3.5,2.5,3.5,78,-1,1,0
P2,post,training_selected,20,filterbank_csp_shrinkage_lda,3.5,2.5,3.5,79,1,-1,0
P2,post,training_selected,20,filterbank_csp_shrinkage_lda,3.5,2.5,3.5,80,-1,1,0
P2,post,calibration_majority,20,filterbank_csp_shrinkage_lda,3.5,2.5,3.5,61,-1,1,0
P2,post,calibration_majority,20,filterbank_csp_shrinkage_lda,3.5,2.5,3.5,62,1,1,1
P2,post,calibration_majority,20,filterbank_csp_shrinkage_lda,3.5,2.5,3.5,63,1,1,1
P2,post,calibration_majority,20,filterbank_csp_shrinkage_lda,3.5,2.5,3.5,64,-1,1,0
P2,post,calibration_majority,20,filterbank_csp_shrinkage_lda,3.5,2.5,3.5,65,1,1,1
P2,post,calibration_majority,20,filterbank_csp_shrinkage_lda,3.5,2.5,3.5,66,-1,1,0
P2,post,calibration_majority,20,filterbank_csp_shrinkage_lda,3.5,2.5,3.5,67,-1,1,0
P2,post,calibration_majority,20,filterbank_csp_shrinkage_lda,3.5,2.5,3.5,68,-1,1,0
P2,post,calibration_majority,20,filterbank_csp_shrinkage_lda,3.5,2.5,3.5,69,1,1,1
P2,post,calibration_majority,20,filterbank_csp_shrinkage_lda,3.5,2.5,3.5,70,1,1,1
P2,post,calibration_majority,20,filterbank_csp_shrinkage_lda,3.5,2.5,3.5,71,1,1,1
P2,post,calibration_majority,20,filterbank_csp_shrinkage_lda,3.5,2.5,3.5,72,-1,1,0
P2,post,calibration_majority,20,filterbank_csp_shrinkage_lda,3.5,2.5,3.5,73,1,1,1
P2,post,calibration_majority,20,filterbank_csp_shrinkage_lda,3.5,2.5,3.5,74,1,1,1
P2,post,calibration_majority,20,filterbank_csp_shrinkage_lda,3.5,2.5,3.5,75,1,1,1
P2,post,calibration_majority,20,filterbank_csp_shrinkage_lda,3.5,2.5,3.5,76,1,1,1
P2,post,calibration_majority,20,filterbank_csp_shrinkage_lda,3.5,2.5,3.5,77,1,1,1
P2,post,calibration_majority,20,filterbank_csp_shrinkage_lda,3.5,2.5,3.5,78,-1,1,0
P2,post,calibration_majority,20,filterbank_csp_shrinkage_lda,3.5,2.5,3.5,79,1,1,1
P2,post,calibration_majority,20,filterbank_csp_shrinkage_lda,3.5,2.5,3.5,80,-1,1,0
P2,post,filterbank_csp_shrinkage_lda,40,filterbank_riemann_recentered,3.5,2.5,3.5,61,-1,1,0
P2,post,filterbank_csp_shrinkage_lda,40,filterbank_riemann_recentered,3.5,2.5,3.5,62,1,-1,0
P2,post,filterbank_csp_shrinkage_lda,40,filterbank_riemann_recentered,3.5,2.5,3.5,63,1,-1,0
P2,post,filterbank_csp_shrinkage_lda,40,filterbank_riemann_recentered,3.5,2.5,3.5,64,-1,-1,1
P2,post,filterbank_csp_shrinkage_lda,40,filterbank_riemann_recentered,3.5,2.5,3.5,65,1,1,1
P2,post,filterbank_csp_shrinkage_lda,40,filterbank_riemann_recentered,3.5,2.5,3.5,66,-1,-1,1
P2,post,filterbank_csp_shrinkage_lda,40,filterbank_riemann_recentered,3.5,2.5,3.5,67,-1,-1,1
P2,post,filterbank_csp_shrinkage_lda,40,filterbank_riemann_recentered,3.5,2.5,3.5,68,-1,-1,1
P2,post,filterbank_csp_shrinkage_lda,40,filterbank_riemann_recentered,3.5,2.5,3.5,69,1,-1,0
P2,post,filterbank_csp_shrinkage_lda,40,filterbank_riemann_recentered,3.5,2.5,3.5,70,1,-1,0
P2,post,filterbank_csp_shrinkage_lda,40,filterbank_riemann_recentered,3.5,2.5,3.5,71,1,-1,0
P2,post,filterbank_csp_shrinkage_lda,40,filterbank_riemann_recentered,3.5,2.5,3.5,72,-1,-1,1
P2,post,filterbank_csp_shrinkage_lda,40,filterbank_riemann_recentered,3.5,2.5,3.5,73,1,1,1
P2,post,filterbank_csp_shrinkage_lda,40,filterbank_riemann_recentered,3.5,2.5,3.5,74,1,1,1
P2,post,filterbank_csp_shrinkage_lda,40,filterbank_riemann_recentered,3.5,2.5,3.5,75,1,1,1
P2,post,filterbank_csp_shrinkage_lda,40,filterbank_riemann_recentered,3.5,2.5,3.5,76,1,1,1
P2,post,filterbank_csp_shrinkage_lda,40,filterbank_riemann_recentered,3.5,2.5,3.5,77,1,1,1
P2,post,filterbank_csp_shrinkage_lda,40,filterbank_riemann_recentered,3.5,2.5,3.5,78,-1,-1,1
P2,post,filterbank_csp_shrinkage_lda,40,filterbank_riemann_recentered,3.5,2.5,3.5,79,1,1,1
P2,post,filterbank_csp_shrinkage_lda,40,filterbank_riemann_recentered,3.5,2.5,3.5,80,-1,-1,1
P2,post,filterbank_riemann_recentered,40,filterbank_riemann_recentered,3.5,2.5,3.5,61,-1,1,0
P2,post,filterbank_riemann_recentered,40,filterbank_riemann_recentered,3.5,2.5,3.5,62,1,1,1
P2,post,filterbank_riemann_recentered,40,filterbank_riemann_recentered,3.5,2.5,3.5,63,1,1,1
P2,post,filterbank_riemann_recentered,40,filterbank_riemann_recentered,3.5,2.5,3.5,64,-1,-1,1
P2,post,filterbank_riemann_recentered,40,filterbank_riemann_recentered,3.5,2.5,3.5,65,1,1,1
P2,post,filterbank_riemann_recentered,40,filterbank_riemann_recentered,3.5,2.5,3.5,66,-1,1,0
P2,post,filterbank_riemann_recentered,40,filterbank_riemann_recentered,3.5,2.5,3.5,67,-1,1,0
P2,post,filterbank_riemann_recentered,40,filterbank_riemann_recentered,3.5,2.5,3.5,68,-1,1,0
P2,post,filterbank_riemann_recentered,40,filterbank_riemann_recentered,3.5,2.5,3.5,69,1,-1,0
P2,post,filterbank_riemann_recentered,40,filterbank_riemann_recentered,3.5,2.5,3.5,70,1,-1,0
P2,post,filterbank_riemann_recentered,40,filterbank_riemann_recentered,3.5,2.5,3.5,71,1,-1,0
P2,post,filterbank_riemann_recentered,40,filterbank_riemann_recentered,3.5,2.5,3.5,72,-1,1,0
P2,post,filterbank_riemann_recentered,40,filterbank_riemann_recentered,3.5,2.5,3.5,73,1,-1,0
P2,post,filterbank_riemann_recentered,40,filterbank_riemann_recentered,3.5,2.5,3.5,74,1,-1,0
P2,post,filterbank_riemann_recentered,40,filterbank_riemann_recentered,3.5,2.5,3.5,75,1,1,1
P2,post,filterbank_riemann_recentered,40,filterbank_riemann_recentered,3.5,2.5,3.5,76,1,1,1
P2,post,filterbank_riemann_recentered,40,filterbank_riemann_recentered,3.5,2.5,3.5,77,1,1,1
P2,post,filterbank_riemann_recentered,40,filterbank_riemann_recentered,3.5,2.5,3.5,78,-1,-1,1
P2,post,filterbank_riemann_recentered,40,filterbank_riemann_recentered,3.5,2.5,3.5,79,1,1,1
P2,post,filterbank_riemann_recentered,40,filterbank_riemann_recentered,3.5,2.5,3.5,80,-1,-1,1
P2,post,training_selected,40,filterbank_riemann_recentered,3.5,2.5,3.5,61,-1,1,0
P2,post,training_selected,40,filterbank_riemann_recentered,3.5,2.5,3.5,62,1,1,1
P2,post,training_selected,40,filterbank_riemann_recentered,3.5,2.5,3.5,63,1,1,1
P2,post,training_selected,40,filterbank_riemann_recentered,3.5,2.5,3.5,64,-1,-1,1
P2,post,training_selected,40,filterbank_riemann_recentered,3.5,2.5,3.5,65,1,1,1
P2,post,training_selected,40,filterbank_riemann_recentered,3.5,2.5,3.5,66,-1,1,0
P2,post,training_selected,40,filterbank_riemann_recentered,3.5,2.5,3.5,67,-1,1,0
P2,post,training_selected,40,filterbank_riemann_recentered,3.5,2.5,3.5,68,-1,1,0
P2,post,training_selected,40,filterbank_riemann_recentered,3.5,2.5,3.5,69,1,-1,0
P2,post,training_selected,40,filterbank_riemann_recentered,3.5,2.5,3.5,70,1,-1,0
P2,post,training_selected,40,filterbank_riemann_recentered,3.5,2.5,3.5,71,1,-1,0
P2,post,training_selected,40,filterbank_riemann_recentered,3.5,2.5,3.5,72,-1,1,0
P2,post,training_selected,40,filterbank_riemann_recentered,3.5,2.5,3.5,73,1,-1,0
P2,post,training_selected,40,filterbank_riemann_recentered,3.5,2.5,3.5,74,1,-1,0
P2,post,training_selected,40,filterbank_riemann_recentered,3.5,2.5,3.5,75,1,1,1
P2,post,training_selected,40,filterbank_riemann_recentered,3.5,2.5,3.5,76,1,1,1
P2,post,training_selected,40,filterbank_riemann_recentered,3.5,2.5,3.5,77,1,1,1
P2,post,training_selected,40,filterbank_riemann_recentered,3.5,2.5,3.5,78,-1,-1,1
P2,post,training_selected,40,filterbank_riemann_recentered,3.5,2.5,3.5,79,1,1,1
P2,post,training_selected,40,filterbank_riemann_recentered,3.5,2.5,3.5,80,-1,-1,1
P2,post,calibration_majority,40,filterbank_riemann_recentered,3.5,2.5,3.5,61,-1,1,0
P2,post,calibration_majority,40,filterbank_riemann_recentered,3.5,2.5,3.5,62,1,1,1
P2,post,calibration_majority,40,filterbank_riemann_recentered,3.5,2.5,3.5,63,1,1,1
P2,post,calibration_majority,40,filterbank_riemann_recentered,3.5,2.5,3.5,64,-1,1,0
P2,post,calibration_majority,40,filterbank_riemann_recentered,3.5,2.5,3.5,65,1,1,1
P2,post,calibration_majority,40,filterbank_riemann_recentered,3.5,2.5,3.5,66,-1,1,0
P2,post,calibration_majority,40,filterbank_riemann_recentered,3.5,2.5,3.5,67,-1,1,0
P2,post,calibration_majority,40,filterbank_riemann_recentered,3.5,2.5,3.5,68,-1,1,0
P2,post,calibration_majority,40,filterbank_riemann_recentered,3.5,2.5,3.5,69,1,1,1
P2,post,calibration_majority,40,filterbank_riemann_recentered,3.5,2.5,3.5,70,1,1,1
P2,post,calibration_majority,40,filterbank_riemann_recentered,3.5,2.5,3.5,71,1,1,1
P2,post,calibration_majority,40,filterbank_riemann_recentered,3.5,2.5,3.5,72,-1,1,0
P2,post,calibration_majority,40,filterbank_riemann_recentered,3.5,2.5,3.5,73,1,1,1
P2,post,calibration_majority,40,filterbank_riemann_recentered,3.5,2.5,3.5,74,1,1,1
P2,post,calibration_majority,40,filterbank_riemann_recentered,3.5,2.5,3.5,75,1,1,1
P2,post,calibration_majority,40,filterbank_riemann_recentered,3.5,2.5,3.5,76,1,1,1
P2,post,calibration_majority,40,filterbank_riemann_recentered,3.5,2.5,3.5,77,1,1,1
P2,post,calibration_majority,40,filterbank_riemann_recentered,3.5,2.5,3.5,78,-1,1,0
P2,post,calibration_majority,40,filterbank_riemann_recentered,3.5,2.5,3.5,79,1,1,1
P2,post,calibration_majority,40,filterbank_riemann_recentered,3.5,2.5,3.5,80,-1,1,0
P2,post,filterbank_csp_shrinkage_lda,60,filterbank_riemann_recentered,3.5,2.5,3.5,61,-1,1,0
P2,post,filterbank_csp_shrinkage_lda,60,filterbank_riemann_recentered,3.5,2.5,3.5,62,1,-1,0
P2,post,filterbank_csp_shrinkage_lda,60,filterbank_riemann_recentered,3.5,2.5,3.5,63,1,1,1
P2,post,filterbank_csp_shrinkage_lda,60,filterbank_riemann_recentered,3.5,2.5,3.5,64,-1,-1,1
P2,post,filterbank_csp_shrinkage_lda,60,filterbank_riemann_recentered,3.5,2.5,3.5,65,1,1,1
P2,post,filterbank_csp_shrinkage_lda,60,filterbank_riemann_recentered,3.5,2.5,3.5,66,-1,-1,1
P2,post,filterbank_csp_shrinkage_lda,60,filterbank_riemann_recentered,3.5,2.5,3.5,67,-1,-1,1
P2,post,filterbank_csp_shrinkage_lda,60,filterbank_riemann_recentered,3.5,2.5,3.5,68,-1,-1,1
P2,post,filterbank_csp_shrinkage_lda,60,filterbank_riemann_recentered,3.5,2.5,3.5,69,1,-1,0
P2,post,filterbank_csp_shrinkage_lda,60,filterbank_riemann_recentered,3.5,2.5,3.5,70,1,1,1
P2,post,filterbank_csp_shrinkage_lda,60,filterbank_riemann_recentered,3.5,2.5,3.5,71,1,-1,0
P2,post,filterbank_csp_shrinkage_lda,60,filterbank_riemann_recentered,3.5,2.5,3.5,72,-1,-1,1
P2,post,filterbank_csp_shrinkage_lda,60,filterbank_riemann_recentered,3.5,2.5,3.5,73,1,-1,0
P2,post,filterbank_csp_shrinkage_lda,60,filterbank_riemann_recentered,3.5,2.5,3.5,74,1,-1,0
P2,post,filterbank_csp_shrinkage_lda,60,filterbank_riemann_recentered,3.5,2.5,3.5,75,1,1,1
P2,post,filterbank_csp_shrinkage_lda,60,filterbank_riemann_recentered,3.5,2.5,3.5,76,1,-1,0
P2,post,filterbank_csp_shrinkage_lda,60,filterbank_riemann_recentered,3.5,2.5,3.5,77,1,-1,0
P2,post,filterbank_csp_shrinkage_lda,60,filterbank_riemann_recentered,3.5,2.5,3.5,78,-1,-1,1
P2,post,filterbank_csp_shrinkage_lda,60,filterbank_riemann_recentered,3.5,2.5,3.5,79,1,1,1
P2,post,filterbank_csp_shrinkage_lda,60,filterbank_riemann_recentered,3.5,2.5,3.5,80,-1,-1,1
P2,post,filterbank_riemann_recentered,60,filterbank_riemann_recentered,3.5,2.5,3.5,61,-1,1,0
P2,post,filterbank_riemann_recentered,60,filterbank_riemann_recentered,3.5,2.5,3.5,62,1,-1,0
P2,post,filterbank_riemann_recentered,60,filterbank_riemann_recentered,3.5,2.5,3.5,63,1,-1,0
P2,post,filterbank_riemann_recentered,60,filterbank_riemann_recentered,3.5,2.5,3.5,64,-1,-1,1
P2,post,filterbank_riemann_recentered,60,filterbank_riemann_recentered,3.5,2.5,3.5,65,1,1,1
P2,post,filterbank_riemann_recentered,60,filterbank_riemann_recentered,3.5,2.5,3.5,66,-1,1,0
P2,post,filterbank_riemann_recentered,60,filterbank_riemann_recentered,3.5,2.5,3.5,67,-1,-1,1
P2,post,filterbank_riemann_recentered,60,filterbank_riemann_recentered,3.5,2.5,3.5,68,-1,-1,1
P2,post,filterbank_riemann_recentered,60,filterbank_riemann_recentered,3.5,2.5,3.5,69,1,-1,0
P2,post,filterbank_riemann_recentered,60,filterbank_riemann_recentered,3.5,2.5,3.5,70,1,-1,0
P2,post,filterbank_riemann_recentered,60,filterbank_riemann_recentered,3.5,2.5,3.5,71,1,-1,0
P2,post,filterbank_riemann_recentered,60,filterbank_riemann_recentered,3.5,2.5,3.5,72,-1,-1,1
P2,post,filterbank_riemann_recentered,60,filterbank_riemann_recentered,3.5,2.5,3.5,73,1,-1,0
P2,post,filterbank_riemann_recentered,60,filterbank_riemann_recentered,3.5,2.5,3.5,74,1,-1,0
P2,post,filterbank_riemann_recentered,60,filterbank_riemann_recentered,3.5,2.5,3.5,75,1,1,1
P2,post,filterbank_riemann_recentered,60,filterbank_riemann_recentered,3.5,2.5,3.5,76,1,1,1
P2,post,filterbank_riemann_recentered,60,filterbank_riemann_recentered,3.5,2.5,3.5,77,1,-1,0
P2,post,filterbank_riemann_recentered,60,filterbank_riemann_recentered,3.5,2.5,3.5,78,-1,-1,1
P2,post,filterbank_riemann_recentered,60,filterbank_riemann_recentered,3.5,2.5,3.5,79,1,1,1
P2,post,filterbank_riemann_recentered,60,filterbank_riemann_recentered,3.5,2.5,3.5,80,-1,-1,1
P2,post,training_selected,60,filterbank_riemann_recentered,3.5,2.5,3.5,61,-1,1,0
P2,post,training_selected,60,filterbank_riemann_recentered,3.5,2.5,3.5,62,1,-1,0
P2,post,training_selected,60,filterbank_riemann_recentered,3.5,2.5,3.5,63,1,-1,0
P2,post,training_selected,60,filterbank_riemann_recentered,3.5,2.5,3.5,64,-1,-1,1
P2,post,training_selected,60,filterbank_riemann_recentered,3.5,2.5,3.5,65,1,1,1
P2,post,training_selected,60,filterbank_riemann_recentered,3.5,2.5,3.5,66,-1,1,0
P2,post,training_selected,60,filterbank_riemann_recentered,3.5,2.5,3.5,67,-1,-1,1
P2,post,training_selected,60,filterbank_riemann_recentered,3.5,2.5,3.5,68,-1,-1,1
P2,post,training_selected,60,filterbank_riemann_recentered,3.5,2.5,3.5,69,1,-1,0
P2,post,training_selected,60,filterbank_riemann_recentered,3.5,2.5,3.5,70,1,-1,0
P2,post,training_selected,60,filterbank_riemann_recentered,3.5,2.5,3.5,71,1,-1,0
P2,post,training_selected,60,filterbank_riemann_recentered,3.5,2.5,3.5,72,-1,-1,1
P2,post,training_selected,60,filterbank_riemann_recentered,3.5,2.5,3.5,73,1,-1,0
P2,post,training_selected,60,filterbank_riemann_recentered,3.5,2.5,3.5,74,1,-1,0
P2,post,training_selected,60,filterbank_riemann_recentered,3.5,2.5,3.5,75,1,1,1
P2,post,training_selected,60,filterbank_riemann_recentered,3.5,2.5,3.5,76,1,1,1
P2,post,training_selected,60,filterbank_riemann_recentered,3.5,2.5,3.5,77,1,-1,0
P2,post,training_selected,60,filterbank_riemann_recentered,3.5,2.5,3.5,78,-1,-1,1
P2,post,training_selected,60,filterbank_riemann_recentered,3.5,2.5,3.5,79,1,1,1
P2,post,training_selected,60,filterbank_riemann_recentered,3.5,2.5,3.5,80,-1,-1,1
P2,post,calibration_majority,60,filterbank_riemann_recentered,3.5,2.5,3.5,61,-1,-1,1
P2,post,calibration_majority,60,filterbank_riemann_recentered,3.5,2.5,3.5,62,1,-1,0
P2,post,calibration_majority,60,filterbank_riemann_recentered,3.5,2.5,3.5,63,1,-1,0
P2,post,calibration_majority,60,filterbank_riemann_recentered,3.5,2.5,3.5,64,-1,-1,1
P2,post,calibration_majority,60,filterbank_riemann_recentered,3.5,2.5,3.5,65,1,-1,0
P2,post,calibration_majority,60,filterbank_riemann_recentered,3.5,2.5,3.5,66,-1,-1,1
P2,post,calibration_majority,60,filterbank_riemann_recentered,3.5,2.5,3.5,67,-1,-1,1
P2,post,calibration_majority,60,filterbank_riemann_recentered,3.5,2.5,3.5,68,-1,-1,1
P2,post,calibration_majority,60,filterbank_riemann_recentered,3.5,2.5,3.5,69,1,-1,0
P2,post,calibration_majority,60,filterbank_riemann_recentered,3.5,2.5,3.5,70,1,-1,0
P2,post,calibration_majority,60,filterbank_riemann_recentered,3.5,2.5,3.5,71,1,-1,0
P2,post,calibration_majority,60,filterbank_riemann_recentered,3.5,2.5,3.5,72,-1,-1,1
P2,post,calibration_majority,60,filterbank_riemann_recentered,3.5,2.5,3.5,73,1,-1,0
P2,post,calibration_majority,60,filterbank_riemann_recentered,3.5,2.5,3.5,74,1,-1,0
P2,post,calibration_majority,60,filterbank_riemann_recentered,3.5,2.5,3.5,75,1,-1,0
P2,post,calibration_majority,60,filterbank_riemann_recentered,3.5,2.5,3.5,76,1,-1,0
P2,post,calibration_majority,60,filterbank_riemann_recentered,3.5,2.5,3.5,77,1,-1,0
P2,post,calibration_majority,60,filterbank_riemann_recentered,3.5,2.5,3.5,78,-1,-1,1
P2,post,calibration_majority,60,filterbank_riemann_recentered,3.5,2.5,3.5,79,1,-1,0
P2,post,calibration_majority,60,filterbank_riemann_recentered,3.5,2.5,3.5,80,-1,-1,1
P3,pre,filterbank_csp_shrinkage_lda,10,filterbank_csp_shrinkage_lda,3.5,2.5,3.5,61,1,-1,0
P3,pre,filterbank_csp_shrinkage_lda,10,filterbank_csp_shrinkage_lda,3.5,2.5,3.5,62,1,-1,0
P3,pre,filterbank_csp_shrinkage_lda,10,filterbank_csp_shrinkage_lda,3.5,2.5,3.5,63,-1,-1,1
P3,pre,filterbank_csp_shrinkage_lda,10,filterbank_csp_shrinkage_lda,3.5,2.5,3.5,64,-1,-1,1
P3,pre,filterbank_csp_shrinkage_lda,10,filterbank_csp_shrinkage_lda,3.5,2.5,3.5,65,1,-1,0
P3,pre,filterbank_csp_shrinkage_lda,10,filterbank_csp_shrinkage_lda,3.5,2.5,3.5,66,-1,-1,1
P3,pre,filterbank_csp_shrinkage_lda,10,filterbank_csp_shrinkage_lda,3.5,2.5,3.5,67,-1,1,0
P3,pre,filterbank_csp_shrinkage_lda,10,filterbank_csp_shrinkage_lda,3.5,2.5,3.5,68,1,-1,0
P3,pre,filterbank_csp_shrinkage_lda,10,filterbank_csp_shrinkage_lda,3.5,2.5,3.5,69,1,-1,0
P3,pre,filterbank_csp_shrinkage_lda,10,filterbank_csp_shrinkage_lda,3.5,2.5,3.5,70,-1,-1,1
P3,pre,filterbank_csp_shrinkage_lda,10,filterbank_csp_shrinkage_lda,3.5,2.5,3.5,71,-1,-1,1
P3,pre,filterbank_csp_shrinkage_lda,10,filterbank_csp_shrinkage_lda,3.5,2.5,3.5,72,1,-1,0
P3,pre,filterbank_csp_shrinkage_lda,10,filterbank_csp_shrinkage_lda,3.5,2.5,3.5,73,1,-1,0
P3,pre,filterbank_csp_shrinkage_lda,10,filterbank_csp_shrinkage_lda,3.5,2.5,3.5,74,-1,-1,1
P3,pre,filterbank_csp_shrinkage_lda,10,filterbank_csp_shrinkage_lda,3.5,2.5,3.5,75,-1,-1,1
P3,pre,filterbank_csp_shrinkage_lda,10,filterbank_csp_shrinkage_lda,3.5,2.5,3.5,76,-1,1,0
P3,pre,filterbank_csp_shrinkage_lda,10,filterbank_csp_shrinkage_lda,3.5,2.5,3.5,77,1,-1,0
P3,pre,filterbank_csp_shrinkage_lda,10,filterbank_csp_shrinkage_lda,3.5,2.5,3.5,78,1,-1,0
P3,pre,filterbank_csp_shrinkage_lda,10,filterbank_csp_shrinkage_lda,3.5,2.5,3.5,79,1,-1,0
P3,pre,filterbank_csp_shrinkage_lda,10,filterbank_csp_shrinkage_lda,3.5,2.5,3.5,80,-1,-1,1
P3,pre,filterbank_riemann_recentered,10,filterbank_csp_shrinkage_lda,3.5,2.5,3.5,61,1,-1,0
P3,pre,filterbank_riemann_recentered,10,filterbank_csp_shrinkage_lda,3.5,2.5,3.5,62,1,-1,0
P3,pre,filterbank_riemann_recentered,10,filterbank_csp_shrinkage_lda,3.5,2.5,3.5,63,-1,-1,1
P3,pre,filterbank_riemann_recentered,10,filterbank_csp_shrinkage_lda,3.5,2.5,3.5,64,-1,-1,1
P3,pre,filterbank_riemann_recentered,10,filterbank_csp_shrinkage_lda,3.5,2.5,3.5,65,1,-1,0
P3,pre,filterbank_riemann_recentered,10,filterbank_csp_shrinkage_lda,3.5,2.5,3.5,66,-1,-1,1
P3,pre,filterbank_riemann_recentered,10,filterbank_csp_shrinkage_lda,3.5,2.5,3.5,67,-1,-1,1
P3,pre,filterbank_riemann_recentered,10,filterbank_csp_shrinkage_lda,3.5,2.5,3.5,68,1,-1,0
P3,pre,filterbank_riemann_recentered,10,filterbank_csp_shrinkage_lda,3.5,2.5,3.5,69,1,-1,0
P3,pre,filterbank_riemann_recentered,10,filterbank_csp_shrinkage_lda,3.5,2.5,3.5,70,-1,-1,1
P3,pre,filterbank_riemann_recentered,10,filterbank_csp_shrinkage_lda,3.5,2.5,3.5,71,-1,-1,1
P3,pre,filterbank_riemann_recentered,10,filterbank_csp_shrinkage_lda,3.5,2.5,3.5,72,1,-1,0
P3,pre,filterbank_riemann_recentered,10,filterbank_csp_shrinkage_lda,3.5,2.5,3.5,73,1,-1,0
P3,pre,filterbank_riemann_recentered,10,filterbank_csp_shrinkage_lda,3.5,2.5,3.5,74,-1,-1,1
P3,pre,filterbank_riemann_recentered,10,filterbank_csp_shrinkage_lda,3.5,2.5,3.5,75,-1,-1,1
P3,pre,filterbank_riemann_recentered,10,filterbank_csp_shrinkage_lda,3.5,2.5,3.5,76,-1,-1,1
P3,pre,filterbank_riemann_recentered,10,filterbank_csp_shrinkage_lda,3.5,2.5,3.5,77,1,-1,0
P3,pre,filterbank_riemann_recentered,10,filterbank_csp_shrinkage_lda,3.5,2.5,3.5,78,1,1,1
P3,pre,filterbank_riemann_recentered,10,filterbank_csp_shrinkage_lda,3.5,2.5,3.5,79,1,-1,0
P3,pre,filterbank_riemann_recentered,10,filterbank_csp_shrinkage_lda,3.5,2.5,3.5,80,-1,-1,1
P3,pre,training_selected,10,filterbank_csp_shrinkage_lda,3.5,2.5,3.5,61,1,-1,0
P3,pre,training_selected,10,filterbank_csp_shrinkage_lda,3.5,2.5,3.5,62,1,-1,0
P3,pre,training_selected,10,filterbank_csp_shrinkage_lda,3.5,2.5,3.5,63,-1,-1,1
P3,pre,training_selected,10,filterbank_csp_shrinkage_lda,3.5,2.5,3.5,64,-1,-1,1
P3,pre,training_selected,10,filterbank_csp_shrinkage_lda,3.5,2.5,3.5,65,1,-1,0
P3,pre,training_selected,10,filterbank_csp_shrinkage_lda,3.5,2.5,3.5,66,-1,-1,1
P3,pre,training_selected,10,filterbank_csp_shrinkage_lda,3.5,2.5,3.5,67,-1,1,0
P3,pre,training_selected,10,filterbank_csp_shrinkage_lda,3.5,2.5,3.5,68,1,-1,0
P3,pre,training_selected,10,filterbank_csp_shrinkage_lda,3.5,2.5,3.5,69,1,-1,0
P3,pre,training_selected,10,filterbank_csp_shrinkage_lda,3.5,2.5,3.5,70,-1,-1,1
P3,pre,training_selected,10,filterbank_csp_shrinkage_lda,3.5,2.5,3.5,71,-1,-1,1
P3,pre,training_selected,10,filterbank_csp_shrinkage_lda,3.5,2.5,3.5,72,1,-1,0
P3,pre,training_selected,10,filterbank_csp_shrinkage_lda,3.5,2.5,3.5,73,1,-1,0
P3,pre,training_selected,10,filterbank_csp_shrinkage_lda,3.5,2.5,3.5,74,-1,-1,1
P3,pre,training_selected,10,filterbank_csp_shrinkage_lda,3.5,2.5,3.5,75,-1,-1,1
P3,pre,training_selected,10,filterbank_csp_shrinkage_lda,3.5,2.5,3.5,76,-1,1,0
P3,pre,training_selected,10,filterbank_csp_shrinkage_lda,3.5,2.5,3.5,77,1,-1,0
P3,pre,training_selected,10,filterbank_csp_shrinkage_lda,3.5,2.5,3.5,78,1,-1,0
P3,pre,training_selected,10,filterbank_csp_shrinkage_lda,3.5,2.5,3.5,79,1,-1,0
P3,pre,training_selected,10,filterbank_csp_shrinkage_lda,3.5,2.5,3.5,80,-1,-1,1
P3,pre,calibration_majority,10,filterbank_csp_shrinkage_lda,3.5,2.5,3.5,61,1,-1,0
P3,pre,calibration_majority,10,filterbank_csp_shrinkage_lda,3.5,2.5,3.5,62,1,-1,0
P3,pre,calibration_majority,10,filterbank_csp_shrinkage_lda,3.5,2.5,3.5,63,-1,-1,1
P3,pre,calibration_majority,10,filterbank_csp_shrinkage_lda,3.5,2.5,3.5,64,-1,-1,1
P3,pre,calibration_majority,10,filterbank_csp_shrinkage_lda,3.5,2.5,3.5,65,1,-1,0
P3,pre,calibration_majority,10,filterbank_csp_shrinkage_lda,3.5,2.5,3.5,66,-1,-1,1
P3,pre,calibration_majority,10,filterbank_csp_shrinkage_lda,3.5,2.5,3.5,67,-1,-1,1
P3,pre,calibration_majority,10,filterbank_csp_shrinkage_lda,3.5,2.5,3.5,68,1,-1,0
P3,pre,calibration_majority,10,filterbank_csp_shrinkage_lda,3.5,2.5,3.5,69,1,-1,0
P3,pre,calibration_majority,10,filterbank_csp_shrinkage_lda,3.5,2.5,3.5,70,-1,-1,1
P3,pre,calibration_majority,10,filterbank_csp_shrinkage_lda,3.5,2.5,3.5,71,-1,-1,1
P3,pre,calibration_majority,10,filterbank_csp_shrinkage_lda,3.5,2.5,3.5,72,1,-1,0
P3,pre,calibration_majority,10,filterbank_csp_shrinkage_lda,3.5,2.5,3.5,73,1,-1,0
P3,pre,calibration_majority,10,filterbank_csp_shrinkage_lda,3.5,2.5,3.5,74,-1,-1,1
P3,pre,calibration_majority,10,filterbank_csp_shrinkage_lda,3.5,2.5,3.5,75,-1,-1,1
P3,pre,calibration_majority,10,filterbank_csp_shrinkage_lda,3.5,2.5,3.5,76,-1,-1,1
P3,pre,calibration_majority,10,filterbank_csp_shrinkage_lda,3.5,2.5,3.5,77,1,-1,0
P3,pre,calibration_majority,10,filterbank_csp_shrinkage_lda,3.5,2.5,3.5,78,1,-1,0
P3,pre,calibration_majority,10,filterbank_csp_shrinkage_lda,3.5,2.5,3.5,79,1,-1,0
P3,pre,calibration_majority,10,filterbank_csp_shrinkage_lda,3.5,2.5,3.5,80,-1,-1,1
P3,pre,filterbank_csp_shrinkage_lda,20,filterbank_csp_shrinkage_lda,3.5,2.5,3.5,61,1,1,1
P3,pre,filterbank_csp_shrinkage_lda,20,filterbank_csp_shrinkage_lda,3.5,2.5,3.5,62,1,-1,0
P3,pre,filterbank_csp_shrinkage_lda,20,filterbank_csp_shrinkage_lda,3.5,2.5,3.5,63,-1,1,0
P3,pre,filterbank_csp_shrinkage_lda,20,filterbank_csp_shrinkage_lda,3.5,2.5,3.5,64,-1,-1,1
P3,pre,filterbank_csp_shrinkage_lda,20,filterbank_csp_shrinkage_lda,3.5,2.5,3.5,65,1,1,1
P3,pre,filterbank_csp_shrinkage_lda,20,filterbank_csp_shrinkage_lda,3.5,2.5,3.5,66,-1,1,0
P3,pre,filterbank_csp_shrinkage_lda,20,filterbank_csp_shrinkage_lda,3.5,2.5,3.5,67,-1,1,0
P3,pre,filterbank_csp_shrinkage_lda,20,filterbank_csp_shrinkage_lda,3.5,2.5,3.5,68,1,1,1
P3,pre,filterbank_csp_shrinkage_lda,20,filterbank_csp_shrinkage_lda,3.5,2.5,3.5,69,1,1,1
P3,pre,filterbank_csp_shrinkage_lda,20,filterbank_csp_shrinkage_lda,3.5,2.5,3.5,70,-1,-1,1
P3,pre,filterbank_csp_shrinkage_lda,20,filterbank_csp_shrinkage_lda,3.5,2.5,3.5,71,-1,1,0
P3,pre,filterbank_csp_shrinkage_lda,20,filterbank_csp_shrinkage_lda,3.5,2.5,3.5,72,1,1,1
P3,pre,filterbank_csp_shrinkage_lda,20,filterbank_csp_shrinkage_lda,3.5,2.5,3.5,73,1,-1,0
P3,pre,filterbank_csp_shrinkage_lda,20,filterbank_csp_shrinkage_lda,3.5,2.5,3.5,74,-1,-1,1
P3,pre,filterbank_csp_shrinkage_lda,20,filterbank_csp_shrinkage_lda,3.5,2.5,3.5,75,-1,-1,1
P3,pre,filterbank_csp_shrinkage_lda,20,filterbank_csp_shrinkage_lda,3.5,2.5,3.5,76,-1,-1,1
P3,pre,filterbank_csp_shrinkage_lda,20,filterbank_csp_shrinkage_lda,3.5,2.5,3.5,77,1,1,1
P3,pre,filterbank_csp_shrinkage_lda,20,filterbank_csp_shrinkage_lda,3.5,2.5,3.5,78,1,1,1
P3,pre,filterbank_csp_shrinkage_lda,20,filterbank_csp_shrinkage_lda,3.5,2.5,3.5,79,1,1,1
P3,pre,filterbank_csp_shrinkage_lda,20,filterbank_csp_shrinkage_lda,3.5,2.5,3.5,80,-1,-1,1
P3,pre,filterbank_riemann_recentered,20,filterbank_csp_shrinkage_lda,3.5,2.5,3.5,61,1,1,1
P3,pre,filterbank_riemann_recentered,20,filterbank_csp_shrinkage_lda,3.5,2.5,3.5,62,1,-1,0
P3,pre,filterbank_riemann_recentered,20,filterbank_csp_shrinkage_lda,3.5,2.5,3.5,63,-1,-1,1
P3,pre,filterbank_riemann_recentered,20,filterbank_csp_shrinkage_lda,3.5,2.5,3.5,64,-1,1,0
P3,pre,filterbank_riemann_recentered,20,filterbank_csp_shrinkage_lda,3.5,2.5,3.5,65,1,1,1
P3,pre,filterbank_riemann_recentered,20,filterbank_csp_shrinkage_lda,3.5,2.5,3.5,66,-1,-1,1
P3,pre,filterbank_riemann_recentered,20,filterbank_csp_shrinkage_lda,3.5,2.5,3.5,67,-1,1,0
P3,pre,filterbank_riemann_recentered,20,filterbank_csp_shrinkage_lda,3.5,2.5,3.5,68,1,1,1
P3,pre,filterbank_riemann_recentered,20,filterbank_csp_shrinkage_lda,3.5,2.5,3.5,69,1,-1,0
P3,pre,filterbank_riemann_recentered,20,filterbank_csp_shrinkage_lda,3.5,2.5,3.5,70,-1,-1,1
P3,pre,filterbank_riemann_recentered,20,filterbank_csp_shrinkage_lda,3.5,2.5,3.5,71,-1,-1,1
P3,pre,filterbank_riemann_recentered,20,filterbank_csp_shrinkage_lda,3.5,2.5,3.5,72,1,1,1
P3,pre,filterbank_riemann_recentered,20,filterbank_csp_shrinkage_lda,3.5,2.5,3.5,73,1,-1,0
P3,pre,filterbank_riemann_recentered,20,filterbank_csp_shrinkage_lda,3.5,2.5,3.5,74,-1,-1,1
P3,pre,filterbank_riemann_recentered,20,filterbank_csp_shrinkage_lda,3.5,2.5,3.5,75,-1,1,0
P3,pre,filterbank_riemann_recentered,20,filterbank_csp_shrinkage_lda,3.5,2.5,3.5,76,-1,1,0
P3,pre,filterbank_riemann_recentered,20,filterbank_csp_shrinkage_lda,3.5,2.5,3.5,77,1,1,1
P3,pre,filterbank_riemann_recentered,20,filterbank_csp_shrinkage_lda,3.5,2.5,3.5,78,1,1,1
P3,pre,filterbank_riemann_recentered,20,filterbank_csp_shrinkage_lda,3.5,2.5,3.5,79,1,-1,0
P3,pre,filterbank_riemann_recentered,20,filterbank_csp_shrinkage_lda,3.5,2.5,3.5,80,-1,1,0
P3,pre,training_selected,20,filterbank_csp_shrinkage_lda,3.5,2.5,3.5,61,1,1,1
P3,pre,training_selected,20,filterbank_csp_shrinkage_lda,3.5,2.5,3.5,62,1,-1,0
P3,pre,training_selected,20,filterbank_csp_shrinkage_lda,3.5,2.5,3.5,63,-1,1,0
P3,pre,training_selected,20,filterbank_csp_shrinkage_lda,3.5,2.5,3.5,64,-1,-1,1
P3,pre,training_selected,20,filterbank_csp_shrinkage_lda,3.5,2.5,3.5,65,1,1,1
P3,pre,training_selected,20,filterbank_csp_shrinkage_lda,3.5,2.5,3.5,66,-1,1,0
P3,pre,training_selected,20,filterbank_csp_shrinkage_lda,3.5,2.5,3.5,67,-1,1,0
P3,pre,training_selected,20,filterbank_csp_shrinkage_lda,3.5,2.5,3.5,68,1,1,1
P3,pre,training_selected,20,filterbank_csp_shrinkage_lda,3.5,2.5,3.5,69,1,1,1
P3,pre,training_selected,20,filterbank_csp_shrinkage_lda,3.5,2.5,3.5,70,-1,-1,1
P3,pre,training_selected,20,filterbank_csp_shrinkage_lda,3.5,2.5,3.5,71,-1,1,0
P3,pre,training_selected,20,filterbank_csp_shrinkage_lda,3.5,2.5,3.5,72,1,1,1
P3,pre,training_selected,20,filterbank_csp_shrinkage_lda,3.5,2.5,3.5,73,1,-1,0
P3,pre,training_selected,20,filterbank_csp_shrinkage_lda,3.5,2.5,3.5,74,-1,-1,1
P3,pre,training_selected,20,filterbank_csp_shrinkage_lda,3.5,2.5,3.5,75,-1,-1,1
P3,pre,training_selected,20,filterbank_csp_shrinkage_lda,3.5,2.5,3.5,76,-1,-1,1
P3,pre,training_selected,20,filterbank_csp_shrinkage_lda,3.5,2.5,3.5,77,1,1,1
P3,pre,training_selected,20,filterbank_csp_shrinkage_lda,3.5,2.5,3.5,78,1,1,1
P3,pre,training_selected,20,filterbank_csp_shrinkage_lda,3.5,2.5,3.5,79,1,1,1
P3,pre,training_selected,20,filterbank_csp_shrinkage_lda,3.5,2.5,3.5,80,-1,-1,1
P3,pre,calibration_majority,20,filterbank_csp_shrinkage_lda,3.5,2.5,3.5,61,1,-1,0
P3,pre,calibration_majority,20,filterbank_csp_shrinkage_lda,3.5,2.5,3.5,62,1,-1,0
P3,pre,calibration_majority,20,filterbank_csp_shrinkage_lda,3.5,2.5,3.5,63,-1,-1,1
P3,pre,calibration_majority,20,filterbank_csp_shrinkage_lda,3.5,2.5,3.5,64,-1,-1,1
P3,pre,calibration_majority,20,filterbank_csp_shrinkage_lda,3.5,2.5,3.5,65,1,-1,0
P3,pre,calibration_majority,20,filterbank_csp_shrinkage_lda,3.5,2.5,3.5,66,-1,-1,1
P3,pre,calibration_majority,20,filterbank_csp_shrinkage_lda,3.5,2.5,3.5,67,-1,-1,1
P3,pre,calibration_majority,20,filterbank_csp_shrinkage_lda,3.5,2.5,3.5,68,1,-1,0
P3,pre,calibration_majority,20,filterbank_csp_shrinkage_lda,3.5,2.5,3.5,69,1,-1,0
P3,pre,calibration_majority,20,filterbank_csp_shrinkage_lda,3.5,2.5,3.5,70,-1,-1,1
P3,pre,calibration_majority,20,filterbank_csp_shrinkage_lda,3.5,2.5,3.5,71,-1,-1,1
P3,pre,calibration_majority,20,filterbank_csp_shrinkage_lda,3.5,2.5,3.5,72,1,-1,0
P3,pre,calibration_majority,20,filterbank_csp_shrinkage_lda,3.5,2.5,3.5,73,1,-1,0
P3,pre,calibration_majority,20,filterbank_csp_shrinkage_lda,3.5,2.5,3.5,74,-1,-1,1
P3,pre,calibration_majority,20,filterbank_csp_shrinkage_lda,3.5,2.5,3.5,75,-1,-1,1
P3,pre,calibration_majority,20,filterbank_csp_shrinkage_lda,3.5,2.5,3.5,76,-1,-1,1
P3,pre,calibration_majority,20,filterbank_csp_shrinkage_lda,3.5,2.5,3.5,77,1,-1,0
P3,pre,calibration_majority,20,filterbank_csp_shrinkage_lda,3.5,2.5,3.5,78,1,-1,0
P3,pre,calibration_majority,20,filterbank_csp_shrinkage_lda,3.5,2.5,3.5,79,1,-1,0
P3,pre,calibration_majority,20,filterbank_csp_shrinkage_lda,3.5,2.5,3.5,80,-1,-1,1
P3,pre,filterbank_csp_shrinkage_lda,40,filterbank_csp_shrinkage_lda,3.5,2.5,3.5,61,1,1,1
P3,pre,filterbank_csp_shrinkage_lda,40,filterbank_csp_shrinkage_lda,3.5,2.5,3.5,62,1,1,1
P3,pre,filterbank_csp_shrinkage_lda,40,filterbank_csp_shrinkage_lda,3.5,2.5,3.5,63,-1,1,0
P3,pre,filterbank_csp_shrinkage_lda,40,filterbank_csp_shrinkage_lda,3.5,2.5,3.5,64,-1,1,0
P3,pre,filterbank_csp_shrinkage_lda,40,filterbank_csp_shrinkage_lda,3.5,2.5,3.5,65,1,1,1
P3,pre,filterbank_csp_shrinkage_lda,40,filterbank_csp_shrinkage_lda,3.5,2.5,3.5,66,-1,1,0
P3,pre,filterbank_csp_shrinkage_lda,40,filterbank_csp_shrinkage_lda,3.5,2.5,3.5,67,-1,1,0
P3,pre,filterbank_csp_shrinkage_lda,40,filterbank_csp_shrinkage_lda,3.5,2.5,3.5,68,1,1,1
P3,pre,filterbank_csp_shrinkage_lda,40,filterbank_csp_shrinkage_lda,3.5,2.5,3.5,69,1,1,1
P3,pre,filterbank_csp_shrinkage_lda,40,filterbank_csp_shrinkage_lda,3.5,2.5,3.5,70,-1,1,0
P3,pre,filterbank_csp_shrinkage_lda,40,filterbank_csp_shrinkage_lda,3.5,2.5,3.5,71,-1,1,0
P3,pre,filterbank_csp_shrinkage_lda,40,filterbank_csp_shrinkage_lda,3.5,2.5,3.5,72,1,1,1
P3,pre,filterbank_csp_shrinkage_lda,40,filterbank_csp_shrinkage_lda,3.5,2.5,3.5,73,1,1,1
P3,pre,filterbank_csp_shrinkage_lda,40,filterbank_csp_shrinkage_lda,3.5,2.5,3.5,74,-1,1,0
P3,pre,filterbank_csp_shrinkage_lda,40,filterbank_csp_shrinkage_lda,3.5,2.5,3.5,75,-1,1,0
P3,pre,filterbank_csp_shrinkage_lda,40,filterbank_csp_shrinkage_lda,3.5,2.5,3.5,76,-1,1,0
P3,pre,filterbank_csp_shrinkage_lda,40,filterbank_csp_shrinkage_lda,3.5,2.5,3.5,77,1,1,1
P3,pre,filterbank_csp_shrinkage_lda,40,filterbank_csp_shrinkage_lda,3.5,2.5,3.5,78,1,1,1
P3,pre,filterbank_csp_shrinkage_lda,40,filterbank_csp_shrinkage_lda,3.5,2.5,3.5,79,1,1,1
P3,pre,filterbank_csp_shrinkage_lda,40,filterbank_csp_shrinkage_lda,3.5,2.5,3.5,80,-1,-1,1
P3,pre,filterbank_riemann_recentered,40,filterbank_csp_shrinkage_lda,3.5,2.5,3.5,61,1,1,1
P3,pre,filterbank_riemann_recentered,40,filterbank_csp_shrinkage_lda,3.5,2.5,3.5,62,1,-1,0
P3,pre,filterbank_riemann_recentered,40,filterbank_csp_shrinkage_lda,3.5,2.5,3.5,63,-1,1,0
P3,pre,filterbank_riemann_recentered,40,filterbank_csp_shrinkage_lda,3.5,2.5,3.5,64,-1,1,0
P3,pre,filterbank_riemann_recentered,40,filterbank_csp_shrinkage_lda,3.5,2.5,3.5,65,1,1,1
P3,pre,filterbank_riemann_recentered,40,filterbank_csp_shrinkage_lda,3.5,2.5,3.5,66,-1,-1,1
P3,pre,filterbank_riemann_recentered,40,filterbank_csp_shrinkage_lda,3.5,2.5,3.5,67,-1,1,0
P3,pre,filterbank_riemann_recentered,40,filterbank_csp_shrinkage_lda,3.5,2.5,3.5,68,1,1,1
P3,pre,filterbank_riemann_recentered,40,filterbank_csp_shrinkage_lda,3.5,2.5,3.5,69,1,-1,0
P3,pre,filterbank_riemann_recentered,40,filterbank_csp_shrinkage_lda,3.5,2.5,3.5,70,-1,-1,1
P3,pre,filterbank_riemann_recentered,40,filterbank_csp_shrinkage_lda,3.5,2.5,3.5,71,-1,-1,1
P3,pre,filterbank_riemann_recentered,40,filterbank_csp_shrinkage_lda,3.5,2.5,3.5,72,1,-1,0
P3,pre,filterbank_riemann_recentered,40,filterbank_csp_shrinkage_lda,3.5,2.5,3.5,73,1,-1,0
P3,pre,filterbank_riemann_recentered,40,filterbank_csp_shrinkage_lda,3.5,2.5,3.5,74,-1,-1,1
P3,pre,filterbank_riemann_recentered,40,filterbank_csp_shrinkage_lda,3.5,2.5,3.5,75,-1,1,0
P3,pre,filterbank_riemann_recentered,40,filterbank_csp_shrinkage_lda,3.5,2.5,3.5,76,-1,1,0
P3,pre,filterbank_riemann_recentered,40,filterbank_csp_shrinkage_lda,3.5,2.5,3.5,77,1,1,1
P3,pre,filterbank_riemann_recentered,40,filterbank_csp_shrinkage_lda,3.5,2.5,3.5,78,1,1,1
P3,pre,filterbank_riemann_recentered,40,filterbank_csp_shrinkage_lda,3.5,2.5,3.5,79,1,-1,0
P3,pre,filterbank_riemann_recentered,40,filterbank_csp_shrinkage_lda,3.5,2.5,3.5,80,-1,1,0
P3,pre,training_selected,40,filterbank_csp_shrinkage_lda,3.5,2.5,3.5,61,1,1,1
P3,pre,training_selected,40,filterbank_csp_shrinkage_lda,3.5,2.5,3.5,62,1,1,1
P3,pre,training_selected,40,filterbank_csp_shrinkage_lda,3.5,2.5,3.5,63,-1,1,0
P3,pre,training_selected,40,filterbank_csp_shrinkage_lda,3.5,2.5,3.5,64,-1,1,0
P3,pre,training_selected,40,filterbank_csp_shrinkage_lda,3.5,2.5,3.5,65,1,1,1
P3,pre,training_selected,40,filterbank_csp_shrinkage_lda,3.5,2.5,3.5,66,-1,1,0
P3,pre,training_selected,40,filterbank_csp_shrinkage_lda,3.5,2.5,3.5,67,-1,1,0
P3,pre,training_selected,40,filterbank_csp_shrinkage_lda,3.5,2.5,3.5,68,1,1,1
P3,pre,training_selected,40,filterbank_csp_shrinkage_lda,3.5,2.5,3.5,69,1,1,1
P3,pre,training_selected,40,filterbank_csp_shrinkage_lda,3.5,2.5,3.5,70,-1,1,0
P3,pre,training_selected,40,filterbank_csp_shrinkage_lda,3.5,2.5,3.5,71,-1,1,0
P3,pre,training_selected,40,filterbank_csp_shrinkage_lda,3.5,2.5,3.5,72,1,1,1
P3,pre,training_selected,40,filterbank_csp_shrinkage_lda,3.5,2.5,3.5,73,1,1,1
P3,pre,training_selected,40,filterbank_csp_shrinkage_lda,3.5,2.5,3.5,74,-1,1,0
P3,pre,training_selected,40,filterbank_csp_shrinkage_lda,3.5,2.5,3.5,75,-1,1,0
P3,pre,training_selected,40,filterbank_csp_shrinkage_lda,3.5,2.5,3.5,76,-1,1,0
P3,pre,training_selected,40,filterbank_csp_shrinkage_lda,3.5,2.5,3.5,77,1,1,1
P3,pre,training_selected,40,filterbank_csp_shrinkage_lda,3.5,2.5,3.5,78,1,1,1
P3,pre,training_selected,40,filterbank_csp_shrinkage_lda,3.5,2.5,3.5,79,1,1,1
P3,pre,training_selected,40,filterbank_csp_shrinkage_lda,3.5,2.5,3.5,80,-1,-1,1
P3,pre,calibration_majority,40,filterbank_csp_shrinkage_lda,3.5,2.5,3.5,61,1,-1,0
P3,pre,calibration_majority,40,filterbank_csp_shrinkage_lda,3.5,2.5,3.5,62,1,-1,0
P3,pre,calibration_majority,40,filterbank_csp_shrinkage_lda,3.5,2.5,3.5,63,-1,-1,1
P3,pre,calibration_majority,40,filterbank_csp_shrinkage_lda,3.5,2.5,3.5,64,-1,-1,1
P3,pre,calibration_majority,40,filterbank_csp_shrinkage_lda,3.5,2.5,3.5,65,1,-1,0
P3,pre,calibration_majority,40,filterbank_csp_shrinkage_lda,3.5,2.5,3.5,66,-1,-1,1
P3,pre,calibration_majority,40,filterbank_csp_shrinkage_lda,3.5,2.5,3.5,67,-1,-1,1
P3,pre,calibration_majority,40,filterbank_csp_shrinkage_lda,3.5,2.5,3.5,68,1,-1,0
P3,pre,calibration_majority,40,filterbank_csp_shrinkage_lda,3.5,2.5,3.5,69,1,-1,0
P3,pre,calibration_majority,40,filterbank_csp_shrinkage_lda,3.5,2.5,3.5,70,-1,-1,1
P3,pre,calibration_majority,40,filterbank_csp_shrinkage_lda,3.5,2.5,3.5,71,-1,-1,1
P3,pre,calibration_majority,40,filterbank_csp_shrinkage_lda,3.5,2.5,3.5,72,1,-1,0
P3,pre,calibration_majority,40,filterbank_csp_shrinkage_lda,3.5,2.5,3.5,73,1,-1,0
P3,pre,calibration_majority,40,filterbank_csp_shrinkage_lda,3.5,2.5,3.5,74,-1,-1,1
P3,pre,calibration_majority,40,filterbank_csp_shrinkage_lda,3.5,2.5,3.5,75,-1,-1,1
P3,pre,calibration_majority,40,filterbank_csp_shrinkage_lda,3.5,2.5,3.5,76,-1,-1,1
P3,pre,calibration_majority,40,filterbank_csp_shrinkage_lda,3.5,2.5,3.5,77,1,-1,0
P3,pre,calibration_majority,40,filterbank_csp_shrinkage_lda,3.5,2.5,3.5,78,1,-1,0
P3,pre,calibration_majority,40,filterbank_csp_shrinkage_lda,3.5,2.5,3.5,79,1,-1,0
P3,pre,calibration_majority,40,filterbank_csp_shrinkage_lda,3.5,2.5,3.5,80,-1,-1,1
P3,pre,filterbank_csp_shrinkage_lda,60,filterbank_csp_shrinkage_lda,3.5,2.5,3.5,61,1,1,1
P3,pre,filterbank_csp_shrinkage_lda,60,filterbank_csp_shrinkage_lda,3.5,2.5,3.5,62,1,-1,0
P3,pre,filterbank_csp_shrinkage_lda,60,filterbank_csp_shrinkage_lda,3.5,2.5,3.5,63,-1,1,0
P3,pre,filterbank_csp_shrinkage_lda,60,filterbank_csp_shrinkage_lda,3.5,2.5,3.5,64,-1,1,0
P3,pre,filterbank_csp_shrinkage_lda,60,filterbank_csp_shrinkage_lda,3.5,2.5,3.5,65,1,1,1
P3,pre,filterbank_csp_shrinkage_lda,60,filterbank_csp_shrinkage_lda,3.5,2.5,3.5,66,-1,1,0
P3,pre,filterbank_csp_shrinkage_lda,60,filterbank_csp_shrinkage_lda,3.5,2.5,3.5,67,-1,1,0
P3,pre,filterbank_csp_shrinkage_lda,60,filterbank_csp_shrinkage_lda,3.5,2.5,3.5,68,1,1,1
P3,pre,filterbank_csp_shrinkage_lda,60,filterbank_csp_shrinkage_lda,3.5,2.5,3.5,69,1,1,1
P3,pre,filterbank_csp_shrinkage_lda,60,filterbank_csp_shrinkage_lda,3.5,2.5,3.5,70,-1,1,0
P3,pre,filterbank_csp_shrinkage_lda,60,filterbank_csp_shrinkage_lda,3.5,2.5,3.5,71,-1,1,0
P3,pre,filterbank_csp_shrinkage_lda,60,filterbank_csp_shrinkage_lda,3.5,2.5,3.5,72,1,1,1
P3,pre,filterbank_csp_shrinkage_lda,60,filterbank_csp_shrinkage_lda,3.5,2.5,3.5,73,1,-1,0
P3,pre,filterbank_csp_shrinkage_lda,60,filterbank_csp_shrinkage_lda,3.5,2.5,3.5,74,-1,1,0
P3,pre,filterbank_csp_shrinkage_lda,60,filterbank_csp_shrinkage_lda,3.5,2.5,3.5,75,-1,1,0
P3,pre,filterbank_csp_shrinkage_lda,60,filterbank_csp_shrinkage_lda,3.5,2.5,3.5,76,-1,1,0
P3,pre,filterbank_csp_shrinkage_lda,60,filterbank_csp_shrinkage_lda,3.5,2.5,3.5,77,1,1,1
P3,pre,filterbank_csp_shrinkage_lda,60,filterbank_csp_shrinkage_lda,3.5,2.5,3.5,78,1,1,1
P3,pre,filterbank_csp_shrinkage_lda,60,filterbank_csp_shrinkage_lda,3.5,2.5,3.5,79,1,1,1
P3,pre,filterbank_csp_shrinkage_lda,60,filterbank_csp_shrinkage_lda,3.5,2.5,3.5,80,-1,-1,1
P3,pre,filterbank_riemann_recentered,60,filterbank_csp_shrinkage_lda,3.5,2.5,3.5,61,1,1,1
P3,pre,filterbank_riemann_recentered,60,filterbank_csp_shrinkage_lda,3.5,2.5,3.5,62,1,-1,0
P3,pre,filterbank_riemann_recentered,60,filterbank_csp_shrinkage_lda,3.5,2.5,3.5,63,-1,1,0
P3,pre,filterbank_riemann_recentered,60,filterbank_csp_shrinkage_lda,3.5,2.5,3.5,64,-1,-1,1
P3,pre,filterbank_riemann_recentered,60,filterbank_csp_shrinkage_lda,3.5,2.5,3.5,65,1,1,1
P3,pre,filterbank_riemann_recentered,60,filterbank_csp_shrinkage_lda,3.5,2.5,3.5,66,-1,-1,1
P3,pre,filterbank_riemann_recentered,60,filterbank_csp_shrinkage_lda,3.5,2.5,3.5,67,-1,1,0
P3,pre,filterbank_riemann_recentered,60,filterbank_csp_shrinkage_lda,3.5,2.5,3.5,68,1,1,1
P3,pre,filterbank_riemann_recentered,60,filterbank_csp_shrinkage_lda,3.5,2.5,3.5,69,1,-1,0
P3,pre,filterbank_riemann_recentered,60,filterbank_csp_shrinkage_lda,3.5,2.5,3.5,70,-1,-1,1
P3,pre,filterbank_riemann_recentered,60,filterbank_csp_shrinkage_lda,3.5,2.5,3.5,71,-1,-1,1
P3,pre,filterbank_riemann_recentered,60,filterbank_csp_shrinkage_lda,3.5,2.5,3.5,72,1,1,1
P3,pre,filterbank_riemann_recentered,60,filterbank_csp_shrinkage_lda,3.5,2.5,3.5,73,1,-1,0
P3,pre,filterbank_riemann_recentered,60,filterbank_csp_shrinkage_lda,3.5,2.5,3.5,74,-1,1,0
P3,pre,filterbank_riemann_recentered,60,filterbank_csp_shrinkage_lda,3.5,2.5,3.5,75,-1,1,0
P3,pre,filterbank_riemann_recentered,60,filterbank_csp_shrinkage_lda,3.5,2.5,3.5,76,-1,1,0
P3,pre,filterbank_riemann_recentered,60,filterbank_csp_shrinkage_lda,3.5,2.5,3.5,77,1,1,1
P3,pre,filterbank_riemann_recentered,60,filterbank_csp_shrinkage_lda,3.5,2.5,3.5,78,1,1,1
P3,pre,filterbank_riemann_recentered,60,filterbank_csp_shrinkage_lda,3.5,2.5,3.5,79,1,1,1
P3,pre,filterbank_riemann_recentered,60,filterbank_csp_shrinkage_lda,3.5,2.5,3.5,80,-1,-1,1
P3,pre,training_selected,60,filterbank_csp_shrinkage_lda,3.5,2.5,3.5,61,1,1,1
P3,pre,training_selected,60,filterbank_csp_shrinkage_lda,3.5,2.5,3.5,62,1,-1,0
P3,pre,training_selected,60,filterbank_csp_shrinkage_lda,3.5,2.5,3.5,63,-1,1,0
P3,pre,training_selected,60,filterbank_csp_shrinkage_lda,3.5,2.5,3.5,64,-1,1,0
P3,pre,training_selected,60,filterbank_csp_shrinkage_lda,3.5,2.5,3.5,65,1,1,1
P3,pre,training_selected,60,filterbank_csp_shrinkage_lda,3.5,2.5,3.5,66,-1,1,0
P3,pre,training_selected,60,filterbank_csp_shrinkage_lda,3.5,2.5,3.5,67,-1,1,0
P3,pre,training_selected,60,filterbank_csp_shrinkage_lda,3.5,2.5,3.5,68,1,1,1
P3,pre,training_selected,60,filterbank_csp_shrinkage_lda,3.5,2.5,3.5,69,1,1,1
P3,pre,training_selected,60,filterbank_csp_shrinkage_lda,3.5,2.5,3.5,70,-1,1,0
P3,pre,training_selected,60,filterbank_csp_shrinkage_lda,3.5,2.5,3.5,71,-1,1,0
P3,pre,training_selected,60,filterbank_csp_shrinkage_lda,3.5,2.5,3.5,72,1,1,1
P3,pre,training_selected,60,filterbank_csp_shrinkage_lda,3.5,2.5,3.5,73,1,-1,0
P3,pre,training_selected,60,filterbank_csp_shrinkage_lda,3.5,2.5,3.5,74,-1,1,0
P3,pre,training_selected,60,filterbank_csp_shrinkage_lda,3.5,2.5,3.5,75,-1,1,0
P3,pre,training_selected,60,filterbank_csp_shrinkage_lda,3.5,2.5,3.5,76,-1,1,0
P3,pre,training_selected,60,filterbank_csp_shrinkage_lda,3.5,2.5,3.5,77,1,1,1
P3,pre,training_selected,60,filterbank_csp_shrinkage_lda,3.5,2.5,3.5,78,1,1,1
P3,pre,training_selected,60,filterbank_csp_shrinkage_lda,3.5,2.5,3.5,79,1,1,1
P3,pre,training_selected,60,filterbank_csp_shrinkage_lda,3.5,2.5,3.5,80,-1,-1,1
P3,pre,calibration_majority,60,filterbank_csp_shrinkage_lda,3.5,2.5,3.5,61,1,-1,0
P3,pre,calibration_majority,60,filterbank_csp_shrinkage_lda,3.5,2.5,3.5,62,1,-1,0
P3,pre,calibration_majority,60,filterbank_csp_shrinkage_lda,3.5,2.5,3.5,63,-1,-1,1
P3,pre,calibration_majority,60,filterbank_csp_shrinkage_lda,3.5,2.5,3.5,64,-1,-1,1
P3,pre,calibration_majority,60,filterbank_csp_shrinkage_lda,3.5,2.5,3.5,65,1,-1,0
P3,pre,calibration_majority,60,filterbank_csp_shrinkage_lda,3.5,2.5,3.5,66,-1,-1,1
P3,pre,calibration_majority,60,filterbank_csp_shrinkage_lda,3.5,2.5,3.5,67,-1,-1,1
P3,pre,calibration_majority,60,filterbank_csp_shrinkage_lda,3.5,2.5,3.5,68,1,-1,0
P3,pre,calibration_majority,60,filterbank_csp_shrinkage_lda,3.5,2.5,3.5,69,1,-1,0
P3,pre,calibration_majority,60,filterbank_csp_shrinkage_lda,3.5,2.5,3.5,70,-1,-1,1
P3,pre,calibration_majority,60,filterbank_csp_shrinkage_lda,3.5,2.5,3.5,71,-1,-1,1
P3,pre,calibration_majority,60,filterbank_csp_shrinkage_lda,3.5,2.5,3.5,72,1,-1,0
P3,pre,calibration_majority,60,filterbank_csp_shrinkage_lda,3.5,2.5,3.5,73,1,-1,0
P3,pre,calibration_majority,60,filterbank_csp_shrinkage_lda,3.5,2.5,3.5,74,-1,-1,1
P3,pre,calibration_majority,60,filterbank_csp_shrinkage_lda,3.5,2.5,3.5,75,-1,-1,1
P3,pre,calibration_majority,60,filterbank_csp_shrinkage_lda,3.5,2.5,3.5,76,-1,-1,1
P3,pre,calibration_majority,60,filterbank_csp_shrinkage_lda,3.5,2.5,3.5,77,1,-1,0
P3,pre,calibration_majority,60,filterbank_csp_shrinkage_lda,3.5,2.5,3.5,78,1,-1,0
P3,pre,calibration_majority,60,filterbank_csp_shrinkage_lda,3.5,2.5,3.5,79,1,-1,0
P3,pre,calibration_majority,60,filterbank_csp_shrinkage_lda,3.5,2.5,3.5,80,-1,-1,1
P3,post,filterbank_csp_shrinkage_lda,10,filterbank_csp_shrinkage_lda,3.5,2.5,3.5,61,1,-1,0
P3,post,filterbank_csp_shrinkage_lda,10,filterbank_csp_shrinkage_lda,3.5,2.5,3.5,62,1,-1,0
P3,post,filterbank_csp_shrinkage_lda,10,filterbank_csp_shrinkage_lda,3.5,2.5,3.5,63,1,-1,0
P3,post,filterbank_csp_shrinkage_lda,10,filterbank_csp_shrinkage_lda,3.5,2.5,3.5,64,-1,-1,1
P3,post,filterbank_csp_shrinkage_lda,10,filterbank_csp_shrinkage_lda,3.5,2.5,3.5,65,1,-1,0
P3,post,filterbank_csp_shrinkage_lda,10,filterbank_csp_shrinkage_lda,3.5,2.5,3.5,66,1,-1,0
P3,post,filterbank_csp_shrinkage_lda,10,filterbank_csp_shrinkage_lda,3.5,2.5,3.5,67,-1,-1,1
P3,post,filterbank_csp_shrinkage_lda,10,filterbank_csp_shrinkage_lda,3.5,2.5,3.5,68,-1,-1,1
P3,post,filterbank_csp_shrinkage_lda,10,filterbank_csp_shrinkage_lda,3.5,2.5,3.5,69,-1,-1,1
P3,post,filterbank_csp_shrinkage_lda,10,filterbank_csp_shrinkage_lda,3.5,2.5,3.5,70,1,-1,0
P3,post,filterbank_csp_shrinkage_lda,10,filterbank_csp_shrinkage_lda,3.5,2.5,3.5,71,1,1,1
P3,post,filterbank_csp_shrinkage_lda,10,filterbank_csp_shrinkage_lda,3.5,2.5,3.5,72,1,1,1
P3,post,filterbank_csp_shrinkage_lda,10,filterbank_csp_shrinkage_lda,3.5,2.5,3.5,73,1,-1,0
P3,post,filterbank_csp_shrinkage_lda,10,filterbank_csp_shrinkage_lda,3.5,2.5,3.5,74,1,-1,0
P3,post,filterbank_csp_shrinkage_lda,10,filterbank_csp_shrinkage_lda,3.5,2.5,3.5,75,-1,-1,1
P3,post,filterbank_csp_shrinkage_lda,10,filterbank_csp_shrinkage_lda,3.5,2.5,3.5,76,-1,-1,1
P3,post,filterbank_csp_shrinkage_lda,10,filterbank_csp_shrinkage_lda,3.5,2.5,3.5,77,-1,-1,1
P3,post,filterbank_csp_shrinkage_lda,10,filterbank_csp_shrinkage_lda,3.5,2.5,3.5,78,1,1,1
P3,post,filterbank_csp_shrinkage_lda,10,filterbank_csp_shrinkage_lda,3.5,2.5,3.5,79,1,-1,0
P3,post,filterbank_csp_shrinkage_lda,10,filterbank_csp_shrinkage_lda,3.5,2.5,3.5,80,1,1,1
P3,post,filterbank_riemann_recentered,10,filterbank_csp_shrinkage_lda,3.5,2.5,3.5,61,1,-1,0
P3,post,filterbank_riemann_recentered,10,filterbank_csp_shrinkage_lda,3.5,2.5,3.5,62,1,-1,0
P3,post,filterbank_riemann_recentered,10,filterbank_csp_shrinkage_lda,3.5,2.5,3.5,63,1,-1,0
P3,post,filterbank_riemann_recentered,10,filterbank_csp_shrinkage_lda,3.5,2.5,3.5,64,-1,-1,1
P3,post,filterbank_riemann_recentered,10,filterbank_csp_shrinkage_lda,3.5,2.5,3.5,65,1,-1,0
P3,post,filterbank_riemann_recentered,10,filterbank_csp_shrinkage_lda,3.5,2.5,3.5,66,1,-1,0
P3,post,filterbank_riemann_recentered,10,filterbank_csp_shrinkage_lda,3.5,2.5,3.5,67,-1,-1,1
P3,post,filterbank_riemann_recentered,10,filterbank_csp_shrinkage_lda,3.5,2.5,3.5,68,-1,-1,1
P3,post,filterbank_riemann_recentered,10,filterbank_csp_shrinkage_lda,3.5,2.5,3.5,69,-1,-1,1
P3,post,filterbank_riemann_recentered,10,filterbank_csp_shrinkage_lda,3.5,2.5,3.5,70,1,-1,0
P3,post,filterbank_riemann_recentered,10,filterbank_csp_shrinkage_lda,3.5,2.5,3.5,71,1,-1,0
P3,post,filterbank_riemann_recentered,10,filterbank_csp_shrinkage_lda,3.5,2.5,3.5,72,1,-1,0
P3,post,filterbank_riemann_recentered,10,filterbank_csp_shrinkage_lda,3.5,2.5,3.5,73,1,-1,0
P3,post,filterbank_riemann_recentered,10,filterbank_csp_shrinkage_lda,3.5,2.5,3.5,74,1,-1,0
P3,post,filterbank_riemann_recentered,10,filterbank_csp_shrinkage_lda,3.5,2.5,3.5,75,-1,-1,1
P3,post,filterbank_riemann_recentered,10,filterbank_csp_shrinkage_lda,3.5,2.5,3.5,76,-1,-1,1
P3,post,filterbank_riemann_recentered,10,filterbank_csp_shrinkage_lda,3.5,2.5,3.5,77,-1,-1,1
P3,post,filterbank_riemann_recentered,10,filterbank_csp_shrinkage_lda,3.5,2.5,3.5,78,1,-1,0
P3,post,filterbank_riemann_recentered,10,filterbank_csp_shrinkage_lda,3.5,2.5,3.5,79,1,-1,0
P3,post,filterbank_riemann_recentered,10,filterbank_csp_shrinkage_lda,3.5,2.5,3.5,80,1,-1,0
P3,post,training_selected,10,filterbank_csp_shrinkage_lda,3.5,2.5,3.5,61,1,-1,0
P3,post,training_selected,10,filterbank_csp_shrinkage_lda,3.5,2.5,3.5,62,1,-1,0
P3,post,training_selected,10,filterbank_csp_shrinkage_lda,3.5,2.5,3.5,63,1,-1,0
P3,post,training_selected,10,filterbank_csp_shrinkage_lda,3.5,2.5,3.5,64,-1,-1,1
P3,post,training_selected,10,filterbank_csp_shrinkage_lda,3.5,2.5,3.5,65,1,-1,0
P3,post,training_selected,10,filterbank_csp_shrinkage_lda,3.5,2.5,3.5,66,1,-1,0
P3,post,training_selected,10,filterbank_csp_shrinkage_lda,3.5,2.5,3.5,67,-1,-1,1
P3,post,training_selected,10,filterbank_csp_shrinkage_lda,3.5,2.5,3.5,68,-1,-1,1
P3,post,training_selected,10,filterbank_csp_shrinkage_lda,3.5,2.5,3.5,69,-1,-1,1
P3,post,training_selected,10,filterbank_csp_shrinkage_lda,3.5,2.5,3.5,70,1,-1,0
P3,post,training_selected,10,filterbank_csp_shrinkage_lda,3.5,2.5,3.5,71,1,1,1
P3,post,training_selected,10,filterbank_csp_shrinkage_lda,3.5,2.5,3.5,72,1,1,1
P3,post,training_selected,10,filterbank_csp_shrinkage_lda,3.5,2.5,3.5,73,1,-1,0
P3,post,training_selected,10,filterbank_csp_shrinkage_lda,3.5,2.5,3.5,74,1,-1,0
P3,post,training_selected,10,filterbank_csp_shrinkage_lda,3.5,2.5,3.5,75,-1,-1,1
P3,post,training_selected,10,filterbank_csp_shrinkage_lda,3.5,2.5,3.5,76,-1,-1,1
P3,post,training_selected,10,filterbank_csp_shrinkage_lda,3.5,2.5,3.5,77,-1,-1,1
P3,post,training_selected,10,filterbank_csp_shrinkage_lda,3.5,2.5,3.5,78,1,1,1
P3,post,training_selected,10,filterbank_csp_shrinkage_lda,3.5,2.5,3.5,79,1,-1,0
P3,post,training_selected,10,filterbank_csp_shrinkage_lda,3.5,2.5,3.5,80,1,1,1
P3,post,calibration_majority,10,filterbank_csp_shrinkage_lda,3.5,2.5,3.5,61,1,-1,0
P3,post,calibration_majority,10,filterbank_csp_shrinkage_lda,3.5,2.5,3.5,62,1,-1,0
P3,post,calibration_majority,10,filterbank_csp_shrinkage_lda,3.5,2.5,3.5,63,1,-1,0
P3,post,calibration_majority,10,filterbank_csp_shrinkage_lda,3.5,2.5,3.5,64,-1,-1,1
P3,post,calibration_majority,10,filterbank_csp_shrinkage_lda,3.5,2.5,3.5,65,1,-1,0
P3,post,calibration_majority,10,filterbank_csp_shrinkage_lda,3.5,2.5,3.5,66,1,-1,0
P3,post,calibration_majority,10,filterbank_csp_shrinkage_lda,3.5,2.5,3.5,67,-1,-1,1
P3,post,calibration_majority,10,filterbank_csp_shrinkage_lda,3.5,2.5,3.5,68,-1,-1,1
P3,post,calibration_majority,10,filterbank_csp_shrinkage_lda,3.5,2.5,3.5,69,-1,-1,1
P3,post,calibration_majority,10,filterbank_csp_shrinkage_lda,3.5,2.5,3.5,70,1,-1,0
P3,post,calibration_majority,10,filterbank_csp_shrinkage_lda,3.5,2.5,3.5,71,1,-1,0
P3,post,calibration_majority,10,filterbank_csp_shrinkage_lda,3.5,2.5,3.5,72,1,-1,0
P3,post,calibration_majority,10,filterbank_csp_shrinkage_lda,3.5,2.5,3.5,73,1,-1,0
P3,post,calibration_majority,10,filterbank_csp_shrinkage_lda,3.5,2.5,3.5,74,1,-1,0
P3,post,calibration_majority,10,filterbank_csp_shrinkage_lda,3.5,2.5,3.5,75,-1,-1,1
P3,post,calibration_majority,10,filterbank_csp_shrinkage_lda,3.5,2.5,3.5,76,-1,-1,1
P3,post,calibration_majority,10,filterbank_csp_shrinkage_lda,3.5,2.5,3.5,77,-1,-1,1
P3,post,calibration_majority,10,filterbank_csp_shrinkage_lda,3.5,2.5,3.5,78,1,-1,0
P3,post,calibration_majority,10,filterbank_csp_shrinkage_lda,3.5,2.5,3.5,79,1,-1,0
P3,post,calibration_majority,10,filterbank_csp_shrinkage_lda,3.5,2.5,3.5,80,1,-1,0
P3,post,filterbank_csp_shrinkage_lda,20,filterbank_csp_shrinkage_lda,3.5,2.5,3.5,61,1,-1,0
P3,post,filterbank_csp_shrinkage_lda,20,filterbank_csp_shrinkage_lda,3.5,2.5,3.5,62,1,-1,0
P3,post,filterbank_csp_shrinkage_lda,20,filterbank_csp_shrinkage_lda,3.5,2.5,3.5,63,1,-1,0
P3,post,filterbank_csp_shrinkage_lda,20,filterbank_csp_shrinkage_lda,3.5,2.5,3.5,64,-1,-1,1
P3,post,filterbank_csp_shrinkage_lda,20,filterbank_csp_shrinkage_lda,3.5,2.5,3.5,65,1,-1,0
P3,post,filterbank_csp_shrinkage_lda,20,filterbank_csp_shrinkage_lda,3.5,2.5,3.5,66,1,-1,0
P3,post,filterbank_csp_shrinkage_lda,20,filterbank_csp_shrinkage_lda,3.5,2.5,3.5,67,-1,-1,1
P3,post,filterbank_csp_shrinkage_lda,20,filterbank_csp_shrinkage_lda,3.5,2.5,3.5,68,-1,-1,1
P3,post,filterbank_csp_shrinkage_lda,20,filterbank_csp_shrinkage_lda,3.5,2.5,3.5,69,-1,-1,1
P3,post,filterbank_csp_shrinkage_lda,20,filterbank_csp_shrinkage_lda,3.5,2.5,3.5,70,1,-1,0
P3,post,filterbank_csp_shrinkage_lda,20,filterbank_csp_shrinkage_lda,3.5,2.5,3.5,71,1,-1,0
P3,post,filterbank_csp_shrinkage_lda,20,filterbank_csp_shrinkage_lda,3.5,2.5,3.5,72,1,1,1
P3,post,filterbank_csp_shrinkage_lda,20,filterbank_csp_shrinkage_lda,3.5,2.5,3.5,73,1,-1,0
P3,post,filterbank_csp_shrinkage_lda,20,filterbank_csp_shrinkage_lda,3.5,2.5,3.5,74,1,-1,0
P3,post,filterbank_csp_shrinkage_lda,20,filterbank_csp_shrinkage_lda,3.5,2.5,3.5,75,-1,-1,1
P3,post,filterbank_csp_shrinkage_lda,20,filterbank_csp_shrinkage_lda,3.5,2.5,3.5,76,-1,-1,1
P3,post,filterbank_csp_shrinkage_lda,20,filterbank_csp_shrinkage_lda,3.5,2.5,3.5,77,-1,-1,1
P3,post,filterbank_csp_shrinkage_lda,20,filterbank_csp_shrinkage_lda,3.5,2.5,3.5,78,1,1,1
P3,post,filterbank_csp_shrinkage_lda,20,filterbank_csp_shrinkage_lda,3.5,2.5,3.5,79,1,-1,0
P3,post,filterbank_csp_shrinkage_lda,20,filterbank_csp_shrinkage_lda,3.5,2.5,3.5,80,1,1,1
P3,post,filterbank_riemann_recentered,20,filterbank_csp_shrinkage_lda,3.5,2.5,3.5,61,1,-1,0
P3,post,filterbank_riemann_recentered,20,filterbank_csp_shrinkage_lda,3.5,2.5,3.5,62,1,-1,0
P3,post,filterbank_riemann_recentered,20,filterbank_csp_shrinkage_lda,3.5,2.5,3.5,63,1,-1,0
P3,post,filterbank_riemann_recentered,20,filterbank_csp_shrinkage_lda,3.5,2.5,3.5,64,-1,-1,1
P3,post,filterbank_riemann_recentered,20,filterbank_csp_shrinkage_lda,3.5,2.5,3.5,65,1,-1,0
P3,post,filterbank_riemann_recentered,20,filterbank_csp_shrinkage_lda,3.5,2.5,3.5,66,1,-1,0
P3,post,filterbank_riemann_recentered,20,filterbank_csp_shrinkage_lda,3.5,2.5,3.5,67,-1,-1,1
P3,post,filterbank_riemann_recentered,20,filterbank_csp_shrinkage_lda,3.5,2.5,3.5,68,-1,-1,1
P3,post,filterbank_riemann_recentered,20,filterbank_csp_shrinkage_lda,3.5,2.5,3.5,69,-1,-1,1
P3,post,filterbank_riemann_recentered,20,filterbank_csp_shrinkage_lda,3.5,2.5,3.5,70,1,-1,0
P3,post,filterbank_riemann_recentered,20,filterbank_csp_shrinkage_lda,3.5,2.5,3.5,71,1,-1,0
P3,post,filterbank_riemann_recentered,20,filterbank_csp_shrinkage_lda,3.5,2.5,3.5,72,1,-1,0
P3,post,filterbank_riemann_recentered,20,filterbank_csp_shrinkage_lda,3.5,2.5,3.5,73,1,-1,0
P3,post,filterbank_riemann_recentered,20,filterbank_csp_shrinkage_lda,3.5,2.5,3.5,74,1,-1,0
P3,post,filterbank_riemann_recentered,20,filterbank_csp_shrinkage_lda,3.5,2.5,3.5,75,-1,-1,1
P3,post,filterbank_riemann_recentered,20,filterbank_csp_shrinkage_lda,3.5,2.5,3.5,76,-1,-1,1
P3,post,filterbank_riemann_recentered,20,filterbank_csp_shrinkage_lda,3.5,2.5,3.5,77,-1,-1,1
P3,post,filterbank_riemann_recentered,20,filterbank_csp_shrinkage_lda,3.5,2.5,3.5,78,1,-1,0
P3,post,filterbank_riemann_recentered,20,filterbank_csp_shrinkage_lda,3.5,2.5,3.5,79,1,-1,0
P3,post,filterbank_riemann_recentered,20,filterbank_csp_shrinkage_lda,3.5,2.5,3.5,80,1,1,1
P3,post,training_selected,20,filterbank_csp_shrinkage_lda,3.5,2.5,3.5,61,1,-1,0
P3,post,training_selected,20,filterbank_csp_shrinkage_lda,3.5,2.5,3.5,62,1,-1,0
P3,post,training_selected,20,filterbank_csp_shrinkage_lda,3.5,2.5,3.5,63,1,-1,0
P3,post,training_selected,20,filterbank_csp_shrinkage_lda,3.5,2.5,3.5,64,-1,-1,1
P3,post,training_selected,20,filterbank_csp_shrinkage_lda,3.5,2.5,3.5,65,1,-1,0
P3,post,training_selected,20,filterbank_csp_shrinkage_lda,3.5,2.5,3.5,66,1,-1,0
P3,post,training_selected,20,filterbank_csp_shrinkage_lda,3.5,2.5,3.5,67,-1,-1,1
P3,post,training_selected,20,filterbank_csp_shrinkage_lda,3.5,2.5,3.5,68,-1,-1,1
P3,post,training_selected,20,filterbank_csp_shrinkage_lda,3.5,2.5,3.5,69,-1,-1,1
P3,post,training_selected,20,filterbank_csp_shrinkage_lda,3.5,2.5,3.5,70,1,-1,0
P3,post,training_selected,20,filterbank_csp_shrinkage_lda,3.5,2.5,3.5,71,1,-1,0
P3,post,training_selected,20,filterbank_csp_shrinkage_lda,3.5,2.5,3.5,72,1,1,1
P3,post,training_selected,20,filterbank_csp_shrinkage_lda,3.5,2.5,3.5,73,1,-1,0
P3,post,training_selected,20,filterbank_csp_shrinkage_lda,3.5,2.5,3.5,74,1,-1,0
P3,post,training_selected,20,filterbank_csp_shrinkage_lda,3.5,2.5,3.5,75,-1,-1,1
P3,post,training_selected,20,filterbank_csp_shrinkage_lda,3.5,2.5,3.5,76,-1,-1,1
P3,post,training_selected,20,filterbank_csp_shrinkage_lda,3.5,2.5,3.5,77,-1,-1,1
P3,post,training_selected,20,filterbank_csp_shrinkage_lda,3.5,2.5,3.5,78,1,1,1
P3,post,training_selected,20,filterbank_csp_shrinkage_lda,3.5,2.5,3.5,79,1,-1,0
P3,post,training_selected,20,filterbank_csp_shrinkage_lda,3.5,2.5,3.5,80,1,1,1
P3,post,calibration_majority,20,filterbank_csp_shrinkage_lda,3.5,2.5,3.5,61,1,-1,0
P3,post,calibration_majority,20,filterbank_csp_shrinkage_lda,3.5,2.5,3.5,62,1,-1,0
P3,post,calibration_majority,20,filterbank_csp_shrinkage_lda,3.5,2.5,3.5,63,1,-1,0
P3,post,calibration_majority,20,filterbank_csp_shrinkage_lda,3.5,2.5,3.5,64,-1,-1,1
P3,post,calibration_majority,20,filterbank_csp_shrinkage_lda,3.5,2.5,3.5,65,1,-1,0
P3,post,calibration_majority,20,filterbank_csp_shrinkage_lda,3.5,2.5,3.5,66,1,-1,0
P3,post,calibration_majority,20,filterbank_csp_shrinkage_lda,3.5,2.5,3.5,67,-1,-1,1
P3,post,calibration_majority,20,filterbank_csp_shrinkage_lda,3.5,2.5,3.5,68,-1,-1,1
P3,post,calibration_majority,20,filterbank_csp_shrinkage_lda,3.5,2.5,3.5,69,-1,-1,1
P3,post,calibration_majority,20,filterbank_csp_shrinkage_lda,3.5,2.5,3.5,70,1,-1,0
P3,post,calibration_majority,20,filterbank_csp_shrinkage_lda,3.5,2.5,3.5,71,1,-1,0
P3,post,calibration_majority,20,filterbank_csp_shrinkage_lda,3.5,2.5,3.5,72,1,-1,0
P3,post,calibration_majority,20,filterbank_csp_shrinkage_lda,3.5,2.5,3.5,73,1,-1,0
P3,post,calibration_majority,20,filterbank_csp_shrinkage_lda,3.5,2.5,3.5,74,1,-1,0
P3,post,calibration_majority,20,filterbank_csp_shrinkage_lda,3.5,2.5,3.5,75,-1,-1,1
P3,post,calibration_majority,20,filterbank_csp_shrinkage_lda,3.5,2.5,3.5,76,-1,-1,1
P3,post,calibration_majority,20,filterbank_csp_shrinkage_lda,3.5,2.5,3.5,77,-1,-1,1
P3,post,calibration_majority,20,filterbank_csp_shrinkage_lda,3.5,2.5,3.5,78,1,-1,0
P3,post,calibration_majority,20,filterbank_csp_shrinkage_lda,3.5,2.5,3.5,79,1,-1,0
P3,post,calibration_majority,20,filterbank_csp_shrinkage_lda,3.5,2.5,3.5,80,1,-1,0
P3,post,filterbank_csp_shrinkage_lda,40,filterbank_csp_shrinkage_lda,3.5,2.5,3.5,61,1,-1,0
P3,post,filterbank_csp_shrinkage_lda,40,filterbank_csp_shrinkage_lda,3.5,2.5,3.5,62,1,-1,0
P3,post,filterbank_csp_shrinkage_lda,40,filterbank_csp_shrinkage_lda,3.5,2.5,3.5,63,1,-1,0
P3,post,filterbank_csp_shrinkage_lda,40,filterbank_csp_shrinkage_lda,3.5,2.5,3.5,64,-1,1,0
P3,post,filterbank_csp_shrinkage_lda,40,filterbank_csp_shrinkage_lda,3.5,2.5,3.5,65,1,-1,0
P3,post,filterbank_csp_shrinkage_lda,40,filterbank_csp_shrinkage_lda,3.5,2.5,3.5,66,1,-1,0
P3,post,filterbank_csp_shrinkage_lda,40,filterbank_csp_shrinkage_lda,3.5,2.5,3.5,67,-1,-1,1
P3,post,filterbank_csp_shrinkage_lda,40,filterbank_csp_shrinkage_lda,3.5,2.5,3.5,68,-1,-1,1
P3,post,filterbank_csp_shrinkage_lda,40,filterbank_csp_shrinkage_lda,3.5,2.5,3.5,69,-1,-1,1
P3,post,filterbank_csp_shrinkage_lda,40,filterbank_csp_shrinkage_lda,3.5,2.5,3.5,70,1,1,1
P3,post,filterbank_csp_shrinkage_lda,40,filterbank_csp_shrinkage_lda,3.5,2.5,3.5,71,1,1,1
P3,post,filterbank_csp_shrinkage_lda,40,filterbank_csp_shrinkage_lda,3.5,2.5,3.5,72,1,1,1
P3,post,filterbank_csp_shrinkage_lda,40,filterbank_csp_shrinkage_lda,3.5,2.5,3.5,73,1,-1,0
P3,post,filterbank_csp_shrinkage_lda,40,filterbank_csp_shrinkage_lda,3.5,2.5,3.5,74,1,-1,0
P3,post,filterbank_csp_shrinkage_lda,40,filterbank_csp_shrinkage_lda,3.5,2.5,3.5,75,-1,-1,1
P3,post,filterbank_csp_shrinkage_lda,40,filterbank_csp_shrinkage_lda,3.5,2.5,3.5,76,-1,-1,1
P3,post,filterbank_csp_shrinkage_lda,40,filterbank_csp_shrinkage_lda,3.5,2.5,3.5,77,-1,-1,1
P3,post,filterbank_csp_shrinkage_lda,40,filterbank_csp_shrinkage_lda,3.5,2.5,3.5,78,1,1,1
P3,post,filterbank_csp_shrinkage_lda,40,filterbank_csp_shrinkage_lda,3.5,2.5,3.5,79,1,1,1
P3,post,filterbank_csp_shrinkage_lda,40,filterbank_csp_shrinkage_lda,3.5,2.5,3.5,80,1,1,1
P3,post,filterbank_riemann_recentered,40,filterbank_csp_shrinkage_lda,3.5,2.5,3.5,61,1,-1,0
P3,post,filterbank_riemann_recentered,40,filterbank_csp_shrinkage_lda,3.5,2.5,3.5,62,1,-1,0
P3,post,filterbank_riemann_recentered,40,filterbank_csp_shrinkage_lda,3.5,2.5,3.5,63,1,-1,0
P3,post,filterbank_riemann_recentered,40,filterbank_csp_shrinkage_lda,3.5,2.5,3.5,64,-1,-1,1
P3,post,filterbank_riemann_recentered,40,filterbank_csp_shrinkage_lda,3.5,2.5,3.5,65,1,-1,0
P3,post,filterbank_riemann_recentered,40,filterbank_csp_shrinkage_lda,3.5,2.5,3.5,66,1,-1,0
P3,post,filterbank_riemann_recentered,40,filterbank_csp_shrinkage_lda,3.5,2.5,3.5,67,-1,-1,1
P3,post,filterbank_riemann_recentered,40,filterbank_csp_shrinkage_lda,3.5,2.5,3.5,68,-1,-1,1
P3,post,filterbank_riemann_recentered,40,filterbank_csp_shrinkage_lda,3.5,2.5,3.5,69,-1,-1,1
P3,post,filterbank_riemann_recentered,40,filterbank_csp_shrinkage_lda,3.5,2.5,3.5,70,1,1,1
P3,post,filterbank_riemann_recentered,40,filterbank_csp_shrinkage_lda,3.5,2.5,3.5,71,1,1,1
P3,post,filterbank_riemann_recentered,40,filterbank_csp_shrinkage_lda,3.5,2.5,3.5,72,1,1,1
P3,post,filterbank_riemann_recentered,40,filterbank_csp_shrinkage_lda,3.5,2.5,3.5,73,1,-1,0
P3,post,filterbank_riemann_recentered,40,filterbank_csp_shrinkage_lda,3.5,2.5,3.5,74,1,-1,0
P3,post,filterbank_riemann_recentered,40,filterbank_csp_shrinkage_lda,3.5,2.5,3.5,75,-1,-1,1
P3,post,filterbank_riemann_recentered,40,filterbank_csp_shrinkage_lda,3.5,2.5,3.5,76,-1,-1,1
P3,post,filterbank_riemann_recentered,40,filterbank_csp_shrinkage_lda,3.5,2.5,3.5,77,-1,-1,1
P3,post,filterbank_riemann_recentered,40,filterbank_csp_shrinkage_lda,3.5,2.5,3.5,78,1,-1,0
P3,post,filterbank_riemann_recentered,40,filterbank_csp_shrinkage_lda,3.5,2.5,3.5,79,1,-1,0
P3,post,filterbank_riemann_recentered,40,filterbank_csp_shrinkage_lda,3.5,2.5,3.5,80,1,1,1
P3,post,training_selected,40,filterbank_csp_shrinkage_lda,3.5,2.5,3.5,61,1,-1,0
P3,post,training_selected,40,filterbank_csp_shrinkage_lda,3.5,2.5,3.5,62,1,-1,0
P3,post,training_selected,40,filterbank_csp_shrinkage_lda,3.5,2.5,3.5,63,1,-1,0
P3,post,training_selected,40,filterbank_csp_shrinkage_lda,3.5,2.5,3.5,64,-1,1,0
P3,post,training_selected,40,filterbank_csp_shrinkage_lda,3.5,2.5,3.5,65,1,-1,0
P3,post,training_selected,40,filterbank_csp_shrinkage_lda,3.5,2.5,3.5,66,1,-1,0
P3,post,training_selected,40,filterbank_csp_shrinkage_lda,3.5,2.5,3.5,67,-1,-1,1
P3,post,training_selected,40,filterbank_csp_shrinkage_lda,3.5,2.5,3.5,68,-1,-1,1
P3,post,training_selected,40,filterbank_csp_shrinkage_lda,3.5,2.5,3.5,69,-1,-1,1
P3,post,training_selected,40,filterbank_csp_shrinkage_lda,3.5,2.5,3.5,70,1,1,1
P3,post,training_selected,40,filterbank_csp_shrinkage_lda,3.5,2.5,3.5,71,1,1,1
P3,post,training_selected,40,filterbank_csp_shrinkage_lda,3.5,2.5,3.5,72,1,1,1
P3,post,training_selected,40,filterbank_csp_shrinkage_lda,3.5,2.5,3.5,73,1,-1,0
P3,post,training_selected,40,filterbank_csp_shrinkage_lda,3.5,2.5,3.5,74,1,-1,0
P3,post,training_selected,40,filterbank_csp_shrinkage_lda,3.5,2.5,3.5,75,-1,-1,1
P3,post,training_selected,40,filterbank_csp_shrinkage_lda,3.5,2.5,3.5,76,-1,-1,1
P3,post,training_selected,40,filterbank_csp_shrinkage_lda,3.5,2.5,3.5,77,-1,-1,1
P3,post,training_selected,40,filterbank_csp_shrinkage_lda,3.5,2.5,3.5,78,1,1,1
P3,post,training_selected,40,filterbank_csp_shrinkage_lda,3.5,2.5,3.5,79,1,1,1
P3,post,training_selected,40,filterbank_csp_shrinkage_lda,3.5,2.5,3.5,80,1,1,1
P3,post,calibration_majority,40,filterbank_csp_shrinkage_lda,3.5,2.5,3.5,61,1,-1,0
P3,post,calibration_majority,40,filterbank_csp_shrinkage_lda,3.5,2.5,3.5,62,1,-1,0
P3,post,calibration_majority,40,filterbank_csp_shrinkage_lda,3.5,2.5,3.5,63,1,-1,0
P3,post,calibration_majority,40,filterbank_csp_shrinkage_lda,3.5,2.5,3.5,64,-1,-1,1
P3,post,calibration_majority,40,filterbank_csp_shrinkage_lda,3.5,2.5,3.5,65,1,-1,0
P3,post,calibration_majority,40,filterbank_csp_shrinkage_lda,3.5,2.5,3.5,66,1,-1,0
P3,post,calibration_majority,40,filterbank_csp_shrinkage_lda,3.5,2.5,3.5,67,-1,-1,1
P3,post,calibration_majority,40,filterbank_csp_shrinkage_lda,3.5,2.5,3.5,68,-1,-1,1
P3,post,calibration_majority,40,filterbank_csp_shrinkage_lda,3.5,2.5,3.5,69,-1,-1,1
P3,post,calibration_majority,40,filterbank_csp_shrinkage_lda,3.5,2.5,3.5,70,1,-1,0
P3,post,calibration_majority,40,filterbank_csp_shrinkage_lda,3.5,2.5,3.5,71,1,-1,0
P3,post,calibration_majority,40,filterbank_csp_shrinkage_lda,3.5,2.5,3.5,72,1,-1,0
P3,post,calibration_majority,40,filterbank_csp_shrinkage_lda,3.5,2.5,3.5,73,1,-1,0
P3,post,calibration_majority,40,filterbank_csp_shrinkage_lda,3.5,2.5,3.5,74,1,-1,0
P3,post,calibration_majority,40,filterbank_csp_shrinkage_lda,3.5,2.5,3.5,75,-1,-1,1
P3,post,calibration_majority,40,filterbank_csp_shrinkage_lda,3.5,2.5,3.5,76,-1,-1,1
P3,post,calibration_majority,40,filterbank_csp_shrinkage_lda,3.5,2.5,3.5,77,-1,-1,1
P3,post,calibration_majority,40,filterbank_csp_shrinkage_lda,3.5,2.5,3.5,78,1,-1,0
P3,post,calibration_majority,40,filterbank_csp_shrinkage_lda,3.5,2.5,3.5,79,1,-1,0
P3,post,calibration_majority,40,filterbank_csp_shrinkage_lda,3.5,2.5,3.5,80,1,-1,0
P3,post,filterbank_csp_shrinkage_lda,60,filterbank_csp_shrinkage_lda,3.5,2.5,3.5,61,1,-1,0
P3,post,filterbank_csp_shrinkage_lda,60,filterbank_csp_shrinkage_lda,3.5,2.5,3.5,62,1,1,1
P3,post,filterbank_csp_shrinkage_lda,60,filterbank_csp_shrinkage_lda,3.5,2.5,3.5,63,1,-1,0
P3,post,filterbank_csp_shrinkage_lda,60,filterbank_csp_shrinkage_lda,3.5,2.5,3.5,64,-1,-1,1
P3,post,filterbank_csp_shrinkage_lda,60,filterbank_csp_shrinkage_lda,3.5,2.5,3.5,65,1,-1,0
P3,post,filterbank_csp_shrinkage_lda,60,filterbank_csp_shrinkage_lda,3.5,2.5,3.5,66,1,-1,0
P3,post,filterbank_csp_shrinkage_lda,60,filterbank_csp_shrinkage_lda,3.5,2.5,3.5,67,-1,1,0
P3,post,filterbank_csp_shrinkage_lda,60,filterbank_csp_shrinkage_lda,3.5,2.5,3.5,68,-1,-1,1
P3,post,filterbank_csp_shrinkage_lda,60,filterbank_csp_shrinkage_lda,3.5,2.5,3.5,69,-1,1,0
P3,post,filterbank_csp_shrinkage_lda,60,filterbank_csp_shrinkage_lda,3.5,2.5,3.5,70,1,1,1
P3,post,filterbank_csp_shrinkage_lda,60,filterbank_csp_shrinkage_lda,3.5,2.5,3.5,71,1,1,1
P3,post,filterbank_csp_shrinkage_lda,60,filterbank_csp_shrinkage_lda,3.5,2.5,3.5,72,1,-1,0
P3,post,filterbank_csp_shrinkage_lda,60,filterbank_csp_shrinkage_lda,3.5,2.5,3.5,73,1,1,1
P3,post,filterbank_csp_shrinkage_lda,60,filterbank_csp_shrinkage_lda,3.5,2.5,3.5,74,1,-1,0
P3,post,filterbank_csp_shrinkage_lda,60,filterbank_csp_shrinkage_lda,3.5,2.5,3.5,75,-1,-1,1
P3,post,filterbank_csp_shrinkage_lda,60,filterbank_csp_shrinkage_lda,3.5,2.5,3.5,76,-1,-1,1
P3,post,filterbank_csp_shrinkage_lda,60,filterbank_csp_shrinkage_lda,3.5,2.5,3.5,77,-1,-1,1
P3,post,filterbank_csp_shrinkage_lda,60,filterbank_csp_shrinkage_lda,3.5,2.5,3.5,78,1,-1,0
P3,post,filterbank_csp_shrinkage_lda,60,filterbank_csp_shrinkage_lda,3.5,2.5,3.5,79,1,1,1
P3,post,filterbank_csp_shrinkage_lda,60,filterbank_csp_shrinkage_lda,3.5,2.5,3.5,80,1,1,1
P3,post,filterbank_riemann_recentered,60,filterbank_csp_shrinkage_lda,3.5,2.5,3.5,61,1,-1,0
P3,post,filterbank_riemann_recentered,60,filterbank_csp_shrinkage_lda,3.5,2.5,3.5,62,1,1,1
P3,post,filterbank_riemann_recentered,60,filterbank_csp_shrinkage_lda,3.5,2.5,3.5,63,1,-1,0
P3,post,filterbank_riemann_recentered,60,filterbank_csp_shrinkage_lda,3.5,2.5,3.5,64,-1,-1,1
P3,post,filterbank_riemann_recentered,60,filterbank_csp_shrinkage_lda,3.5,2.5,3.5,65,1,-1,0
P3,post,filterbank_riemann_recentered,60,filterbank_csp_shrinkage_lda,3.5,2.5,3.5,66,1,-1,0
P3,post,filterbank_riemann_recentered,60,filterbank_csp_shrinkage_lda,3.5,2.5,3.5,67,-1,1,0
P3,post,filterbank_riemann_recentered,60,filterbank_csp_shrinkage_lda,3.5,2.5,3.5,68,-1,-1,1
P3,post,filterbank_riemann_recentered,60,filterbank_csp_shrinkage_lda,3.5,2.5,3.5,69,-1,1,0
P3,post,filterbank_riemann_recentered,60,filterbank_csp_shrinkage_lda,3.5,2.5,3.5,70,1,1,1
P3,post,filterbank_riemann_recentered,60,filterbank_csp_shrinkage_lda,3.5,2.5,3.5,71,1,1,1
P3,post,filterbank_riemann_recentered,60,filterbank_csp_shrinkage_lda,3.5,2.5,3.5,72,1,1,1
P3,post,filterbank_riemann_recentered,60,filterbank_csp_shrinkage_lda,3.5,2.5,3.5,73,1,-1,0
P3,post,filterbank_riemann_recentered,60,filterbank_csp_shrinkage_lda,3.5,2.5,3.5,74,1,-1,0
P3,post,filterbank_riemann_recentered,60,filterbank_csp_shrinkage_lda,3.5,2.5,3.5,75,-1,-1,1
P3,post,filterbank_riemann_recentered,60,filterbank_csp_shrinkage_lda,3.5,2.5,3.5,76,-1,-1,1
P3,post,filterbank_riemann_recentered,60,filterbank_csp_shrinkage_lda,3.5,2.5,3.5,77,-1,-1,1
P3,post,filterbank_riemann_recentered,60,filterbank_csp_shrinkage_lda,3.5,2.5,3.5,78,1,-1,0
P3,post,filterbank_riemann_recentered,60,filterbank_csp_shrinkage_lda,3.5,2.5,3.5,79,1,-1,0
P3,post,filterbank_riemann_recentered,60,filterbank_csp_shrinkage_lda,3.5,2.5,3.5,80,1,1,1
P3,post,training_selected,60,filterbank_csp_shrinkage_lda,3.5,2.5,3.5,61,1,-1,0
P3,post,training_selected,60,filterbank_csp_shrinkage_lda,3.5,2.5,3.5,62,1,1,1
P3,post,training_selected,60,filterbank_csp_shrinkage_lda,3.5,2.5,3.5,63,1,-1,0
P3,post,training_selected,60,filterbank_csp_shrinkage_lda,3.5,2.5,3.5,64,-1,-1,1
P3,post,training_selected,60,filterbank_csp_shrinkage_lda,3.5,2.5,3.5,65,1,-1,0
P3,post,training_selected,60,filterbank_csp_shrinkage_lda,3.5,2.5,3.5,66,1,-1,0
P3,post,training_selected,60,filterbank_csp_shrinkage_lda,3.5,2.5,3.5,67,-1,1,0
P3,post,training_selected,60,filterbank_csp_shrinkage_lda,3.5,2.5,3.5,68,-1,-1,1
P3,post,training_selected,60,filterbank_csp_shrinkage_lda,3.5,2.5,3.5,69,-1,1,0
P3,post,training_selected,60,filterbank_csp_shrinkage_lda,3.5,2.5,3.5,70,1,1,1
P3,post,training_selected,60,filterbank_csp_shrinkage_lda,3.5,2.5,3.5,71,1,1,1
P3,post,training_selected,60,filterbank_csp_shrinkage_lda,3.5,2.5,3.5,72,1,-1,0
P3,post,training_selected,60,filterbank_csp_shrinkage_lda,3.5,2.5,3.5,73,1,1,1
P3,post,training_selected,60,filterbank_csp_shrinkage_lda,3.5,2.5,3.5,74,1,-1,0
P3,post,training_selected,60,filterbank_csp_shrinkage_lda,3.5,2.5,3.5,75,-1,-1,1
P3,post,training_selected,60,filterbank_csp_shrinkage_lda,3.5,2.5,3.5,76,-1,-1,1
P3,post,training_selected,60,filterbank_csp_shrinkage_lda,3.5,2.5,3.5,77,-1,-1,1
P3,post,training_selected,60,filterbank_csp_shrinkage_lda,3.5,2.5,3.5,78,1,-1,0
P3,post,training_selected,60,filterbank_csp_shrinkage_lda,3.5,2.5,3.5,79,1,1,1
P3,post,training_selected,60,filterbank_csp_shrinkage_lda,3.5,2.5,3.5,80,1,1,1
P3,post,calibration_majority,60,filterbank_csp_shrinkage_lda,3.5,2.5,3.5,61,1,-1,0
P3,post,calibration_majority,60,filterbank_csp_shrinkage_lda,3.5,2.5,3.5,62,1,-1,0
P3,post,calibration_majority,60,filterbank_csp_shrinkage_lda,3.5,2.5,3.5,63,1,-1,0
P3,post,calibration_majority,60,filterbank_csp_shrinkage_lda,3.5,2.5,3.5,64,-1,-1,1
P3,post,calibration_majority,60,filterbank_csp_shrinkage_lda,3.5,2.5,3.5,65,1,-1,0
P3,post,calibration_majority,60,filterbank_csp_shrinkage_lda,3.5,2.5,3.5,66,1,-1,0
P3,post,calibration_majority,60,filterbank_csp_shrinkage_lda,3.5,2.5,3.5,67,-1,-1,1
P3,post,calibration_majority,60,filterbank_csp_shrinkage_lda,3.5,2.5,3.5,68,-1,-1,1
P3,post,calibration_majority,60,filterbank_csp_shrinkage_lda,3.5,2.5,3.5,69,-1,-1,1
P3,post,calibration_majority,60,filterbank_csp_shrinkage_lda,3.5,2.5,3.5,70,1,-1,0
P3,post,calibration_majority,60,filterbank_csp_shrinkage_lda,3.5,2.5,3.5,71,1,-1,0
P3,post,calibration_majority,60,filterbank_csp_shrinkage_lda,3.5,2.5,3.5,72,1,-1,0
P3,post,calibration_majority,60,filterbank_csp_shrinkage_lda,3.5,2.5,3.5,73,1,-1,0
P3,post,calibration_majority,60,filterbank_csp_shrinkage_lda,3.5,2.5,3.5,74,1,-1,0
P3,post,calibration_majority,60,filterbank_csp_shrinkage_lda,3.5,2.5,3.5,75,-1,-1,1
P3,post,calibration_majority,60,filterbank_csp_shrinkage_lda,3.5,2.5,3.5,76,-1,-1,1
P3,post,calibration_majority,60,filterbank_csp_shrinkage_lda,3.5,2.5,3.5,77,-1,-1,1
P3,post,calibration_majority,60,filterbank_csp_shrinkage_lda,3.5,2.5,3.5,78,1,-1,0
P3,post,calibration_majority,60,filterbank_csp_shrinkage_lda,3.5,2.5,3.5,79,1,-1,0
P3,post,calibration_majority,60,filterbank_csp_shrinkage_lda,3.5,2.5,3.5,80,1,-1,0
